scenario_id,source,source_report_id,violation_type,difficulty,parent_scenario_id,is_synthetic,construction_seed
NHTSA_INA_0001,NHTSA-derived,NHTSA_INA_0001,Inattention to the road ahead,fine,,0,
NHTSA_INA_0002,NHTSA-derived,NHTSA_INA_0002,Inattention to the road ahead,fine,,0,
NHTSA_INA_0003,NHTSA-derived,NHTSA_INA_0003,Inattention to the road ahead,fine,,0,
NHTSA_INA_0004,NHTSA-derived,NHTSA_INA_0004,Inattention to the road ahead,fine,,0,
NHTSA_INA_0005,NHTSA-derived,NHTSA_INA_0005,Inattention to the road ahead,fine,,0,
NHTSA_INA_0006,NHTSA-derived,NHTSA_INA_0006,Inattention to the road ahead,fine,,0,
NHTSA_INA_0007,NHTSA-derived,NHTSA_INA_0007,Inattention to the road ahead,fine,,0,
NHTSA_INA_0008,NHTSA-derived,NHTSA_INA_0008,Inattention to the road ahead,fine,,0,
NHTSA_INA_0009,NHTSA-derived,NHTSA_INA_0009,Inattention to the road ahead,fine,,0,
NHTSA_INA_0010,NHTSA-derived,NHTSA_INA_0010,Inattention to the road ahead,fine,,0,
NHTSA_INA_0011,NHTSA-derived,NHTSA_INA_0011,Inattention to the road ahead,fine,,0,
NHTSA_INA_0012,NHTSA-derived,NHTSA_INA_0012,Inattention to the road ahead,fine,,0,
NHTSA_INA_0013,NHTSA-derived,NHTSA_INA_0013,Inattention to the road ahead,fine,,0,
NHTSA_INA_0014,NHTSA-derived,NHTSA_INA_0014,Inattention to the road ahead,fine,,0,
NHTSA_INA_0015,NHTSA-derived,NHTSA_INA_0015,Inattention to the road ahead,fine,,0,
NHTSA_INA_0016,NHTSA-derived,NHTSA_INA_0016,Inattention to the road ahead,fine,,0,
NHTSA_INA_0017,NHTSA-derived,NHTSA_INA_0017,Inattention to the road ahead,fine,,0,
NHTSA_INA_0018,NHTSA-derived,NHTSA_INA_0018,Inattention to the road ahead,fine,,0,
NHTSA_INA_0019,NHTSA-derived,NHTSA_INA_0019,Inattention to the road ahead,fine,,0,
NHTSA_INA_0020,NHTSA-derived,NHTSA_INA_0020,Inattention to the road ahead,fine,,0,
NHTSA_INA_0021,NHTSA-derived,NHTSA_INA_0021,Inattention to the road ahead,fine,,0,
NHTSA_INA_0022,NHTSA-derived,NHTSA_INA_0022,Inattention to the road ahead,fine,,0,
NHTSA_INA_0023,NHTSA-derived,NHTSA_INA_0023,Inattention to the road ahead,fine,,0,
NHTSA_INA_0024,NHTSA-derived,NHTSA_INA_0024,Inattention to the road ahead,fine,,0,
NHTSA_INA_0025,NHTSA-derived,NHTSA_INA_0025,Inattention to the road ahead,fine,,0,
NHTSA_INA_0026,NHTSA-derived,NHTSA_INA_0026,Inattention to the road ahead,fine,,0,
NHTSA_INA_0027,NHTSA-derived,NHTSA_INA_0027,Inattention to the road ahead,fine,,0,
NHTSA_INA_0028,NHTSA-derived,NHTSA_INA_0028,Inattention to the road ahead,fine,,0,
NHTSA_INA_0029,NHTSA-derived,NHTSA_INA_0029,Inattention to the road ahead,fine,,0,
NHTSA_INA_0030,NHTSA-derived,NHTSA_INA_0030,Inattention to the road ahead,fine,,0,
NHTSA_INA_0031,NHTSA-derived,NHTSA_INA_0031,Inattention to the road ahead,fine,,0,
NHTSA_INA_0032,NHTSA-derived,NHTSA_INA_0032,Inattention to the road ahead,fine,,0,
NHTSA_INA_0033,NHTSA-derived,NHTSA_INA_0033,Inattention to the road ahead,fine,,0,
NHTSA_INA_0034,NHTSA-derived,NHTSA_INA_0034,Inattention to the road ahead,fine,,0,
NHTSA_INA_0035,NHTSA-derived,NHTSA_INA_0035,Inattention to the road ahead,fine,,0,
NHTSA_INA_0036,NHTSA-derived,NHTSA_INA_0036,Inattention to the road ahead,fine,,0,
NHTSA_INA_0037,NHTSA-derived,NHTSA_INA_0037,Inattention to the road ahead,fine,,0,
NHTSA_INA_0038,NHTSA-derived,NHTSA_INA_0038,Inattention to the road ahead,fine,,0,
NHTSA_INA_0039,NHTSA-derived,NHTSA_INA_0039,Inattention to the road ahead,fine,,0,
NHTSA_INA_0040,NHTSA-derived,NHTSA_INA_0040,Inattention to the road ahead,fine,,0,
NHTSA_INA_0041,NHTSA-derived,NHTSA_INA_0041,Inattention to the road ahead,fine,,0,
NHTSA_INA_0042,NHTSA-derived,NHTSA_INA_0042,Inattention to the road ahead,fine,,0,
NHTSA_INA_0043,NHTSA-derived,NHTSA_INA_0043,Inattention to the road ahead,fine,,0,
NHTSA_INA_0044,NHTSA-derived,NHTSA_INA_0044,Inattention to the road ahead,fine,,0,
NHTSA_INA_0045,NHTSA-derived,NHTSA_INA_0045,Inattention to the road ahead,fine,,0,
NHTSA_INA_0046,NHTSA-derived,NHTSA_INA_0046,Inattention to the road ahead,fine,,0,
NHTSA_INA_0047,NHTSA-derived,NHTSA_INA_0047,Inattention to the road ahead,fine,,0,
NHTSA_INA_0048,NHTSA-derived,NHTSA_INA_0048,Inattention to the road ahead,fine,,0,
NHTSA_INA_0049,NHTSA-derived,NHTSA_INA_0049,Inattention to the road ahead,fine,,0,
NHTSA_INA_0050,NHTSA-derived,NHTSA_INA_0050,Inattention to the road ahead,fine,,0,
NHTSA_INA_0051,NHTSA-derived,NHTSA_INA_0051,Inattention to the road ahead,fine,,0,
NHTSA_INA_0052,NHTSA-derived,NHTSA_INA_0052,Inattention to the road ahead,fine,,0,
NHTSA_INA_0053,NHTSA-derived,NHTSA_INA_0053,Inattention to the road ahead,fine,,0,
NHTSA_INA_0054,NHTSA-derived,NHTSA_INA_0054,Inattention to the road ahead,fine,,0,
NHTSA_INA_0055,NHTSA-derived,NHTSA_INA_0055,Inattention to the road ahead,fine,,0,
NHTSA_INA_0056,NHTSA-derived,NHTSA_INA_0056,Inattention to the road ahead,fine,,0,
NHTSA_INA_0057,NHTSA-derived,NHTSA_INA_0057,Inattention to the road ahead,fine,,0,
NHTSA_INA_0058,NHTSA-derived,NHTSA_INA_0058,Inattention to the road ahead,fine,,0,
NHTSA_INA_0059,NHTSA-derived,NHTSA_INA_0059,Inattention to the road ahead,fine,,0,
NHTSA_INA_0060,NHTSA-derived,NHTSA_INA_0060,Inattention to the road ahead,fine,,0,
NHTSA_INA_0061,NHTSA-derived,NHTSA_INA_0061,Inattention to the road ahead,fine,,0,
NHTSA_INA_0062,NHTSA-derived,NHTSA_INA_0062,Inattention to the road ahead,fine,,0,
NHTSA_INA_0063,NHTSA-derived,NHTSA_INA_0063,Inattention to the road ahead,coarse,,0,
NHTSA_INA_0064,NHTSA-derived,NHTSA_INA_0064,Inattention to the road ahead,coarse,,0,
NHTSA_INA_0065,NHTSA-derived,NHTSA_INA_0065,Inattention to the road ahead,coarse,,0,
NHTSA_INA_0066,NHTSA-derived,NHTSA_INA_0066,Inattention to the road ahead,coarse,,0,
NHTSA_INA_0067,NHTSA-derived,NHTSA_INA_0067,Inattention to the road ahead,coarse,,0,
NHTSA_INA_0068,NHTSA-derived,NHTSA_INA_0068,Inattention to the road ahead,coarse,,0,
NHTSA_INA_0069,NHTSA-derived,NHTSA_INA_0069,Inattention to the road ahead,coarse,,0,
NHTSA_INA_0070,NHTSA-derived,NHTSA_INA_0070,Inattention to the road ahead,coarse,,0,
NHTSA_INA_0071,NHTSA-derived,NHTSA_INA_0071,Inattention to the road ahead,coarse,,0,
NHTSA_INA_0072,NHTSA-derived,NHTSA_INA_0072,Inattention to the road ahead,coarse,,0,
NHTSA_INA_0073,NHTSA-derived,NHTSA_INA_0073,Inattention to the road ahead,coarse,,0,
NHTSA_INA_0074,NHTSA-derived,NHTSA_INA_0074,Inattention to the road ahead,coarse,,0,
NHTSA_INA_0075,NHTSA-derived,NHTSA_INA_0075,Inattention to the road ahead,coarse,,0,
NHTSA_INA_0076,NHTSA-derived,NHTSA_INA_0076,Inattention to the road ahead,coarse,,0,
NHTSA_INA_0077,NHTSA-derived,NHTSA_INA_0077,Inattention to the road ahead,coarse,,0,
NHTSA_INA_0078,NHTSA-derived,NHTSA_INA_0078,Inattention to the road ahead,coarse,,0,
NHTSA_INA_0079,NHTSA-derived,NHTSA_INA_0079,Inattention to the road ahead,coarse,,0,
NHTSA_INA_0080,NHTSA-derived,NHTSA_INA_0080,Inattention to the road ahead,coarse,,0,
NHTSA_INA_0081,NHTSA-derived,NHTSA_INA_0081,Inattention to the road ahead,coarse,,0,
NHTSA_INA_0082,NHTSA-derived,NHTSA_INA_0082,Inattention to the road ahead,coarse,,0,
NHTSA_INA_0083,NHTSA-derived,NHTSA_INA_0083,Inattention to the road ahead,coarse,,0,
NHTSA_INA_0084,NHTSA-derived,NHTSA_INA_0084,Inattention to the road ahead,coarse,,0,
NHTSA_INA_0085,NHTSA-derived,NHTSA_INA_0085,Inattention to the road ahead,coarse,,0,
NHTSA_INA_0086,NHTSA-derived,NHTSA_INA_0086,Inattention to the road ahead,coarse,,0,
NHTSA_INA_0087,NHTSA-derived,NHTSA_INA_0087,Inattention to the road ahead,coarse,,0,
NHTSA_INA_0088,NHTSA-derived,NHTSA_INA_0088,Inattention to the road ahead,coarse,,0,
NHTSA_INA_0089,NHTSA-derived,NHTSA_INA_0089,Inattention to the road ahead,coarse,,0,
NHTSA_INA_0090,NHTSA-derived,NHTSA_INA_0090,Inattention to the road ahead,coarse,,0,
NHTSA_INA_0091,NHTSA-derived,NHTSA_INA_0091,Inattention to the road ahead,coarse,,0,
NHTSA_INA_0092,NHTSA-derived,NHTSA_INA_0092,Inattention to the road ahead,coarse,,0,
NHTSA_INA_0093,NHTSA-derived,NHTSA_INA_0093,Inattention to the road ahead,coarse,,0,
NHTSA_INA_0094,NHTSA-derived,NHTSA_INA_0094,Inattention to the road ahead,coarse,,0,
NHTSA_INA_0095,NHTSA-derived,NHTSA_INA_0095,Inattention to the road ahead,coarse,,0,
NHTSA_INA_0096,NHTSA-derived,NHTSA_INA_0096,Inattention to the road ahead,coarse,,0,
NHTSA_INA_0097,NHTSA-derived,NHTSA_INA_0097,Inattention to the road ahead,coarse,,0,
NHTSA_INA_0098,NHTSA-derived,NHTSA_INA_0098,Inattention to the road ahead,coarse,,0,
NHTSA_INA_0099,NHTSA-derived,NHTSA_INA_0099,Inattention to the road ahead,coarse,,0,
NHTSA_INA_0100,NHTSA-derived,NHTSA_INA_0100,Inattention to the road ahead,coarse,,0,
NHTSA_INA_0101,NHTSA-derived,NHTSA_INA_0101,Inattention to the road ahead,coarse,,0,
NHTSA_INA_0102,NHTSA-derived,NHTSA_INA_0102,Inattention to the road ahead,coarse,,0,
NHTSA_INA_0103,NHTSA-derived,NHTSA_INA_0103,Inattention to the road ahead,coarse,,0,
NHTSA_INA_0104,NHTSA-derived,NHTSA_INA_0104,Inattention to the road ahead,coarse,,0,
NHTSA_INA_0105,NHTSA-derived,NHTSA_INA_0105,Inattention to the road ahead,coarse,,0,
NHTSA_INA_0106,NHTSA-derived,NHTSA_INA_0106,Inattention to the road ahead,coarse,,0,
NHTSA_INA_0107,NHTSA-derived,NHTSA_INA_0107,Inattention to the road ahead,coarse,,0,
NHTSA_INA_0108,NHTSA-derived,NHTSA_INA_0108,Inattention to the road ahead,coarse,,0,
NHTSA_INA_0109,NHTSA-derived,NHTSA_INA_0109,Inattention to the road ahead,coarse,,0,
NHTSA_INA_0110,NHTSA-derived,NHTSA_INA_0110,Inattention to the road ahead,coarse,,0,
NHTSA_INA_0111,NHTSA-derived,NHTSA_INA_0111,Inattention to the road ahead,coarse,,0,
NHTSA_INA_0112,NHTSA-derived,NHTSA_INA_0112,Inattention to the road ahead,coarse,,0,
NHTSA_INA_0113,NHTSA-derived,NHTSA_INA_0113,Inattention to the road ahead,coarse,,0,
NHTSA_INA_0114,NHTSA-derived,NHTSA_INA_0114,Inattention to the road ahead,coarse,,0,
NHTSA_INA_0115,NHTSA-derived,NHTSA_INA_0115,Inattention to the road ahead,coarse,,0,
NHTSA_INA_0116,NHTSA-derived,NHTSA_INA_0116,Inattention to the road ahead,coarse,,0,
NHTSA_INA_0117,NHTSA-derived,NHTSA_INA_0117,Inattention to the road ahead,coarse,,0,
NHTSA_INA_0118,NHTSA-derived,NHTSA_INA_0118,Inattention to the road ahead,coarse,,0,
NHTSA_INA_0119,NHTSA-derived,NHTSA_INA_0119,Inattention to the road ahead,coarse,,0,
NHTSA_INA_0120,NHTSA-derived,NHTSA_INA_0120,Inattention to the road ahead,coarse,,0,
NHTSA_INA_0121,NHTSA-derived,NHTSA_INA_0121,Inattention to the road ahead,coarse,,0,
NHTSA_INA_0122,NHTSA-derived,NHTSA_INA_0122,Inattention to the road ahead,coarse,,0,
NHTSA_INA_0123,NHTSA-derived,NHTSA_INA_0123,Inattention to the road ahead,coarse,,0,
NHTSA_INA_0124,NHTSA-derived,NHTSA_INA_0124,Inattention to the road ahead,coarse,,0,
NHTSA_INA_0125,NHTSA-derived,NHTSA_INA_0125,Inattention to the road ahead,coarse,,0,
NHTSA_INA_0126,NHTSA-derived,NHTSA_INA_0126,Inattention to the road ahead,coarse,,0,
NHTSA_INA_0127,NHTSA-derived,NHTSA_INA_0127,Inattention to the road ahead,coarse,,0,
NHTSA_INA_0128,NHTSA-derived,NHTSA_INA_0128,Inattention to the road ahead,coarse,,0,
NHTSA_INA_0129,NHTSA-derived,NHTSA_INA_0129,Inattention to the road ahead,coarse,,0,
NHTSA_INA_0130,NHTSA-derived,NHTSA_INA_0130,Inattention to the road ahead,coarse,,0,
NHTSA_INA_0131,NHTSA-derived,NHTSA_INA_0131,Inattention to the road ahead,coarse,,0,
NHTSA_INA_0132,NHTSA-derived,NHTSA_INA_0132,Inattention to the road ahead,coarse,,0,
NHTSA_INA_0133,NHTSA-derived,NHTSA_INA_0133,Inattention to the road ahead,coarse,,0,
NHTSA_INA_0134,NHTSA-derived,NHTSA_INA_0134,Inattention to the road ahead,coarse,,0,
NHTSA_INA_0135,NHTSA-derived,NHTSA_INA_0135,Inattention to the road ahead,coarse,,0,
NHTSA_INA_0136,NHTSA-derived,NHTSA_INA_0136,Inattention to the road ahead,coarse,,0,
NHTSA_INA_0137,NHTSA-derived,NHTSA_INA_0137,Inattention to the road ahead,coarse,,0,
NHTSA_INA_0138,NHTSA-derived,NHTSA_INA_0138,Inattention to the road ahead,coarse,,0,
NHTSA_INA_0139,NHTSA-derived,NHTSA_INA_0139,Inattention to the road ahead,coarse,,0,
NHTSA_INA_0140,NHTSA-derived,NHTSA_INA_0140,Inattention to the road ahead,coarse,,0,
NHTSA_INA_0141,NHTSA-derived,NHTSA_INA_0141,Inattention to the road ahead,coarse,,0,
NHTSA_INA_0142,NHTSA-derived,NHTSA_INA_0142,Inattention to the road ahead,coarse,,0,
NHTSA_INA_0143,NHTSA-derived,NHTSA_INA_0143,Inattention to the road ahead,coarse,,0,
NHTSA_INA_0144,NHTSA-derived,NHTSA_INA_0144,Inattention to the road ahead,coarse,,0,
NHTSA_INA_0145,NHTSA-derived,NHTSA_INA_0145,Inattention to the road ahead,coarse,,0,
NHTSA_INA_0146,NHTSA-derived,NHTSA_INA_0146,Inattention to the road ahead,coarse,,0,
NHTSA_INA_0147,NHTSA-derived,NHTSA_INA_0147,Inattention to the road ahead,coarse,,0,
NHTSA_INA_0148,NHTSA-derived,NHTSA_INA_0148,Inattention to the road ahead,coarse,,0,
NHTSA_INA_0149,NHTSA-derived,NHTSA_INA_0149,Inattention to the road ahead,coarse,,0,
NHTSA_INA_0150,NHTSA-derived,NHTSA_INA_0150,Inattention to the road ahead,coarse,,0,
NHTSA_INA_0151,NHTSA-derived,NHTSA_INA_0151,Inattention to the road ahead,coarse,,0,
NHTSA_INA_0152,NHTSA-derived,NHTSA_INA_0152,Inattention to the road ahead,coarse,,0,
NHTSA_INA_0153,NHTSA-derived,NHTSA_INA_0153,Inattention to the road ahead,coarse,,0,
NHTSA_INA_0154,NHTSA-derived,NHTSA_INA_0154,Inattention to the road ahead,coarse,,0,
NHTSA_INA_0155,NHTSA-derived,NHTSA_INA_0155,Inattention to the road ahead,coarse,,0,
NHTSA_INA_0156,NHTSA-derived,NHTSA_INA_0156,Inattention to the road ahead,coarse,,0,
NHTSA_INA_0157,NHTSA-derived,NHTSA_INA_0157,Inattention to the road ahead,coarse,,0,
NHTSA_INA_0158,NHTSA-derived,NHTSA_INA_0158,Inattention to the road ahead,coarse,,0,
NHTSA_INA_0159,NHTSA-derived,NHTSA_INA_0159,Inattention to the road ahead,coarse,,0,
NHTSA_INA_0160,NHTSA-derived,NHTSA_INA_0160,Inattention to the road ahead,coarse,,0,
NHTSA_INA_0161,NHTSA-derived,NHTSA_INA_0161,Inattention to the road ahead,coarse,,0,
NHTSA_INA_0162,NHTSA-derived,NHTSA_INA_0162,Inattention to the road ahead,coarse,,0,
NHTSA_INA_0163,NHTSA-derived,NHTSA_INA_0163,Inattention to the road ahead,coarse,,0,
NHTSA_INA_0164,NHTSA-derived,NHTSA_INA_0164,Inattention to the road ahead,coarse,,0,
NHTSA_INA_0165,NHTSA-derived,NHTSA_INA_0165,Inattention to the road ahead,coarse,,0,
NHTSA_INA_0166,NHTSA-derived,NHTSA_INA_0166,Inattention to the road ahead,coarse,,0,
NHTSA_INA_0167,NHTSA-derived,NHTSA_INA_0167,Inattention to the road ahead,coarse,,0,
NHTSA_INA_0168,NHTSA-derived,NHTSA_INA_0168,Inattention to the road ahead,coarse,,0,
NHTSA_INA_0169,NHTSA-derived,NHTSA_INA_0169,Inattention to the road ahead,coarse,,0,
NHTSA_INA_0170,NHTSA-derived,NHTSA_INA_0170,Inattention to the road ahead,coarse,,0,
NHTSA_INA_0171,NHTSA-derived,NHTSA_INA_0171,Inattention to the road ahead,coarse,,0,
NHTSA_INA_0172,NHTSA-derived,NHTSA_INA_0172,Inattention to the road ahead,coarse,,0,
NHTSA_INA_0173,NHTSA-derived,NHTSA_INA_0173,Inattention to the road ahead,coarse,,0,
NHTSA_INA_0174,NHTSA-derived,NHTSA_INA_0174,Inattention to the road ahead,coarse,,0,
NHTSA_INA_0175,NHTSA-derived,NHTSA_INA_0175,Inattention to the road ahead,coarse,,0,
NHTSA_INA_0176,NHTSA-derived,NHTSA_INA_0176,Inattention to the road ahead,coarse,,0,
NHTSA_INA_0177,NHTSA-derived,NHTSA_INA_0177,Inattention to the road ahead,coarse,,0,
NHTSA_INA_0178,NHTSA-derived,NHTSA_INA_0178,Inattention to the road ahead,coarse,,0,
NHTSA_INA_0179,NHTSA-derived,NHTSA_INA_0179,Inattention to the road ahead,coarse,,0,
NHTSA_INA_0180,NHTSA-derived,NHTSA_INA_0180,Inattention to the road ahead,coarse,,0,
NHTSA_INA_0181,NHTSA-derived,NHTSA_INA_0181,Inattention to the road ahead,coarse,,0,
NHTSA_INA_0182,NHTSA-derived,NHTSA_INA_0182,Inattention to the road ahead,coarse,,0,
NHTSA_INA_0183,NHTSA-derived,NHTSA_INA_0183,Inattention to the road ahead,coarse,,0,
NHTSA_INA_0184,NHTSA-derived,NHTSA_INA_0184,Inattention to the road ahead,coarse,,0,
NHTSA_INA_0185,NHTSA-derived,NHTSA_INA_0185,Inattention to the road ahead,coarse,,0,
NHTSA_INA_0186,NHTSA-derived,NHTSA_INA_0186,Inattention to the road ahead,coarse,,0,
NHTSA_INA_0187,NHTSA-derived,NHTSA_INA_0187,Inattention to the road ahead,coarse,,0,
NHTSA_INA_0188,NHTSA-derived,NHTSA_INA_0188,Inattention to the road ahead,coarse,,0,
NHTSA_INA_0189,NHTSA-derived,NHTSA_INA_0189,Inattention to the road ahead,coarse,,0,
NHTSA_INA_0190,NHTSA-derived,NHTSA_INA_0190,Inattention to the road ahead,coarse,,0,
NHTSA_INA_0191,NHTSA-derived,NHTSA_INA_0191,Inattention to the road ahead,coarse,,0,
NHTSA_INA_0192,NHTSA-derived,NHTSA_INA_0192,Inattention to the road ahead,coarse,,0,
NHTSA_INA_0193,NHTSA-derived,NHTSA_INA_0193,Inattention to the road ahead,coarse,,0,
NHTSA_INA_0194,NHTSA-derived,NHTSA_INA_0194,Inattention to the road ahead,coarse,,0,
NHTSA_INA_0195,NHTSA-derived,NHTSA_INA_0195,Inattention to the road ahead,coarse,,0,
NHTSA_INA_0196,NHTSA-derived,NHTSA_INA_0196,Inattention to the road ahead,coarse,,0,
NHTSA_INA_0197,NHTSA-derived,NHTSA_INA_0197,Inattention to the road ahead,coarse,,0,
NHTSA_INA_0198,NHTSA-derived,NHTSA_INA_0198,Inattention to the road ahead,coarse,,0,
NHTSA_INA_0199,NHTSA-derived,NHTSA_INA_0199,Inattention to the road ahead,coarse,,0,
NHTSA_INA_0200,NHTSA-derived,NHTSA_INA_0200,Inattention to the road ahead,coarse,,0,
NHTSA_INA_0201,NHTSA-derived,NHTSA_INA_0201,Inattention to the road ahead,coarse,,0,
NHTSA_INA_0202,NHTSA-derived,NHTSA_INA_0202,Inattention to the road ahead,coarse,,0,
NHTSA_INA_0203,NHTSA-derived,NHTSA_INA_0203,Inattention to the road ahead,coarse,,0,
NHTSA_INA_0204,NHTSA-derived,NHTSA_INA_0204,Inattention to the road ahead,coarse,,0,
NHTSA_INA_0205,NHTSA-derived,NHTSA_INA_0205,Inattention to the road ahead,coarse,,0,
NHTSA_INA_0206,NHTSA-derived,NHTSA_INA_0206,Inattention to the road ahead,coarse,,0,
NHTSA_INA_0207,NHTSA-derived,NHTSA_INA_0207,Inattention to the road ahead,coarse,,0,
NHTSA_INA_0208,NHTSA-derived,NHTSA_INA_0208,Inattention to the road ahead,coarse,,0,
NHTSA_INA_0209,NHTSA-derived,NHTSA_INA_0209,Inattention to the road ahead,coarse,,0,
NHTSA_INA_0210,NHTSA-derived,NHTSA_INA_0210,Inattention to the road ahead,coarse,,0,
NHTSA_INA_0211,NHTSA-derived,NHTSA_INA_0211,Inattention to the road ahead,coarse,,0,
NHTSA_INA_0212,NHTSA-derived,NHTSA_INA_0212,Inattention to the road ahead,coarse,,0,
NHTSA_INA_0213,NHTSA-derived,NHTSA_INA_0213,Inattention to the road ahead,coarse,,0,
NHTSA_INA_0214,NHTSA-derived,NHTSA_INA_0214,Inattention to the road ahead,coarse,,0,
NHTSA_INA_0215,NHTSA-derived,NHTSA_INA_0215,Inattention to the road ahead,coarse,,0,
NHTSA_INA_0216,NHTSA-derived,NHTSA_INA_0216,Inattention to the road ahead,coarse,,0,
NHTSA_INA_0217,NHTSA-derived,NHTSA_INA_0217,Inattention to the road ahead,coarse,,0,
NHTSA_INA_0218,NHTSA-derived,NHTSA_INA_0218,Inattention to the road ahead,coarse,,0,
NHTSA_INA_0219,NHTSA-derived,NHTSA_INA_0219,Inattention to the road ahead,coarse,,0,
NHTSA_INA_0220,NHTSA-derived,NHTSA_INA_0220,Inattention to the road ahead,coarse,,0,
NHTSA_INA_0221,NHTSA-derived,NHTSA_INA_0221,Inattention to the road ahead,coarse,,0,
NHTSA_INA_0222,NHTSA-derived,NHTSA_INA_0222,Inattention to the road ahead,coarse,,0,
NHTSA_INA_0223,NHTSA-derived,NHTSA_INA_0223,Inattention to the road ahead,coarse,,0,
NHTSA_INA_0224,NHTSA-derived,NHTSA_INA_0224,Inattention to the road ahead,coarse,,0,
NHTSA_INA_0225,NHTSA-derived,NHTSA_INA_0225,Inattention to the road ahead,coarse,,0,
NHTSA_INA_0226,NHTSA-derived,NHTSA_INA_0226,Inattention to the road ahead,coarse,,0,
NHTSA_INA_0227,NHTSA-derived,NHTSA_INA_0227,Inattention to the road ahead,coarse,,0,
NHTSA_INA_0228,NHTSA-derived,NHTSA_INA_0228,Inattention to the road ahead,coarse,,0,
NHTSA_INA_0229,NHTSA-derived,NHTSA_INA_0229,Inattention to the road ahead,coarse,,0,
NHTSA_INA_0230,NHTSA-derived,NHTSA_INA_0230,Inattention to the road ahead,coarse,,0,
NHTSA_INA_0231,NHTSA-derived,NHTSA_INA_0231,Inattention to the road ahead,coarse,,0,
NHTSA_INA_0232,NHTSA-derived,NHTSA_INA_0232,Inattention to the road ahead,coarse,,0,
NHTSA_INA_0233,NHTSA-derived,NHTSA_INA_0233,Inattention to the road ahead,coarse,,0,
NHTSA_INA_0234,NHTSA-derived,NHTSA_INA_0234,Inattention to the road ahead,coarse,,0,
NHTSA_INA_0235,NHTSA-derived,NHTSA_INA_0235,Inattention to the road ahead,coarse,,0,
NHTSA_INA_0236,NHTSA-derived,NHTSA_INA_0236,Inattention to the road ahead,coarse,,0,
NHTSA_INA_0237,NHTSA-derived,NHTSA_INA_0237,Inattention to the road ahead,coarse,,0,
NHTSA_INA_0238,NHTSA-derived,NHTSA_INA_0238,Inattention to the road ahead,coarse,,0,
NHTSA_INA_0239,NHTSA-derived,NHTSA_INA_0239,Inattention to the road ahead,coarse,,0,
NHTSA_INA_0240,NHTSA-derived,NHTSA_INA_0240,Inattention to the road ahead,coarse,,0,
NHTSA_INA_0241,NHTSA-derived,NHTSA_INA_0241,Inattention to the road ahead,coarse,,0,
NHTSA_INA_0242,NHTSA-derived,NHTSA_INA_0242,Inattention to the road ahead,coarse,,0,
NHTSA_INA_0243,NHTSA-derived,NHTSA_INA_0243,Inattention to the road ahead,coarse,,0,
NHTSA_INA_0244,NHTSA-derived,NHTSA_INA_0244,Inattention to the road ahead,coarse,,0,
NHTSA_INA_0245,NHTSA-derived,NHTSA_INA_0245,Inattention to the road ahead,coarse,,0,
NHTSA_INA_0246,NHTSA-derived,NHTSA_INA_0246,Inattention to the road ahead,coarse,,0,
NHTSA_INA_0247,NHTSA-derived,NHTSA_INA_0247,Inattention to the road ahead,coarse,,0,
NHTSA_INA_0248,NHTSA-derived,NHTSA_INA_0248,Inattention to the road ahead,coarse,,0,
NHTSA_INA_0249,NHTSA-derived,NHTSA_INA_0249,Inattention to the road ahead,coarse,,0,
NHTSA_INA_0250,NHTSA-derived,NHTSA_INA_0250,Inattention to the road ahead,coarse,,0,
NHTSA_INA_0251,NHTSA-derived,NHTSA_INA_0251,Inattention to the road ahead,coarse,,0,
NHTSA_INA_0252,NHTSA-derived,NHTSA_INA_0252,Inattention to the road ahead,coarse,,0,
NHTSA_INA_0253,NHTSA-derived,NHTSA_INA_0253,Inattention to the road ahead,coarse,,0,
NHTSA_INA_0254,NHTSA-derived,NHTSA_INA_0254,Inattention to the road ahead,coarse,,0,
NHTSA_INA_0255,NHTSA-derived,NHTSA_INA_0255,Inattention to the road ahead,coarse,,0,
NHTSA_INA_0256,NHTSA-derived,NHTSA_INA_0256,Inattention to the road ahead,coarse,,0,
NHTSA_INA_0257,NHTSA-derived,NHTSA_INA_0257,Inattention to the road ahead,coarse,,0,
NHTSA_INA_0258,NHTSA-derived,NHTSA_INA_0258,Inattention to the road ahead,coarse,,0,
NHTSA_INA_0259,NHTSA-derived,NHTSA_INA_0259,Inattention to the road ahead,coarse,,0,
NHTSA_INA_0260,NHTSA-derived,NHTSA_INA_0260,Inattention to the road ahead,coarse,,0,
NHTSA_INA_0261,NHTSA-derived,NHTSA_INA_0261,Inattention to the road ahead,coarse,,0,
NHTSA_INA_0262,NHTSA-derived,NHTSA_INA_0262,Inattention to the road ahead,coarse,,0,
NHTSA_INA_0263,NHTSA-derived,NHTSA_INA_0263,Inattention to the road ahead,coarse,,0,
NHTSA_INA_0264,NHTSA-derived,NHTSA_INA_0264,Inattention to the road ahead,coarse,,0,
NHTSA_INA_0265,NHTSA-derived,NHTSA_INA_0265,Inattention to the road ahead,coarse,,0,
NHTSA_INA_0266,NHTSA-derived,NHTSA_INA_0266,Inattention to the road ahead,coarse,,0,
NHTSA_INA_0267,NHTSA-derived,NHTSA_INA_0267,Inattention to the road ahead,coarse,,0,
NHTSA_INA_0268,NHTSA-derived,NHTSA_INA_0268,Inattention to the road ahead,coarse,,0,
NHTSA_INA_0269,NHTSA-derived,NHTSA_INA_0269,Inattention to the road ahead,coarse,,0,
NHTSA_INA_0270,NHTSA-derived,NHTSA_INA_0270,Inattention to the road ahead,coarse,,0,
NHTSA_INA_0271,NHTSA-derived,NHTSA_INA_0271,Inattention to the road ahead,coarse,,0,
NHTSA_INA_0272,NHTSA-derived,NHTSA_INA_0272,Inattention to the road ahead,coarse,,0,
NHTSA_INA_0273,NHTSA-derived,NHTSA_INA_0273,Inattention to the road ahead,coarse,,0,
NHTSA_INA_0274,NHTSA-derived,NHTSA_INA_0274,Inattention to the road ahead,coarse,,0,
NHTSA_INA_0275,NHTSA-derived,NHTSA_INA_0275,Inattention to the road ahead,coarse,,0,
NHTSA_INA_0276,NHTSA-derived,NHTSA_INA_0276,Inattention to the road ahead,coarse,,0,
NHTSA_INA_0277,NHTSA-derived,NHTSA_INA_0277,Inattention to the road ahead,coarse,,0,
NHTSA_INA_0278,NHTSA-derived,NHTSA_INA_0278,Inattention to the road ahead,coarse,,0,
NHTSA_INA_0279,NHTSA-derived,NHTSA_INA_0279,Inattention to the road ahead,coarse,,0,
NHTSA_INA_0280,NHTSA-derived,NHTSA_INA_0280,Inattention to the road ahead,coarse,,0,
NHTSA_INA_0281,NHTSA-derived,NHTSA_INA_0281,Inattention to the road ahead,coarse,,0,
NHTSA_INA_0282,NHTSA-derived,NHTSA_INA_0282,Inattention to the road ahead,coarse,,0,
NHTSA_INA_0283,NHTSA-derived,NHTSA_INA_0283,Inattention to the road ahead,coarse,,0,
NHTSA_INA_0284,NHTSA-derived,NHTSA_INA_0284,Inattention to the road ahead,coarse,,0,
NHTSA_INA_0285,NHTSA-derived,NHTSA_INA_0285,Inattention to the road ahead,coarse,,0,
NHTSA_INA_0286,NHTSA-derived,NHTSA_INA_0286,Inattention to the road ahead,coarse,,0,
NHTSA_INA_0287,NHTSA-derived,NHTSA_INA_0287,Inattention to the road ahead,coarse,,0,
NHTSA_INA_0288,NHTSA-derived,NHTSA_INA_0288,Inattention to the road ahead,coarse,,0,
NHTSA_INA_0289,NHTSA-derived,NHTSA_INA_0289,Inattention to the road ahead,coarse,,0,
NHTSA_INA_0290,NHTSA-derived,NHTSA_INA_0290,Inattention to the road ahead,coarse,,0,
NHTSA_INA_0291,NHTSA-derived,NHTSA_INA_0291,Inattention to the road ahead,coarse,,0,
NHTSA_INA_0292,NHTSA-derived,NHTSA_INA_0292,Inattention to the road ahead,coarse,,0,
NHTSA_INA_0293,NHTSA-derived,NHTSA_INA_0293,Inattention to the road ahead,coarse,,0,
NHTSA_INA_0294,NHTSA-derived,NHTSA_INA_0294,Inattention to the road ahead,coarse,,0,
NHTSA_INA_0295,NHTSA-derived,NHTSA_INA_0295,Inattention to the road ahead,coarse,,0,
NHTSA_INA_0296,NHTSA-derived,NHTSA_INA_0296,Inattention to the road ahead,coarse,,0,
NHTSA_INA_0297,NHTSA-derived,NHTSA_INA_0297,Inattention to the road ahead,coarse,,0,
NHTSA_INA_0298,NHTSA-derived,NHTSA_INA_0298,Inattention to the road ahead,coarse,,0,
NHTSA_INA_0299,NHTSA-derived,NHTSA_INA_0299,Inattention to the road ahead,coarse,,0,
NHTSA_INA_0300,NHTSA-derived,NHTSA_INA_0300,Inattention to the road ahead,coarse,,0,
NHTSA_INA_0301,NHTSA-derived,NHTSA_INA_0301,Inattention to the road ahead,coarse,,0,
NHTSA_INA_0302,NHTSA-derived,NHTSA_INA_0302,Inattention to the road ahead,coarse,,0,
NHTSA_INA_0303,NHTSA-derived,NHTSA_INA_0303,Inattention to the road ahead,coarse,,0,
NHTSA_INA_0304,NHTSA-derived,NHTSA_INA_0304,Inattention to the road ahead,coarse,,0,
NHTSA_INA_0305,NHTSA-derived,NHTSA_INA_0305,Inattention to the road ahead,coarse,,0,
NHTSA_INA_0306,NHTSA-derived,NHTSA_INA_0306,Inattention to the road ahead,coarse,,0,
NHTSA_INA_0307,NHTSA-derived,NHTSA_INA_0307,Inattention to the road ahead,coarse,,0,
NHTSA_INA_0308,NHTSA-derived,NHTSA_INA_0308,Inattention to the road ahead,coarse,,0,
NHTSA_INA_0309,NHTSA-derived,NHTSA_INA_0309,Inattention to the road ahead,coarse,,0,
NHTSA_INA_0310,NHTSA-derived,NHTSA_INA_0310,Inattention to the road ahead,coarse,,0,
NHTSA_INA_0311,NHTSA-derived,NHTSA_INA_0311,Inattention to the road ahead,coarse,,0,
NHTSA_INA_0312,NHTSA-derived,NHTSA_INA_0312,Inattention to the road ahead,coarse,,0,
NHTSA_INA_0313,NHTSA-derived,NHTSA_INA_0313,Inattention to the road ahead,coarse,,0,
NHTSA_INA_0314,NHTSA-derived,NHTSA_INA_0314,Inattention to the road ahead,coarse,,0,
NHTSA_INA_0315,NHTSA-derived,NHTSA_INA_0315,Inattention to the road ahead,coarse,,0,
NHTSA_INA_0316,NHTSA-derived,NHTSA_INA_0316,Inattention to the road ahead,coarse,,0,
NHTSA_INA_0317,NHTSA-derived,NHTSA_INA_0317,Inattention to the road ahead,coarse,,0,
NHTSA_INA_0318,NHTSA-derived,NHTSA_INA_0318,Inattention to the road ahead,coarse,,0,
NHTSA_INA_0319,NHTSA-derived,NHTSA_INA_0319,Inattention to the road ahead,coarse,,0,
NHTSA_INA_0320,NHTSA-derived,NHTSA_INA_0320,Inattention to the road ahead,coarse,,0,
NHTSA_INA_0321,NHTSA-derived,NHTSA_INA_0321,Inattention to the road ahead,coarse,,0,
NHTSA_INA_0322,NHTSA-derived,NHTSA_INA_0322,Inattention to the road ahead,coarse,,0,
NHTSA_INA_0323,NHTSA-derived,NHTSA_INA_0323,Inattention to the road ahead,coarse,,0,
NHTSA_INA_0324,NHTSA-derived,NHTSA_INA_0324,Inattention to the road ahead,coarse,,0,
NHTSA_INA_0325,NHTSA-derived,NHTSA_INA_0325,Inattention to the road ahead,coarse,,0,
NHTSA_INA_0326,NHTSA-derived,NHTSA_INA_0326,Inattention to the road ahead,coarse,,0,
NHTSA_INA_0327,NHTSA-derived,NHTSA_INA_0327,Inattention to the road ahead,coarse,,0,
NHTSA_INA_0328,NHTSA-derived,NHTSA_INA_0328,Inattention to the road ahead,coarse,,0,
NHTSA_INA_0329,NHTSA-derived,NHTSA_INA_0329,Inattention to the road ahead,coarse,,0,
NHTSA_INA_0330,NHTSA-derived,NHTSA_INA_0330,Inattention to the road ahead,coarse,,0,
NHTSA_INA_0331,NHTSA-derived,NHTSA_INA_0331,Inattention to the road ahead,coarse,,0,
NHTSA_INA_0332,NHTSA-derived,NHTSA_INA_0332,Inattention to the road ahead,coarse,,0,
NHTSA_INA_0333,NHTSA-derived,NHTSA_INA_0333,Inattention to the road ahead,coarse,,0,
NHTSA_INA_0334,NHTSA-derived,NHTSA_INA_0334,Inattention to the road ahead,coarse,,0,
NHTSA_INA_0335,NHTSA-derived,NHTSA_INA_0335,Inattention to the road ahead,coarse,,0,
NHTSA_INA_0336,NHTSA-derived,NHTSA_INA_0336,Inattention to the road ahead,coarse,,0,
NHTSA_INA_0337,NHTSA-derived,NHTSA_INA_0337,Inattention to the road ahead,coarse,,0,
NHTSA_INA_0338,NHTSA-derived,NHTSA_INA_0338,Inattention to the road ahead,coarse,,0,
NHTSA_INA_0339,NHTSA-derived,NHTSA_INA_0339,Inattention to the road ahead,coarse,,0,
NHTSA_INA_0340,NHTSA-derived,NHTSA_INA_0340,Inattention to the road ahead,coarse,,0,
NHTSA_INA_0341,NHTSA-derived,NHTSA_INA_0341,Inattention to the road ahead,coarse,,0,
NHTSA_INA_0342,NHTSA-derived,NHTSA_INA_0342,Inattention to the road ahead,coarse,,0,
NHTSA_INA_0343,NHTSA-derived,NHTSA_INA_0343,Inattention to the road ahead,coarse,,0,
NHTSA_INA_0344,NHTSA-derived,NHTSA_INA_0344,Inattention to the road ahead,coarse,,0,
NHTSA_INA_0345,NHTSA-derived,NHTSA_INA_0345,Inattention to the road ahead,coarse,,0,
NHTSA_INA_0346,NHTSA-derived,NHTSA_INA_0346,Inattention to the road ahead,coarse,,0,
NHTSA_INA_0347,NHTSA-derived,NHTSA_INA_0347,Inattention to the road ahead,coarse,,0,
NHTSA_INA_0348,NHTSA-derived,NHTSA_INA_0348,Inattention to the road ahead,coarse,,0,
NHTSA_INA_0349,NHTSA-derived,NHTSA_INA_0349,Inattention to the road ahead,coarse,,0,
NHTSA_INA_0350,NHTSA-derived,NHTSA_INA_0350,Inattention to the road ahead,coarse,,0,
NHTSA_INA_0351,NHTSA-derived,NHTSA_INA_0351,Inattention to the road ahead,coarse,,0,
NHTSA_INA_0352,NHTSA-derived,NHTSA_INA_0352,Inattention to the road ahead,coarse,,0,
NHTSA_INA_0353,NHTSA-derived,NHTSA_INA_0353,Inattention to the road ahead,coarse,,0,
NHTSA_INA_0354,NHTSA-derived,NHTSA_INA_0354,Inattention to the road ahead,coarse,,0,
NHTSA_INA_0355,NHTSA-derived,NHTSA_INA_0355,Inattention to the road ahead,coarse,,0,
NHTSA_INA_0356,NHTSA-derived,NHTSA_INA_0356,Inattention to the road ahead,coarse,,0,
NHTSA_INA_0357,NHTSA-derived,NHTSA_INA_0357,Inattention to the road ahead,coarse,,0,
NHTSA_INA_0358,NHTSA-derived,NHTSA_INA_0358,Inattention to the road ahead,coarse,,0,
NHTSA_INA_0359,NHTSA-derived,NHTSA_INA_0359,Inattention to the road ahead,coarse,,0,
NHTSA_INA_0360,NHTSA-derived,NHTSA_INA_0360,Inattention to the road ahead,coarse,,0,
NHTSA_INA_0361,NHTSA-derived,NHTSA_INA_0361,Inattention to the road ahead,coarse,,0,
NHTSA_INA_0362,NHTSA-derived,NHTSA_INA_0362,Inattention to the road ahead,coarse,,0,
NHTSA_INA_0363,NHTSA-derived,NHTSA_INA_0363,Inattention to the road ahead,coarse,,0,
NHTSA_INA_0364,NHTSA-derived,NHTSA_INA_0364,Inattention to the road ahead,coarse,,0,
NHTSA_INA_0365,NHTSA-derived,NHTSA_INA_0365,Inattention to the road ahead,coarse,,0,
NHTSA_INA_0366,NHTSA-derived,NHTSA_INA_0366,Inattention to the road ahead,coarse,,0,
NHTSA_INA_0367,NHTSA-derived,NHTSA_INA_0367,Inattention to the road ahead,coarse,,0,
NHTSA_INA_0368,NHTSA-derived,NHTSA_INA_0368,Inattention to the road ahead,coarse,,0,
NHTSA_INA_0369,NHTSA-derived,NHTSA_INA_0369,Inattention to the road ahead,coarse,,0,
NHTSA_INA_0370,NHTSA-derived,NHTSA_INA_0370,Inattention to the road ahead,coarse,,0,
NHTSA_INA_0371,NHTSA-derived,NHTSA_INA_0371,Inattention to the road ahead,coarse,,0,
NHTSA_INA_0372,NHTSA-derived,NHTSA_INA_0372,Inattention to the road ahead,coarse,,0,
NHTSA_INA_0373,NHTSA-derived,NHTSA_INA_0373,Inattention to the road ahead,coarse,,0,
NHTSA_INA_0374,NHTSA-derived,NHTSA_INA_0374,Inattention to the road ahead,coarse,,0,
NHTSA_INA_0375,NHTSA-derived,NHTSA_INA_0375,Inattention to the road ahead,coarse,,0,
NHTSA_INA_0376,NHTSA-derived,NHTSA_INA_0376,Inattention to the road ahead,coarse,,0,
NHTSA_INA_0377,NHTSA-derived,NHTSA_INA_0377,Inattention to the road ahead,coarse,,0,
NHTSA_INA_0378,NHTSA-derived,NHTSA_INA_0378,Inattention to the road ahead,coarse,,0,
NHTSA_INA_0379,NHTSA-derived,NHTSA_INA_0379,Inattention to the road ahead,coarse,,0,
NHTSA_INA_0380,NHTSA-derived,NHTSA_INA_0380,Inattention to the road ahead,coarse,,0,
NHTSA_INA_0381,NHTSA-derived,NHTSA_INA_0381,Inattention to the road ahead,coarse,,0,
NHTSA_INA_0382,NHTSA-derived,NHTSA_INA_0382,Inattention to the road ahead,coarse,,0,
NHTSA_INA_0383,NHTSA-derived,NHTSA_INA_0383,Inattention to the road ahead,coarse,,0,
NHTSA_INA_0384,NHTSA-derived,NHTSA_INA_0384,Inattention to the road ahead,coarse,,0,
NHTSA_INA_0385,NHTSA-derived,NHTSA_INA_0385,Inattention to the road ahead,coarse,,0,
NHTSA_INA_0386,NHTSA-derived,NHTSA_INA_0386,Inattention to the road ahead,coarse,,0,
NHTSA_INA_0387,NHTSA-derived,NHTSA_INA_0387,Inattention to the road ahead,coarse,,0,
NHTSA_INA_0388,NHTSA-derived,NHTSA_INA_0388,Inattention to the road ahead,coarse,,0,
NHTSA_INA_0389,NHTSA-derived,NHTSA_INA_0389,Inattention to the road ahead,coarse,,0,
NHTSA_INA_0390,NHTSA-derived,NHTSA_INA_0390,Inattention to the road ahead,coarse,,0,
NHTSA_INA_0391,NHTSA-derived,NHTSA_INA_0391,Inattention to the road ahead,coarse,,0,
NHTSA_INA_0392,NHTSA-derived,NHTSA_INA_0392,Inattention to the road ahead,coarse,,0,
NHTSA_INA_0393,NHTSA-derived,NHTSA_INA_0393,Inattention to the road ahead,coarse,,0,
NHTSA_INA_0394,NHTSA-derived,NHTSA_INA_0394,Inattention to the road ahead,coarse,,0,
NHTSA_INA_0395,NHTSA-derived,NHTSA_INA_0395,Inattention to the road ahead,coarse,,0,
NHTSA_INA_0396,NHTSA-derived,NHTSA_INA_0396,Inattention to the road ahead,coarse,,0,
NHTSA_INA_0397,NHTSA-derived,NHTSA_INA_0397,Inattention to the road ahead,coarse,,0,
NHTSA_INA_0398,NHTSA-derived,NHTSA_INA_0398,Inattention to the road ahead,coarse,,0,
NHTSA_INA_0399,NHTSA-derived,NHTSA_INA_0399,Inattention to the road ahead,coarse,,0,
NHTSA_INA_0400,NHTSA-derived,NHTSA_INA_0400,Inattention to the road ahead,coarse,,0,
NHTSA_INA_0401,NHTSA-derived,NHTSA_INA_0401,Inattention to the road ahead,coarse,,0,
NHTSA_INA_0402,NHTSA-derived,NHTSA_INA_0402,Inattention to the road ahead,coarse,,0,
NHTSA_INA_0403,NHTSA-derived,NHTSA_INA_0403,Inattention to the road ahead,coarse,,0,
NHTSA_INA_0404,NHTSA-derived,NHTSA_INA_0404,Inattention to the road ahead,coarse,,0,
NHTSA_INA_0405,NHTSA-derived,NHTSA_INA_0405,Inattention to the road ahead,coarse,,0,
NHTSA_INA_0406,NHTSA-derived,NHTSA_INA_0406,Inattention to the road ahead,coarse,,0,
NHTSA_INA_0407,NHTSA-derived,NHTSA_INA_0407,Inattention to the road ahead,coarse,,0,
NHTSA_INA_0408,NHTSA-derived,NHTSA_INA_0408,Inattention to the road ahead,coarse,,0,
NHTSA_INA_0409,NHTSA-derived,NHTSA_INA_0409,Inattention to the road ahead,coarse,,0,
NHTSA_INA_0410,NHTSA-derived,NHTSA_INA_0410,Inattention to the road ahead,coarse,,0,
NHTSA_INA_0411,NHTSA-derived,NHTSA_INA_0411,Inattention to the road ahead,coarse,,0,
NHTSA_INA_0412,NHTSA-derived,NHTSA_INA_0412,Inattention to the road ahead,coarse,,0,
NHTSA_INA_0413,NHTSA-derived,NHTSA_INA_0413,Inattention to the road ahead,coarse,,0,
NHTSA_INA_0414,NHTSA-derived,NHTSA_INA_0414,Inattention to the road ahead,coarse,,0,
NHTSA_INA_0415,NHTSA-derived,NHTSA_INA_0415,Inattention to the road ahead,coarse,,0,
NHTSA_INA_0416,NHTSA-derived,NHTSA_INA_0416,Inattention to the road ahead,coarse,,0,
NHTSA_INA_0417,NHTSA-derived,NHTSA_INA_0417,Inattention to the road ahead,coarse,,0,
NHTSA_INA_0418,NHTSA-derived,NHTSA_INA_0418,Inattention to the road ahead,coarse,,0,
NHTSA_INA_0419,NHTSA-derived,NHTSA_INA_0419,Inattention to the road ahead,coarse,,0,
NHTSA_INA_0420,NHTSA-derived,NHTSA_INA_0420,Inattention to the road ahead,coarse,,0,
NHTSA_INA_0421,NHTSA-derived,NHTSA_INA_0421,Inattention to the road ahead,coarse,,0,
NHTSA_INA_0422,NHTSA-derived,NHTSA_INA_0422,Inattention to the road ahead,coarse,,0,
NHTSA_INA_0423,NHTSA-derived,NHTSA_INA_0423,Inattention to the road ahead,coarse,,0,
NHTSA_INA_0424,NHTSA-derived,NHTSA_INA_0424,Inattention to the road ahead,coarse,,0,
NHTSA_INA_0425,NHTSA-derived,NHTSA_INA_0425,Inattention to the road ahead,coarse,,0,
NHTSA_INA_0426,NHTSA-derived,NHTSA_INA_0426,Inattention to the road ahead,coarse,,0,
NHTSA_INA_0427,NHTSA-derived,NHTSA_INA_0427,Inattention to the road ahead,coarse,,0,
NHTSA_INA_0428,NHTSA-derived,NHTSA_INA_0428,Inattention to the road ahead,coarse,,0,
NHTSA_INA_0429,NHTSA-derived,NHTSA_INA_0429,Inattention to the road ahead,coarse,,0,
NHTSA_INA_0430,NHTSA-derived,NHTSA_INA_0430,Inattention to the road ahead,coarse,,0,
NHTSA_INA_0431,NHTSA-derived,NHTSA_INA_0431,Inattention to the road ahead,coarse,,0,
NHTSA_INA_0432,NHTSA-derived,NHTSA_INA_0432,Inattention to the road ahead,coarse,,0,
NHTSA_INA_0433,NHTSA-derived,NHTSA_INA_0433,Inattention to the road ahead,coarse,,0,
NHTSA_INA_0434,NHTSA-derived,NHTSA_INA_0434,Inattention to the road ahead,coarse,,0,
NHTSA_INA_0435,NHTSA-derived,NHTSA_INA_0435,Inattention to the road ahead,coarse,,0,
NHTSA_INA_0436,NHTSA-derived,NHTSA_INA_0436,Inattention to the road ahead,coarse,,0,
NHTSA_INA_0437,NHTSA-derived,NHTSA_INA_0437,Inattention to the road ahead,coarse,,0,
NHTSA_INA_0438,NHTSA-derived,NHTSA_INA_0438,Inattention to the road ahead,coarse,,0,
NHTSA_INA_0439,NHTSA-derived,NHTSA_INA_0439,Inattention to the road ahead,coarse,,0,
NHTSA_INA_0440,NHTSA-derived,NHTSA_INA_0440,Inattention to the road ahead,coarse,,0,
NHTSA_INA_0441,NHTSA-derived,NHTSA_INA_0441,Inattention to the road ahead,coarse,,0,
NHTSA_INA_0442,NHTSA-derived,NHTSA_INA_0442,Inattention to the road ahead,coarse,,0,
NHTSA_INA_0443,NHTSA-derived,NHTSA_INA_0443,Inattention to the road ahead,coarse,,0,
NHTSA_INA_0444,NHTSA-derived,NHTSA_INA_0444,Inattention to the road ahead,coarse,,0,
NHTSA_INA_0445,NHTSA-derived,NHTSA_INA_0445,Inattention to the road ahead,coarse,,0,
NHTSA_INA_0446,NHTSA-derived,NHTSA_INA_0446,Inattention to the road ahead,coarse,,0,
NHTSA_INA_0447,NHTSA-derived,NHTSA_INA_0447,Inattention to the road ahead,coarse,,0,
NHTSA_INA_0448,NHTSA-derived,NHTSA_INA_0448,Inattention to the road ahead,coarse,,0,
NHTSA_INA_0449,NHTSA-derived,NHTSA_INA_0449,Inattention to the road ahead,coarse,,0,
NHTSA_INA_0450,NHTSA-derived,NHTSA_INA_0450,Inattention to the road ahead,coarse,,0,
NHTSA_INA_0451,NHTSA-derived,NHTSA_INA_0451,Inattention to the road ahead,coarse,,0,
NHTSA_INA_0452,NHTSA-derived,NHTSA_INA_0452,Inattention to the road ahead,coarse,,0,
NHTSA_INA_0453,NHTSA-derived,NHTSA_INA_0453,Inattention to the road ahead,coarse,,0,
NHTSA_INA_0454,NHTSA-derived,NHTSA_INA_0454,Inattention to the road ahead,coarse,,0,
NHTSA_INA_0455,NHTSA-derived,NHTSA_INA_0455,Inattention to the road ahead,coarse,,0,
NHTSA_INA_0456,NHTSA-derived,NHTSA_INA_0456,Inattention to the road ahead,coarse,,0,
NHTSA_INA_0457,NHTSA-derived,NHTSA_INA_0457,Inattention to the road ahead,coarse,,0,
NHTSA_INA_0458,NHTSA-derived,NHTSA_INA_0458,Inattention to the road ahead,coarse,,0,
NHTSA_INA_0459,NHTSA-derived,NHTSA_INA_0459,Inattention to the road ahead,coarse,,0,
NHTSA_INA_0460,NHTSA-derived,NHTSA_INA_0460,Inattention to the road ahead,coarse,,0,
NHTSA_INA_0461,NHTSA-derived,NHTSA_INA_0461,Inattention to the road ahead,coarse,,0,
NHTSA_INA_0462,NHTSA-derived,NHTSA_INA_0462,Inattention to the road ahead,coarse,,0,
NHTSA_INA_0463,NHTSA-derived,NHTSA_INA_0463,Inattention to the road ahead,coarse,,0,
NHTSA_INA_0464,NHTSA-derived,NHTSA_INA_0464,Inattention to the road ahead,coarse,,0,
NHTSA_INA_0465,NHTSA-derived,NHTSA_INA_0465,Inattention to the road ahead,coarse,,0,
NHTSA_INA_0466,NHTSA-derived,NHTSA_INA_0466,Inattention to the road ahead,coarse,,0,
NHTSA_INA_0467,NHTSA-derived,NHTSA_INA_0467,Inattention to the road ahead,coarse,,0,
NHTSA_INA_0468,NHTSA-derived,NHTSA_INA_0468,Inattention to the road ahead,coarse,,0,
NHTSA_INA_0469,NHTSA-derived,NHTSA_INA_0469,Inattention to the road ahead,coarse,,0,
NHTSA_INA_0470,NHTSA-derived,NHTSA_INA_0470,Inattention to the road ahead,coarse,,0,
NHTSA_INA_0471,NHTSA-derived,NHTSA_INA_0471,Inattention to the road ahead,coarse,,0,
NHTSA_INA_0472,NHTSA-derived,NHTSA_INA_0472,Inattention to the road ahead,coarse,,0,
NHTSA_INA_0473,NHTSA-derived,NHTSA_INA_0473,Inattention to the road ahead,coarse,,0,
NHTSA_INA_0474,NHTSA-derived,NHTSA_INA_0474,Inattention to the road ahead,coarse,,0,
NHTSA_INA_0475,NHTSA-derived,NHTSA_INA_0475,Inattention to the road ahead,coarse,,0,
NHTSA_INA_0476,NHTSA-derived,NHTSA_INA_0476,Inattention to the road ahead,coarse,,0,
NHTSA_INA_0477,NHTSA-derived,NHTSA_INA_0477,Inattention to the road ahead,coarse,,0,
NHTSA_INA_0478,NHTSA-derived,NHTSA_INA_0478,Inattention to the road ahead,coarse,,0,
NHTSA_INA_0479,NHTSA-derived,NHTSA_INA_0479,Inattention to the road ahead,coarse,,0,
NHTSA_INA_0480,NHTSA-derived,NHTSA_INA_0480,Inattention to the road ahead,coarse,,0,
NHTSA_INA_0481,NHTSA-derived,NHTSA_INA_0481,Inattention to the road ahead,coarse,,0,
NHTSA_INA_0482,NHTSA-derived,NHTSA_INA_0482,Inattention to the road ahead,coarse,,0,
NHTSA_INA_0483,NHTSA-derived,NHTSA_INA_0483,Inattention to the road ahead,coarse,,0,
NHTSA_INA_0484,NHTSA-derived,NHTSA_INA_0484,Inattention to the road ahead,coarse,,0,
NHTSA_INA_0485,NHTSA-derived,NHTSA_INA_0485,Inattention to the road ahead,coarse,,0,
NHTSA_INA_0486,NHTSA-derived,NHTSA_INA_0486,Inattention to the road ahead,coarse,,0,
NHTSA_INA_0487,NHTSA-derived,NHTSA_INA_0487,Inattention to the road ahead,coarse,,0,
NHTSA_INA_0488,NHTSA-derived,NHTSA_INA_0488,Inattention to the road ahead,coarse,,0,
NHTSA_INA_0489,NHTSA-derived,NHTSA_INA_0489,Inattention to the road ahead,coarse,,0,
NHTSA_INA_0490,NHTSA-derived,NHTSA_INA_0490,Inattention to the road ahead,coarse,,0,
NHTSA_INA_0491,NHTSA-derived,NHTSA_INA_0491,Inattention to the road ahead,coarse,,0,
NHTSA_INA_0492,NHTSA-derived,NHTSA_INA_0492,Inattention to the road ahead,coarse,,0,
NHTSA_INA_0493,NHTSA-derived,NHTSA_INA_0493,Inattention to the road ahead,coarse,,0,
NHTSA_INA_0494,NHTSA-derived,NHTSA_INA_0494,Inattention to the road ahead,coarse,,0,
NHTSA_INA_0495,NHTSA-derived,NHTSA_INA_0495,Inattention to the road ahead,coarse,,0,
NHTSA_INA_0496,NHTSA-derived,NHTSA_INA_0496,Inattention to the road ahead,coarse,,0,
NHTSA_INA_0497,NHTSA-derived,NHTSA_INA_0497,Inattention to the road ahead,coarse,,0,
NHTSA_INA_0498,NHTSA-derived,NHTSA_INA_0498,Inattention to the road ahead,coarse,,0,
NHTSA_INA_0499,NHTSA-derived,NHTSA_INA_0499,Inattention to the road ahead,coarse,,0,
NHTSA_INA_0500,NHTSA-derived,NHTSA_INA_0500,Inattention to the road ahead,coarse,,0,
NHTSA_INA_0501,NHTSA-derived,NHTSA_INA_0501,Inattention to the road ahead,coarse,,0,
NHTSA_INA_0502,NHTSA-derived,NHTSA_INA_0502,Inattention to the road ahead,coarse,,0,
NHTSA_INA_0503,NHTSA-derived,NHTSA_INA_0503,Inattention to the road ahead,coarse,,0,
NHTSA_INA_0504,NHTSA-derived,NHTSA_INA_0504,Inattention to the road ahead,coarse,,0,
NHTSA_INA_0505,NHTSA-derived,NHTSA_INA_0505,Inattention to the road ahead,coarse,,0,
NHTSA_INA_0506,NHTSA-derived,NHTSA_INA_0506,Inattention to the road ahead,coarse,,0,
NHTSA_INA_0507,NHTSA-derived,NHTSA_INA_0507,Inattention to the road ahead,coarse,,0,
NHTSA_INA_0508,NHTSA-derived,NHTSA_INA_0508,Inattention to the road ahead,coarse,,0,
NHTSA_INA_0509,NHTSA-derived,NHTSA_INA_0509,Inattention to the road ahead,coarse,,0,
NHTSA_INA_0510,NHTSA-derived,NHTSA_INA_0510,Inattention to the road ahead,coarse,,0,
NHTSA_INA_0511,NHTSA-derived,NHTSA_INA_0511,Inattention to the road ahead,coarse,,0,
NHTSA_INA_0512,NHTSA-derived,NHTSA_INA_0512,Inattention to the road ahead,coarse,,0,
NHTSA_INA_0513,NHTSA-derived,NHTSA_INA_0513,Inattention to the road ahead,coarse,,0,
NHTSA_INA_0514,NHTSA-derived,NHTSA_INA_0514,Inattention to the road ahead,coarse,,0,
NHTSA_INA_0515,NHTSA-derived,NHTSA_INA_0515,Inattention to the road ahead,coarse,,0,
NHTSA_INA_0516,NHTSA-derived,NHTSA_INA_0516,Inattention to the road ahead,coarse,,0,
NHTSA_INA_0517,NHTSA-derived,NHTSA_INA_0517,Inattention to the road ahead,coarse,,0,
NHTSA_INA_0518,NHTSA-derived,NHTSA_INA_0518,Inattention to the road ahead,coarse,,0,
NHTSA_INA_0519,NHTSA-derived,NHTSA_INA_0519,Inattention to the road ahead,coarse,,0,
NHTSA_INA_0520,NHTSA-derived,NHTSA_INA_0520,Inattention to the road ahead,coarse,,0,
NHTSA_INA_0521,NHTSA-derived,NHTSA_INA_0521,Inattention to the road ahead,coarse,,0,
NHTSA_INA_0522,NHTSA-derived,NHTSA_INA_0522,Inattention to the road ahead,coarse,,0,
NHTSA_INA_0523,NHTSA-derived,NHTSA_INA_0523,Inattention to the road ahead,coarse,,0,
NHTSA_INA_0524,NHTSA-derived,NHTSA_INA_0524,Inattention to the road ahead,coarse,,0,
NHTSA_INA_0525,NHTSA-derived,NHTSA_INA_0525,Inattention to the road ahead,coarse,,0,
NHTSA_INA_0526,NHTSA-derived,NHTSA_INA_0526,Inattention to the road ahead,coarse,,0,
NHTSA_INA_0527,NHTSA-derived,NHTSA_INA_0527,Inattention to the road ahead,coarse,,0,
NHTSA_INA_0528,NHTSA-derived,NHTSA_INA_0528,Inattention to the road ahead,coarse,,0,
NHTSA_INA_0529,NHTSA-derived,NHTSA_INA_0529,Inattention to the road ahead,coarse,,0,
NHTSA_INA_0530,NHTSA-derived,NHTSA_INA_0530,Inattention to the road ahead,coarse,,0,
NHTSA_INA_0531,NHTSA-derived,NHTSA_INA_0531,Inattention to the road ahead,coarse,,0,
NHTSA_INA_0532,NHTSA-derived,NHTSA_INA_0532,Inattention to the road ahead,coarse,,0,
NHTSA_INA_0533,NHTSA-derived,NHTSA_INA_0533,Inattention to the road ahead,coarse,,0,
NHTSA_INA_0534,NHTSA-derived,NHTSA_INA_0534,Inattention to the road ahead,coarse,,0,
NHTSA_INA_0535,NHTSA-derived,NHTSA_INA_0535,Inattention to the road ahead,coarse,,0,
NHTSA_INA_0536,NHTSA-derived,NHTSA_INA_0536,Inattention to the road ahead,coarse,,0,
NHTSA_INA_0537,NHTSA-derived,NHTSA_INA_0537,Inattention to the road ahead,coarse,,0,
NHTSA_INA_0538,NHTSA-derived,NHTSA_INA_0538,Inattention to the road ahead,coarse,,0,
NHTSA_INA_0539,NHTSA-derived,NHTSA_INA_0539,Inattention to the road ahead,coarse,,0,
NHTSA_INA_0540,NHTSA-derived,NHTSA_INA_0540,Inattention to the road ahead,coarse,,0,
NHTSA_INA_0541,NHTSA-derived,NHTSA_INA_0541,Inattention to the road ahead,coarse,,0,
NHTSA_INA_0542,NHTSA-derived,NHTSA_INA_0542,Inattention to the road ahead,coarse,,0,
NHTSA_INA_0543,NHTSA-derived,NHTSA_INA_0543,Inattention to the road ahead,coarse,,0,
NHTSA_INA_0544,NHTSA-derived,NHTSA_INA_0544,Inattention to the road ahead,coarse,,0,
NHTSA_INA_0545,NHTSA-derived,NHTSA_INA_0545,Inattention to the road ahead,coarse,,0,
NHTSA_INA_0546,NHTSA-derived,NHTSA_INA_0546,Inattention to the road ahead,coarse,,0,
NHTSA_INA_0547,NHTSA-derived,NHTSA_INA_0547,Inattention to the road ahead,coarse,,0,
NHTSA_INA_0548,NHTSA-derived,NHTSA_INA_0548,Inattention to the road ahead,coarse,,0,
NHTSA_INA_0549,NHTSA-derived,NHTSA_INA_0549,Inattention to the road ahead,coarse,,0,
NHTSA_INA_0550,NHTSA-derived,NHTSA_INA_0550,Inattention to the road ahead,coarse,,0,
NHTSA_INA_0551,NHTSA-derived,NHTSA_INA_0551,Inattention to the road ahead,coarse,,0,
NHTSA_INA_0552,NHTSA-derived,NHTSA_INA_0552,Inattention to the road ahead,coarse,,0,
NHTSA_INA_0553,NHTSA-derived,NHTSA_INA_0553,Inattention to the road ahead,coarse,,0,
NHTSA_INA_0554,NHTSA-derived,NHTSA_INA_0554,Inattention to the road ahead,coarse,,0,
NHTSA_INA_0555,NHTSA-derived,NHTSA_INA_0555,Inattention to the road ahead,coarse,,0,
NHTSA_INA_0556,NHTSA-derived,NHTSA_INA_0556,Inattention to the road ahead,coarse,,0,
NHTSA_INA_0557,NHTSA-derived,NHTSA_INA_0557,Inattention to the road ahead,coarse,,0,
NHTSA_INA_0558,NHTSA-derived,NHTSA_INA_0558,Inattention to the road ahead,coarse,,0,
NHTSA_INA_0559,NHTSA-derived,NHTSA_INA_0559,Inattention to the road ahead,coarse,,0,
NHTSA_INA_0560,NHTSA-derived,NHTSA_INA_0560,Inattention to the road ahead,coarse,,0,
NHTSA_INA_0561,NHTSA-derived,NHTSA_INA_0561,Inattention to the road ahead,coarse,,0,
NHTSA_INA_0562,NHTSA-derived,NHTSA_INA_0562,Inattention to the road ahead,coarse,,0,
NHTSA_INA_0563,NHTSA-derived,NHTSA_INA_0563,Inattention to the road ahead,coarse,,0,
NHTSA_INA_0564,NHTSA-derived,NHTSA_INA_0564,Inattention to the road ahead,coarse,,0,
NHTSA_INA_0565,NHTSA-derived,NHTSA_INA_0565,Inattention to the road ahead,coarse,,0,
NHTSA_INA_0566,NHTSA-derived,NHTSA_INA_0566,Inattention to the road ahead,coarse,,0,
NHTSA_INA_0567,NHTSA-derived,NHTSA_INA_0567,Inattention to the road ahead,coarse,,0,
NHTSA_INA_0568,NHTSA-derived,NHTSA_INA_0568,Inattention to the road ahead,coarse,,0,
NHTSA_INA_0569,NHTSA-derived,NHTSA_INA_0569,Inattention to the road ahead,coarse,,0,
NHTSA_INA_0570,NHTSA-derived,NHTSA_INA_0570,Inattention to the road ahead,coarse,,0,
NHTSA_INA_0571,NHTSA-derived,NHTSA_INA_0571,Inattention to the road ahead,coarse,,0,
NHTSA_INA_0572,NHTSA-derived,NHTSA_INA_0572,Inattention to the road ahead,coarse,,0,
NHTSA_INA_0573,NHTSA-derived,NHTSA_INA_0573,Inattention to the road ahead,coarse,,0,
NHTSA_INA_0574,NHTSA-derived,NHTSA_INA_0574,Inattention to the road ahead,coarse,,0,
NHTSA_INA_0575,NHTSA-derived,NHTSA_INA_0575,Inattention to the road ahead,coarse,,0,
NHTSA_INA_0576,NHTSA-derived,NHTSA_INA_0576,Inattention to the road ahead,coarse,,0,
NHTSA_INA_0577,NHTSA-derived,NHTSA_INA_0577,Inattention to the road ahead,coarse,,0,
NHTSA_INA_0578,NHTSA-derived,NHTSA_INA_0578,Inattention to the road ahead,coarse,,0,
NHTSA_INA_0579,NHTSA-derived,NHTSA_INA_0579,Inattention to the road ahead,coarse,,0,
NHTSA_INA_0580,NHTSA-derived,NHTSA_INA_0580,Inattention to the road ahead,coarse,,0,
NHTSA_INA_0581,NHTSA-derived,NHTSA_INA_0581,Inattention to the road ahead,coarse,,0,
NHTSA_INA_0582,NHTSA-derived,NHTSA_INA_0582,Inattention to the road ahead,coarse,,0,
NHTSA_INA_0583,NHTSA-derived,NHTSA_INA_0583,Inattention to the road ahead,coarse,,0,
NHTSA_INA_0584,NHTSA-derived,NHTSA_INA_0584,Inattention to the road ahead,coarse,,0,
NHTSA_INA_0585,NHTSA-derived,NHTSA_INA_0585,Inattention to the road ahead,coarse,,0,
NHTSA_INA_0586,NHTSA-derived,NHTSA_INA_0586,Inattention to the road ahead,coarse,,0,
NHTSA_INA_0587,NHTSA-derived,NHTSA_INA_0587,Inattention to the road ahead,coarse,,0,
NHTSA_INA_0588,NHTSA-derived,NHTSA_INA_0588,Inattention to the road ahead,coarse,,0,
NHTSA_INA_0589,NHTSA-derived,NHTSA_INA_0589,Inattention to the road ahead,coarse,,0,
NHTSA_INA_0590,NHTSA-derived,NHTSA_INA_0590,Inattention to the road ahead,coarse,,0,
NHTSA_INA_0591,NHTSA-derived,NHTSA_INA_0591,Inattention to the road ahead,coarse,,0,
NHTSA_INA_0592,NHTSA-derived,NHTSA_INA_0592,Inattention to the road ahead,coarse,,0,
NHTSA_INA_0593,NHTSA-derived,NHTSA_INA_0593,Inattention to the road ahead,coarse,,0,
NHTSA_INA_0594,NHTSA-derived,NHTSA_INA_0594,Inattention to the road ahead,coarse,,0,
NHTSA_INA_0595,NHTSA-derived,NHTSA_INA_0595,Inattention to the road ahead,coarse,,0,
NHTSA_INA_0596,NHTSA-derived,NHTSA_INA_0596,Inattention to the road ahead,coarse,,0,
NHTSA_INA_0597,NHTSA-derived,NHTSA_INA_0597,Inattention to the road ahead,coarse,,0,
NHTSA_INA_0598,NHTSA-derived,NHTSA_INA_0598,Inattention to the road ahead,coarse,,0,
NHTSA_INA_0599,NHTSA-derived,NHTSA_INA_0599,Inattention to the road ahead,coarse,,0,
NHTSA_INA_0600,NHTSA-derived,NHTSA_INA_0600,Inattention to the road ahead,coarse,,0,
NHTSA_INA_0601,NHTSA-derived,NHTSA_INA_0601,Inattention to the road ahead,coarse,,0,
NHTSA_INA_0602,NHTSA-derived,NHTSA_INA_0602,Inattention to the road ahead,coarse,,0,
NHTSA_INA_0603,NHTSA-derived,NHTSA_INA_0603,Inattention to the road ahead,coarse,,0,
NHTSA_INA_0604,NHTSA-derived,NHTSA_INA_0604,Inattention to the road ahead,coarse,,0,
NHTSA_INA_0605,NHTSA-derived,NHTSA_INA_0605,Inattention to the road ahead,coarse,,0,
NHTSA_INA_0606,NHTSA-derived,NHTSA_INA_0606,Inattention to the road ahead,coarse,,0,
NHTSA_INA_0607,NHTSA-derived,NHTSA_INA_0607,Inattention to the road ahead,coarse,,0,
NHTSA_INA_0608,NHTSA-derived,NHTSA_INA_0608,Inattention to the road ahead,coarse,,0,
NHTSA_INA_0609,NHTSA-derived,NHTSA_INA_0609,Inattention to the road ahead,coarse,,0,
NHTSA_INA_0610,NHTSA-derived,NHTSA_INA_0610,Inattention to the road ahead,coarse,,0,
NHTSA_INA_0611,NHTSA-derived,NHTSA_INA_0611,Inattention to the road ahead,coarse,,0,
NHTSA_INA_0612,NHTSA-derived,NHTSA_INA_0612,Inattention to the road ahead,coarse,,0,
NHTSA_INA_0613,NHTSA-derived,NHTSA_INA_0613,Inattention to the road ahead,coarse,,0,
NHTSA_INA_0614,NHTSA-derived,NHTSA_INA_0614,Inattention to the road ahead,coarse,,0,
NHTSA_INA_0615,NHTSA-derived,NHTSA_INA_0615,Inattention to the road ahead,coarse,,0,
NHTSA_INA_0616,NHTSA-derived,NHTSA_INA_0616,Inattention to the road ahead,coarse,,0,
NHTSA_INA_0617,NHTSA-derived,NHTSA_INA_0617,Inattention to the road ahead,coarse,,0,
NHTSA_INA_0618,NHTSA-derived,NHTSA_INA_0618,Inattention to the road ahead,coarse,,0,
NHTSA_INA_0619,NHTSA-derived,NHTSA_INA_0619,Inattention to the road ahead,coarse,,0,
NHTSA_INA_0620,NHTSA-derived,NHTSA_INA_0620,Inattention to the road ahead,coarse,,0,
NHTSA_INA_0621,NHTSA-derived,NHTSA_INA_0621,Inattention to the road ahead,coarse,,0,
NHTSA_INA_0622,NHTSA-derived,NHTSA_INA_0622,Inattention to the road ahead,coarse,,0,
NHTSA_INA_0623,NHTSA-derived,NHTSA_INA_0623,Inattention to the road ahead,coarse,,0,
NHTSA_INA_0624,NHTSA-derived,NHTSA_INA_0624,Inattention to the road ahead,coarse,,0,
NHTSA_INA_0625,NHTSA-derived,NHTSA_INA_0625,Inattention to the road ahead,coarse,,0,
NHTSA_INA_0626,NHTSA-derived,NHTSA_INA_0626,Inattention to the road ahead,coarse,,0,
NHTSA_INA_0627,NHTSA-derived,NHTSA_INA_0627,Inattention to the road ahead,coarse,,0,
NHTSA_INA_0628,NHTSA-derived,NHTSA_INA_0628,Inattention to the road ahead,coarse,,0,
NHTSA_INA_0629,NHTSA-derived,NHTSA_INA_0629,Inattention to the road ahead,coarse,,0,
NHTSA_INA_0630,NHTSA-derived,NHTSA_INA_0630,Inattention to the road ahead,coarse,,0,
NHTSA_INA_0631,NHTSA-derived,NHTSA_INA_0631,Inattention to the road ahead,coarse,,0,
NHTSA_INA_0632,NHTSA-derived,NHTSA_INA_0632,Inattention to the road ahead,coarse,,0,
NHTSA_INA_0633,NHTSA-derived,NHTSA_INA_0633,Inattention to the road ahead,coarse,,0,
NHTSA_INA_0634,NHTSA-derived,NHTSA_INA_0634,Inattention to the road ahead,coarse,,0,
NHTSA_INA_0635,NHTSA-derived,NHTSA_INA_0635,Inattention to the road ahead,coarse,,0,
NHTSA_INA_0636,NHTSA-derived,NHTSA_INA_0636,Inattention to the road ahead,coarse,,0,
NHTSA_INA_0637,NHTSA-derived,NHTSA_INA_0637,Inattention to the road ahead,coarse,,0,
NHTSA_INA_0638,NHTSA-derived,NHTSA_INA_0638,Inattention to the road ahead,coarse,,0,
NHTSA_INA_0639,NHTSA-derived,NHTSA_INA_0639,Inattention to the road ahead,coarse,,0,
NHTSA_INA_0640,NHTSA-derived,NHTSA_INA_0640,Inattention to the road ahead,coarse,,0,
NHTSA_INA_0641,NHTSA-derived,NHTSA_INA_0641,Inattention to the road ahead,coarse,,0,
NHTSA_INA_0642,NHTSA-derived,NHTSA_INA_0642,Inattention to the road ahead,coarse,,0,
NHTSA_INA_0643,NHTSA-derived,NHTSA_INA_0643,Inattention to the road ahead,coarse,,0,
NHTSA_INA_0644,NHTSA-derived,NHTSA_INA_0644,Inattention to the road ahead,coarse,,0,
NHTSA_INA_0645,NHTSA-derived,NHTSA_INA_0645,Inattention to the road ahead,coarse,,0,
NHTSA_INA_0646,NHTSA-derived,NHTSA_INA_0646,Inattention to the road ahead,coarse,,0,
SYNTH_INA_0001,synthetic-topology-extension,,Inattention to the road ahead,fine,NHTSA_INA_0001,1,716
SYNTH_INA_0002,synthetic-topology-extension,,Inattention to the road ahead,fine,NHTSA_INA_0002,1,716
SYNTH_INA_0003,synthetic-topology-extension,,Inattention to the road ahead,fine,NHTSA_INA_0003,1,716
SYNTH_INA_0004,synthetic-topology-extension,,Inattention to the road ahead,fine,NHTSA_INA_0004,1,716
SYNTH_INA_0005,synthetic-topology-extension,,Inattention to the road ahead,fine,NHTSA_INA_0005,1,716
SYNTH_INA_0006,synthetic-topology-extension,,Inattention to the road ahead,fine,NHTSA_INA_0006,1,716
SYNTH_INA_0007,synthetic-topology-extension,,Inattention to the road ahead,fine,NHTSA_INA_0007,1,716
SYNTH_INA_0008,synthetic-topology-extension,,Inattention to the road ahead,fine,NHTSA_INA_0008,1,716
SYNTH_INA_0009,synthetic-topology-extension,,Inattention to the road ahead,fine,NHTSA_INA_0009,1,716
SYNTH_INA_0010,synthetic-topology-extension,,Inattention to the road ahead,fine,NHTSA_INA_0010,1,716
SYNTH_INA_0011,synthetic-topology-extension,,Inattention to the road ahead,fine,NHTSA_INA_0011,1,716
SYNTH_INA_0012,synthetic-topology-extension,,Inattention to the road ahead,fine,NHTSA_INA_0012,1,716
SYNTH_INA_0013,synthetic-topology-extension,,Inattention to the road ahead,fine,NHTSA_INA_0013,1,716
SYNTH_INA_0014,synthetic-topology-extension,,Inattention to the road ahead,fine,NHTSA_INA_0014,1,716
SYNTH_INA_0015,synthetic-topology-extension,,Inattention to the road ahead,fine,NHTSA_INA_0015,1,716
SYNTH_INA_0016,synthetic-topology-extension,,Inattention to the road ahead,fine,NHTSA_INA_0016,1,716
SYNTH_INA_0017,synthetic-topology-extension,,Inattention to the road ahead,fine,NHTSA_INA_0017,1,716
SYNTH_INA_0018,synthetic-topology-extension,,Inattention to the road ahead,fine,NHTSA_INA_0018,1,716
SYNTH_INA_0019,synthetic-topology-extension,,Inattention to the road ahead,fine,NHTSA_INA_0019,1,716
SYNTH_INA_0020,synthetic-topology-extension,,Inattention to the road ahead,fine,NHTSA_INA_0020,1,716
SYNTH_INA_0021,synthetic-topology-extension,,Inattention to the road ahead,fine,NHTSA_INA_0021,1,716
SYNTH_INA_0022,synthetic-topology-extension,,Inattention to the road ahead,fine,NHTSA_INA_0022,1,716
SYNTH_INA_0023,synthetic-topology-extension,,Inattention to the road ahead,fine,NHTSA_INA_0023,1,716
SYNTH_INA_0024,synthetic-topology-extension,,Inattention to the road ahead,fine,NHTSA_INA_0024,1,716
SYNTH_INA_0025,synthetic-topology-extension,,Inattention to the road ahead,fine,NHTSA_INA_0025,1,716
SYNTH_INA_0026,synthetic-topology-extension,,Inattention to the road ahead,fine,NHTSA_INA_0026,1,716
SYNTH_INA_0027,synthetic-topology-extension,,Inattention to the road ahead,fine,NHTSA_INA_0027,1,716
SYNTH_INA_0028,synthetic-topology-extension,,Inattention to the road ahead,fine,NHTSA_INA_0028,1,716
SYNTH_INA_0029,synthetic-topology-extension,,Inattention to the road ahead,fine,NHTSA_INA_0029,1,716
SYNTH_INA_0030,synthetic-topology-extension,,Inattention to the road ahead,fine,NHTSA_INA_0030,1,716
SYNTH_INA_0031,synthetic-topology-extension,,Inattention to the road ahead,fine,NHTSA_INA_0031,1,716
SYNTH_INA_0032,synthetic-topology-extension,,Inattention to the road ahead,fine,NHTSA_INA_0032,1,716
SYNTH_INA_0033,synthetic-topology-extension,,Inattention to the road ahead,fine,NHTSA_INA_0033,1,716
SYNTH_INA_0034,synthetic-topology-extension,,Inattention to the road ahead,fine,NHTSA_INA_0034,1,716
SYNTH_INA_0035,synthetic-topology-extension,,Inattention to the road ahead,fine,NHTSA_INA_0035,1,716
SYNTH_INA_0036,synthetic-topology-extension,,Inattention to the road ahead,fine,NHTSA_INA_0036,1,716
SYNTH_INA_0037,synthetic-topology-extension,,Inattention to the road ahead,fine,NHTSA_INA_0037,1,716
SYNTH_INA_0038,synthetic-topology-extension,,Inattention to the road ahead,fine,NHTSA_INA_0038,1,716
SYNTH_INA_0039,synthetic-topology-extension,,Inattention to the road ahead,fine,NHTSA_INA_0039,1,716
SYNTH_INA_0040,synthetic-topology-extension,,Inattention to the road ahead,fine,NHTSA_INA_0040,1,716
SYNTH_INA_0041,synthetic-topology-extension,,Inattention to the road ahead,fine,NHTSA_INA_0041,1,716
SYNTH_INA_0042,synthetic-topology-extension,,Inattention to the road ahead,fine,NHTSA_INA_0042,1,716
SYNTH_INA_0043,synthetic-topology-extension,,Inattention to the road ahead,fine,NHTSA_INA_0043,1,716
SYNTH_INA_0044,synthetic-topology-extension,,Inattention to the road ahead,fine,NHTSA_INA_0044,1,716
SYNTH_INA_0045,synthetic-topology-extension,,Inattention to the road ahead,fine,NHTSA_INA_0045,1,716
SYNTH_INA_0046,synthetic-topology-extension,,Inattention to the road ahead,fine,NHTSA_INA_0046,1,716
SYNTH_INA_0047,synthetic-topology-extension,,Inattention to the road ahead,fine,NHTSA_INA_0047,1,716
SYNTH_INA_0048,synthetic-topology-extension,,Inattention to the road ahead,fine,NHTSA_INA_0048,1,716
SYNTH_INA_0049,synthetic-topology-extension,,Inattention to the road ahead,fine,NHTSA_INA_0049,1,716
SYNTH_INA_0050,synthetic-topology-extension,,Inattention to the road ahead,fine,NHTSA_INA_0050,1,716
SYNTH_INA_0051,synthetic-topology-extension,,Inattention to the road ahead,fine,NHTSA_INA_0051,1,716
SYNTH_INA_0052,synthetic-topology-extension,,Inattention to the road ahead,fine,NHTSA_INA_0052,1,716
SYNTH_INA_0053,synthetic-topology-extension,,Inattention to the road ahead,fine,NHTSA_INA_0053,1,716
SYNTH_INA_0054,synthetic-topology-extension,,Inattention to the road ahead,fine,NHTSA_INA_0054,1,716
SYNTH_INA_0055,synthetic-topology-extension,,Inattention to the road ahead,fine,NHTSA_INA_0055,1,716
SYNTH_INA_0056,synthetic-topology-extension,,Inattention to the road ahead,fine,NHTSA_INA_0056,1,716
SYNTH_INA_0057,synthetic-topology-extension,,Inattention to the road ahead,fine,NHTSA_INA_0057,1,716
SYNTH_INA_0058,synthetic-topology-extension,,Inattention to the road ahead,fine,NHTSA_INA_0058,1,716
SYNTH_INA_0059,synthetic-topology-extension,,Inattention to the road ahead,fine,NHTSA_INA_0059,1,716
SYNTH_INA_0060,synthetic-topology-extension,,Inattention to the road ahead,fine,NHTSA_INA_0060,1,716
SYNTH_INA_0061,synthetic-topology-extension,,Inattention to the road ahead,fine,NHTSA_INA_0061,1,716
SYNTH_INA_0062,synthetic-topology-extension,,Inattention to the road ahead,fine,NHTSA_INA_0062,1,716
SYNTH_INA_0063,synthetic-topology-extension,,Inattention to the road ahead,fine,NHTSA_INA_0063,1,716
SYNTH_INA_0064,synthetic-topology-extension,,Inattention to the road ahead,fine,NHTSA_INA_0064,1,716
SYNTH_INA_0065,synthetic-topology-extension,,Inattention to the road ahead,fine,NHTSA_INA_0065,1,716
SYNTH_INA_0066,synthetic-topology-extension,,Inattention to the road ahead,fine,NHTSA_INA_0066,1,716
SYNTH_INA_0067,synthetic-topology-extension,,Inattention to the road ahead,fine,NHTSA_INA_0067,1,716
SYNTH_INA_0068,synthetic-topology-extension,,Inattention to the road ahead,fine,NHTSA_INA_0068,1,716
SYNTH_INA_0069,synthetic-topology-extension,,Inattention to the road ahead,fine,NHTSA_INA_0069,1,716
SYNTH_INA_0070,synthetic-topology-extension,,Inattention to the road ahead,fine,NHTSA_INA_0070,1,716
SYNTH_INA_0071,synthetic-topology-extension,,Inattention to the road ahead,fine,NHTSA_INA_0071,1,716
SYNTH_INA_0072,synthetic-topology-extension,,Inattention to the road ahead,fine,NHTSA_INA_0072,1,716
SYNTH_INA_0073,synthetic-topology-extension,,Inattention to the road ahead,fine,NHTSA_INA_0073,1,716
SYNTH_INA_0074,synthetic-topology-extension,,Inattention to the road ahead,fine,NHTSA_INA_0074,1,716
SYNTH_INA_0075,synthetic-topology-extension,,Inattention to the road ahead,fine,NHTSA_INA_0075,1,716
SYNTH_INA_0076,synthetic-topology-extension,,Inattention to the road ahead,fine,NHTSA_INA_0076,1,716
SYNTH_INA_0077,synthetic-topology-extension,,Inattention to the road ahead,fine,NHTSA_INA_0077,1,716
SYNTH_INA_0078,synthetic-topology-extension,,Inattention to the road ahead,fine,NHTSA_INA_0078,1,716
SYNTH_INA_0079,synthetic-topology-extension,,Inattention to the road ahead,fine,NHTSA_INA_0079,1,716
SYNTH_INA_0080,synthetic-topology-extension,,Inattention to the road ahead,fine,NHTSA_INA_0080,1,716
SYNTH_INA_0081,synthetic-topology-extension,,Inattention to the road ahead,fine,NHTSA_INA_0081,1,716
SYNTH_INA_0082,synthetic-topology-extension,,Inattention to the road ahead,fine,NHTSA_INA_0082,1,716
SYNTH_INA_0083,synthetic-topology-extension,,Inattention to the road ahead,fine,NHTSA_INA_0083,1,716
SYNTH_INA_0084,synthetic-topology-extension,,Inattention to the road ahead,fine,NHTSA_INA_0084,1,716
SYNTH_INA_0085,synthetic-topology-extension,,Inattention to the road ahead,fine,NHTSA_INA_0085,1,716
SYNTH_INA_0086,synthetic-topology-extension,,Inattention to the road ahead,fine,NHTSA_INA_0086,1,716
SYNTH_INA_0087,synthetic-topology-extension,,Inattention to the road ahead,fine,NHTSA_INA_0087,1,716
SYNTH_INA_0088,synthetic-topology-extension,,Inattention to the road ahead,fine,NHTSA_INA_0088,1,716
SYNTH_INA_0089,synthetic-topology-extension,,Inattention to the road ahead,fine,NHTSA_INA_0089,1,716
SYNTH_INA_0090,synthetic-topology-extension,,Inattention to the road ahead,fine,NHTSA_INA_0090,1,716
SYNTH_INA_0091,synthetic-topology-extension,,Inattention to the road ahead,fine,NHTSA_INA_0091,1,716
SYNTH_INA_0092,synthetic-topology-extension,,Inattention to the road ahead,fine,NHTSA_INA_0092,1,716
SYNTH_INA_0093,synthetic-topology-extension,,Inattention to the road ahead,fine,NHTSA_INA_0093,1,716
SYNTH_INA_0094,synthetic-topology-extension,,Inattention to the road ahead,fine,NHTSA_INA_0094,1,716
SYNTH_INA_0095,synthetic-topology-extension,,Inattention to the road ahead,fine,NHTSA_INA_0095,1,716
SYNTH_INA_0096,synthetic-topology-extension,,Inattention to the road ahead,fine,NHTSA_INA_0096,1,716
SYNTH_INA_0097,synthetic-topology-extension,,Inattention to the road ahead,fine,NHTSA_INA_0097,1,716
SYNTH_INA_0098,synthetic-topology-extension,,Inattention to the road ahead,fine,NHTSA_INA_0098,1,716
SYNTH_INA_0099,synthetic-topology-extension,,Inattention to the road ahead,fine,NHTSA_INA_0099,1,716
SYNTH_INA_0100,synthetic-topology-extension,,Inattention to the road ahead,fine,NHTSA_INA_0100,1,716
SYNTH_INA_0101,synthetic-topology-extension,,Inattention to the road ahead,fine,NHTSA_INA_0101,1,716
SYNTH_INA_0102,synthetic-topology-extension,,Inattention to the road ahead,fine,NHTSA_INA_0102,1,716
SYNTH_INA_0103,synthetic-topology-extension,,Inattention to the road ahead,fine,NHTSA_INA_0103,1,716
SYNTH_INA_0104,synthetic-topology-extension,,Inattention to the road ahead,fine,NHTSA_INA_0104,1,716
SYNTH_INA_0105,synthetic-topology-extension,,Inattention to the road ahead,fine,NHTSA_INA_0105,1,716
SYNTH_INA_0106,synthetic-topology-extension,,Inattention to the road ahead,fine,NHTSA_INA_0106,1,716
SYNTH_INA_0107,synthetic-topology-extension,,Inattention to the road ahead,fine,NHTSA_INA_0107,1,716
SYNTH_INA_0108,synthetic-topology-extension,,Inattention to the road ahead,fine,NHTSA_INA_0108,1,716
SYNTH_INA_0109,synthetic-topology-extension,,Inattention to the road ahead,fine,NHTSA_INA_0109,1,716
SYNTH_INA_0110,synthetic-topology-extension,,Inattention to the road ahead,fine,NHTSA_INA_0110,1,716
SYNTH_INA_0111,synthetic-topology-extension,,Inattention to the road ahead,fine,NHTSA_INA_0111,1,716
SYNTH_INA_0112,synthetic-topology-extension,,Inattention to the road ahead,fine,NHTSA_INA_0112,1,716
SYNTH_INA_0113,synthetic-topology-extension,,Inattention to the road ahead,fine,NHTSA_INA_0113,1,716
SYNTH_INA_0114,synthetic-topology-extension,,Inattention to the road ahead,fine,NHTSA_INA_0114,1,716
SYNTH_INA_0115,synthetic-topology-extension,,Inattention to the road ahead,fine,NHTSA_INA_0115,1,716
SYNTH_INA_0116,synthetic-topology-extension,,Inattention to the road ahead,fine,NHTSA_INA_0116,1,716
SYNTH_INA_0117,synthetic-topology-extension,,Inattention to the road ahead,fine,NHTSA_INA_0117,1,716
SYNTH_INA_0118,synthetic-topology-extension,,Inattention to the road ahead,fine,NHTSA_INA_0118,1,716
SYNTH_INA_0119,synthetic-topology-extension,,Inattention to the road ahead,fine,NHTSA_INA_0119,1,716
SYNTH_INA_0120,synthetic-topology-extension,,Inattention to the road ahead,fine,NHTSA_INA_0120,1,716
SYNTH_INA_0121,synthetic-topology-extension,,Inattention to the road ahead,fine,NHTSA_INA_0121,1,716
SYNTH_INA_0122,synthetic-topology-extension,,Inattention to the road ahead,fine,NHTSA_INA_0122,1,716
SYNTH_INA_0123,synthetic-topology-extension,,Inattention to the road ahead,fine,NHTSA_INA_0123,1,716
SYNTH_INA_0124,synthetic-topology-extension,,Inattention to the road ahead,fine,NHTSA_INA_0124,1,716
SYNTH_INA_0125,synthetic-topology-extension,,Inattention to the road ahead,fine,NHTSA_INA_0125,1,716
SYNTH_INA_0126,synthetic-topology-extension,,Inattention to the road ahead,fine,NHTSA_INA_0126,1,716
SYNTH_INA_0127,synthetic-topology-extension,,Inattention to the road ahead,fine,NHTSA_INA_0127,1,716
SYNTH_INA_0128,synthetic-topology-extension,,Inattention to the road ahead,fine,NHTSA_INA_0128,1,716
SYNTH_INA_0129,synthetic-topology-extension,,Inattention to the road ahead,fine,NHTSA_INA_0129,1,716
SYNTH_INA_0130,synthetic-topology-extension,,Inattention to the road ahead,fine,NHTSA_INA_0130,1,716
SYNTH_INA_0131,synthetic-topology-extension,,Inattention to the road ahead,fine,NHTSA_INA_0131,1,716
SYNTH_INA_0132,synthetic-topology-extension,,Inattention to the road ahead,fine,NHTSA_INA_0132,1,716
SYNTH_INA_0133,synthetic-topology-extension,,Inattention to the road ahead,fine,NHTSA_INA_0133,1,716
SYNTH_INA_0134,synthetic-topology-extension,,Inattention to the road ahead,fine,NHTSA_INA_0134,1,716
SYNTH_INA_0135,synthetic-topology-extension,,Inattention to the road ahead,fine,NHTSA_INA_0135,1,716
SYNTH_INA_0136,synthetic-topology-extension,,Inattention to the road ahead,fine,NHTSA_INA_0136,1,716
SYNTH_INA_0137,synthetic-topology-extension,,Inattention to the road ahead,fine,NHTSA_INA_0137,1,716
SYNTH_INA_0138,synthetic-topology-extension,,Inattention to the road ahead,fine,NHTSA_INA_0138,1,716
SYNTH_INA_0139,synthetic-topology-extension,,Inattention to the road ahead,fine,NHTSA_INA_0139,1,716
SYNTH_INA_0140,synthetic-topology-extension,,Inattention to the road ahead,fine,NHTSA_INA_0140,1,716
SYNTH_INA_0141,synthetic-topology-extension,,Inattention to the road ahead,fine,NHTSA_INA_0141,1,716
SYNTH_INA_0142,synthetic-topology-extension,,Inattention to the road ahead,fine,NHTSA_INA_0142,1,716
SYNTH_INA_0143,synthetic-topology-extension,,Inattention to the road ahead,fine,NHTSA_INA_0143,1,716
SYNTH_INA_0144,synthetic-topology-extension,,Inattention to the road ahead,fine,NHTSA_INA_0144,1,716
SYNTH_INA_0145,synthetic-topology-extension,,Inattention to the road ahead,fine,NHTSA_INA_0145,1,716
SYNTH_INA_0146,synthetic-topology-extension,,Inattention to the road ahead,fine,NHTSA_INA_0146,1,716
SYNTH_INA_0147,synthetic-topology-extension,,Inattention to the road ahead,fine,NHTSA_INA_0147,1,716
SYNTH_INA_0148,synthetic-topology-extension,,Inattention to the road ahead,fine,NHTSA_INA_0148,1,716
SYNTH_INA_0149,synthetic-topology-extension,,Inattention to the road ahead,fine,NHTSA_INA_0149,1,716
SYNTH_INA_0150,synthetic-topology-extension,,Inattention to the road ahead,fine,NHTSA_INA_0150,1,716
SYNTH_INA_0151,synthetic-topology-extension,,Inattention to the road ahead,fine,NHTSA_INA_0151,1,716
SYNTH_INA_0152,synthetic-topology-extension,,Inattention to the road ahead,fine,NHTSA_INA_0152,1,716
SYNTH_INA_0153,synthetic-topology-extension,,Inattention to the road ahead,fine,NHTSA_INA_0153,1,716
SYNTH_INA_0154,synthetic-topology-extension,,Inattention to the road ahead,fine,NHTSA_INA_0154,1,716
SYNTH_INA_0155,synthetic-topology-extension,,Inattention to the road ahead,fine,NHTSA_INA_0155,1,716
SYNTH_INA_0156,synthetic-topology-extension,,Inattention to the road ahead,fine,NHTSA_INA_0156,1,716
SYNTH_INA_0157,synthetic-topology-extension,,Inattention to the road ahead,fine,NHTSA_INA_0157,1,716
SYNTH_INA_0158,synthetic-topology-extension,,Inattention to the road ahead,fine,NHTSA_INA_0158,1,716
SYNTH_INA_0159,synthetic-topology-extension,,Inattention to the road ahead,fine,NHTSA_INA_0159,1,716
SYNTH_INA_0160,synthetic-topology-extension,,Inattention to the road ahead,fine,NHTSA_INA_0160,1,716
SYNTH_INA_0161,synthetic-topology-extension,,Inattention to the road ahead,fine,NHTSA_INA_0161,1,716
SYNTH_INA_0162,synthetic-topology-extension,,Inattention to the road ahead,fine,NHTSA_INA_0162,1,716
SYNTH_INA_0163,synthetic-topology-extension,,Inattention to the road ahead,fine,NHTSA_INA_0163,1,716
SYNTH_INA_0164,synthetic-topology-extension,,Inattention to the road ahead,fine,NHTSA_INA_0164,1,716
SYNTH_INA_0165,synthetic-topology-extension,,Inattention to the road ahead,fine,NHTSA_INA_0165,1,716
SYNTH_INA_0166,synthetic-topology-extension,,Inattention to the road ahead,fine,NHTSA_INA_0166,1,716
SYNTH_INA_0167,synthetic-topology-extension,,Inattention to the road ahead,fine,NHTSA_INA_0167,1,716
SYNTH_INA_0168,synthetic-topology-extension,,Inattention to the road ahead,fine,NHTSA_INA_0168,1,716
SYNTH_INA_0169,synthetic-topology-extension,,Inattention to the road ahead,fine,NHTSA_INA_0169,1,716
SYNTH_INA_0170,synthetic-topology-extension,,Inattention to the road ahead,fine,NHTSA_INA_0170,1,716
SYNTH_INA_0171,synthetic-topology-extension,,Inattention to the road ahead,fine,NHTSA_INA_0171,1,716
SYNTH_INA_0172,synthetic-topology-extension,,Inattention to the road ahead,fine,NHTSA_INA_0172,1,716
SYNTH_INA_0173,synthetic-topology-extension,,Inattention to the road ahead,fine,NHTSA_INA_0173,1,716
SYNTH_INA_0174,synthetic-topology-extension,,Inattention to the road ahead,fine,NHTSA_INA_0174,1,716
SYNTH_INA_0175,synthetic-topology-extension,,Inattention to the road ahead,fine,NHTSA_INA_0175,1,716
SYNTH_INA_0176,synthetic-topology-extension,,Inattention to the road ahead,fine,NHTSA_INA_0176,1,716
SYNTH_INA_0177,synthetic-topology-extension,,Inattention to the road ahead,fine,NHTSA_INA_0177,1,716
SYNTH_INA_0178,synthetic-topology-extension,,Inattention to the road ahead,fine,NHTSA_INA_0178,1,716
SYNTH_INA_0179,synthetic-topology-extension,,Inattention to the road ahead,fine,NHTSA_INA_0179,1,716
SYNTH_INA_0180,synthetic-topology-extension,,Inattention to the road ahead,fine,NHTSA_INA_0180,1,716
SYNTH_INA_0181,synthetic-topology-extension,,Inattention to the road ahead,fine,NHTSA_INA_0181,1,716
SYNTH_INA_0182,synthetic-topology-extension,,Inattention to the road ahead,fine,NHTSA_INA_0182,1,716
SYNTH_INA_0183,synthetic-topology-extension,,Inattention to the road ahead,fine,NHTSA_INA_0183,1,716
SYNTH_INA_0184,synthetic-topology-extension,,Inattention to the road ahead,fine,NHTSA_INA_0184,1,716
SYNTH_INA_0185,synthetic-topology-extension,,Inattention to the road ahead,fine,NHTSA_INA_0185,1,716
SYNTH_INA_0186,synthetic-topology-extension,,Inattention to the road ahead,fine,NHTSA_INA_0186,1,716
SYNTH_INA_0187,synthetic-topology-extension,,Inattention to the road ahead,fine,NHTSA_INA_0187,1,716
SYNTH_INA_0188,synthetic-topology-extension,,Inattention to the road ahead,fine,NHTSA_INA_0188,1,716
SYNTH_INA_0189,synthetic-topology-extension,,Inattention to the road ahead,fine,NHTSA_INA_0189,1,716
SYNTH_INA_0190,synthetic-topology-extension,,Inattention to the road ahead,fine,NHTSA_INA_0190,1,716
SYNTH_INA_0191,synthetic-topology-extension,,Inattention to the road ahead,fine,NHTSA_INA_0191,1,716
SYNTH_INA_0192,synthetic-topology-extension,,Inattention to the road ahead,fine,NHTSA_INA_0192,1,716
SYNTH_INA_0193,synthetic-topology-extension,,Inattention to the road ahead,fine,NHTSA_INA_0193,1,716
SYNTH_INA_0194,synthetic-topology-extension,,Inattention to the road ahead,fine,NHTSA_INA_0194,1,716
SYNTH_INA_0195,synthetic-topology-extension,,Inattention to the road ahead,fine,NHTSA_INA_0195,1,716
SYNTH_INA_0196,synthetic-topology-extension,,Inattention to the road ahead,fine,NHTSA_INA_0196,1,716
SYNTH_INA_0197,synthetic-topology-extension,,Inattention to the road ahead,fine,NHTSA_INA_0197,1,716
SYNTH_INA_0198,synthetic-topology-extension,,Inattention to the road ahead,fine,NHTSA_INA_0198,1,716
SYNTH_INA_0199,synthetic-topology-extension,,Inattention to the road ahead,fine,NHTSA_INA_0199,1,716
SYNTH_INA_0200,synthetic-topology-extension,,Inattention to the road ahead,fine,NHTSA_INA_0200,1,716
SYNTH_INA_0201,synthetic-topology-extension,,Inattention to the road ahead,fine,NHTSA_INA_0201,1,716
SYNTH_INA_0202,synthetic-topology-extension,,Inattention to the road ahead,fine,NHTSA_INA_0202,1,716
SYNTH_INA_0203,synthetic-topology-extension,,Inattention to the road ahead,fine,NHTSA_INA_0203,1,716
SYNTH_INA_0204,synthetic-topology-extension,,Inattention to the road ahead,fine,NHTSA_INA_0204,1,716
SYNTH_INA_0205,synthetic-topology-extension,,Inattention to the road ahead,fine,NHTSA_INA_0205,1,716
SYNTH_INA_0206,synthetic-topology-extension,,Inattention to the road ahead,fine,NHTSA_INA_0206,1,716
SYNTH_INA_0207,synthetic-topology-extension,,Inattention to the road ahead,fine,NHTSA_INA_0207,1,716
SYNTH_INA_0208,synthetic-topology-extension,,Inattention to the road ahead,fine,NHTSA_INA_0208,1,716
SYNTH_INA_0209,synthetic-topology-extension,,Inattention to the road ahead,fine,NHTSA_INA_0209,1,716
SYNTH_INA_0210,synthetic-topology-extension,,Inattention to the road ahead,fine,NHTSA_INA_0210,1,716
SYNTH_INA_0211,synthetic-topology-extension,,Inattention to the road ahead,fine,NHTSA_INA_0211,1,716
SYNTH_INA_0212,synthetic-topology-extension,,Inattention to the road ahead,fine,NHTSA_INA_0212,1,716
SYNTH_INA_0213,synthetic-topology-extension,,Inattention to the road ahead,fine,NHTSA_INA_0213,1,716
SYNTH_INA_0214,synthetic-topology-extension,,Inattention to the road ahead,fine,NHTSA_INA_0214,1,716
SYNTH_INA_0215,synthetic-topology-extension,,Inattention to the road ahead,fine,NHTSA_INA_0215,1,716
SYNTH_INA_0216,synthetic-topology-extension,,Inattention to the road ahead,fine,NHTSA_INA_0216,1,716
SYNTH_INA_0217,synthetic-topology-extension,,Inattention to the road ahead,fine,NHTSA_INA_0217,1,716
NHTSA_FTY_0001,NHTSA-derived,NHTSA_FTY_0001,Failure to yield,fine,,0,
NHTSA_FTY_0002,NHTSA-derived,NHTSA_FTY_0002,Failure to yield,fine,,0,
NHTSA_FTY_0003,NHTSA-derived,NHTSA_FTY_0003,Failure to yield,fine,,0,
NHTSA_FTY_0004,NHTSA-derived,NHTSA_FTY_0004,Failure to yield,fine,,0,
NHTSA_FTY_0005,NHTSA-derived,NHTSA_FTY_0005,Failure to yield,fine,,0,
NHTSA_FTY_0006,NHTSA-derived,NHTSA_FTY_0006,Failure to yield,fine,,0,
NHTSA_FTY_0007,NHTSA-derived,NHTSA_FTY_0007,Failure to yield,coarse,,0,
NHTSA_FTY_0008,NHTSA-derived,NHTSA_FTY_0008,Failure to yield,coarse,,0,
NHTSA_FTY_0009,NHTSA-derived,NHTSA_FTY_0009,Failure to yield,coarse,,0,
NHTSA_FTY_0010,NHTSA-derived,NHTSA_FTY_0010,Failure to yield,coarse,,0,
NHTSA_FTY_0011,NHTSA-derived,NHTSA_FTY_0011,Failure to yield,coarse,,0,
NHTSA_FTY_0012,NHTSA-derived,NHTSA_FTY_0012,Failure to yield,coarse,,0,
NHTSA_FTY_0013,NHTSA-derived,NHTSA_FTY_0013,Failure to yield,coarse,,0,
NHTSA_FTY_0014,NHTSA-derived,NHTSA_FTY_0014,Failure to yield,coarse,,0,
NHTSA_FTY_0015,NHTSA-derived,NHTSA_FTY_0015,Failure to yield,coarse,,0,
NHTSA_FTY_0016,NHTSA-derived,NHTSA_FTY_0016,Failure to yield,coarse,,0,
NHTSA_FTY_0017,NHTSA-derived,NHTSA_FTY_0017,Failure to yield,coarse,,0,
NHTSA_FTY_0018,NHTSA-derived,NHTSA_FTY_0018,Failure to yield,coarse,,0,
NHTSA_FTY_0019,NHTSA-derived,NHTSA_FTY_0019,Failure to yield,coarse,,0,
NHTSA_FTY_0020,NHTSA-derived,NHTSA_FTY_0020,Failure to yield,coarse,,0,
NHTSA_FTY_0021,NHTSA-derived,NHTSA_FTY_0021,Failure to yield,coarse,,0,
NHTSA_FTY_0022,NHTSA-derived,NHTSA_FTY_0022,Failure to yield,coarse,,0,
NHTSA_FTY_0023,NHTSA-derived,NHTSA_FTY_0023,Failure to yield,coarse,,0,
NHTSA_FTY_0024,NHTSA-derived,NHTSA_FTY_0024,Failure to yield,coarse,,0,
NHTSA_FTY_0025,NHTSA-derived,NHTSA_FTY_0025,Failure to yield,coarse,,0,
NHTSA_FTY_0026,NHTSA-derived,NHTSA_FTY_0026,Failure to yield,coarse,,0,
NHTSA_FTY_0027,NHTSA-derived,NHTSA_FTY_0027,Failure to yield,coarse,,0,
NHTSA_FTY_0028,NHTSA-derived,NHTSA_FTY_0028,Failure to yield,coarse,,0,
NHTSA_FTY_0029,NHTSA-derived,NHTSA_FTY_0029,Failure to yield,coarse,,0,
NHTSA_FTY_0030,NHTSA-derived,NHTSA_FTY_0030,Failure to yield,coarse,,0,
NHTSA_FTY_0031,NHTSA-derived,NHTSA_FTY_0031,Failure to yield,coarse,,0,
NHTSA_FTY_0032,NHTSA-derived,NHTSA_FTY_0032,Failure to yield,coarse,,0,
NHTSA_FTY_0033,NHTSA-derived,NHTSA_FTY_0033,Failure to yield,coarse,,0,
NHTSA_FTY_0034,NHTSA-derived,NHTSA_FTY_0034,Failure to yield,coarse,,0,
NHTSA_FTY_0035,NHTSA-derived,NHTSA_FTY_0035,Failure to yield,coarse,,0,
NHTSA_FTY_0036,NHTSA-derived,NHTSA_FTY_0036,Failure to yield,coarse,,0,
NHTSA_FTY_0037,NHTSA-derived,NHTSA_FTY_0037,Failure to yield,coarse,,0,
NHTSA_FTY_0038,NHTSA-derived,NHTSA_FTY_0038,Failure to yield,coarse,,0,
NHTSA_FTY_0039,NHTSA-derived,NHTSA_FTY_0039,Failure to yield,coarse,,0,
NHTSA_FTY_0040,NHTSA-derived,NHTSA_FTY_0040,Failure to yield,coarse,,0,
NHTSA_FTY_0041,NHTSA-derived,NHTSA_FTY_0041,Failure to yield,coarse,,0,
NHTSA_FTY_0042,NHTSA-derived,NHTSA_FTY_0042,Failure to yield,coarse,,0,
NHTSA_FTY_0043,NHTSA-derived,NHTSA_FTY_0043,Failure to yield,coarse,,0,
NHTSA_FTY_0044,NHTSA-derived,NHTSA_FTY_0044,Failure to yield,coarse,,0,
NHTSA_FTY_0045,NHTSA-derived,NHTSA_FTY_0045,Failure to yield,coarse,,0,
NHTSA_FTY_0046,NHTSA-derived,NHTSA_FTY_0046,Failure to yield,coarse,,0,
NHTSA_FTY_0047,NHTSA-derived,NHTSA_FTY_0047,Failure to yield,coarse,,0,
NHTSA_FTY_0048,NHTSA-derived,NHTSA_FTY_0048,Failure to yield,coarse,,0,
NHTSA_FTY_0049,NHTSA-derived,NHTSA_FTY_0049,Failure to yield,coarse,,0,
NHTSA_FTY_0050,NHTSA-derived,NHTSA_FTY_0050,Failure to yield,coarse,,0,
NHTSA_FTY_0051,NHTSA-derived,NHTSA_FTY_0051,Failure to yield,coarse,,0,
NHTSA_FTY_0052,NHTSA-derived,NHTSA_FTY_0052,Failure to yield,coarse,,0,
NHTSA_FTY_0053,NHTSA-derived,NHTSA_FTY_0053,Failure to yield,coarse,,0,
NHTSA_FTY_0054,NHTSA-derived,NHTSA_FTY_0054,Failure to yield,coarse,,0,
NHTSA_FTY_0055,NHTSA-derived,NHTSA_FTY_0055,Failure to yield,coarse,,0,
NHTSA_FTY_0056,NHTSA-derived,NHTSA_FTY_0056,Failure to yield,coarse,,0,
NHTSA_FTY_0057,NHTSA-derived,NHTSA_FTY_0057,Failure to yield,coarse,,0,
NHTSA_FTY_0058,NHTSA-derived,NHTSA_FTY_0058,Failure to yield,coarse,,0,
NHTSA_FTY_0059,NHTSA-derived,NHTSA_FTY_0059,Failure to yield,coarse,,0,
NHTSA_FTY_0060,NHTSA-derived,NHTSA_FTY_0060,Failure to yield,coarse,,0,
NHTSA_FTY_0061,NHTSA-derived,NHTSA_FTY_0061,Failure to yield,coarse,,0,
NHTSA_FTY_0062,NHTSA-derived,NHTSA_FTY_0062,Failure to yield,coarse,,0,
NHTSA_FTY_0063,NHTSA-derived,NHTSA_FTY_0063,Failure to yield,coarse,,0,
NHTSA_FTY_0064,NHTSA-derived,NHTSA_FTY_0064,Failure to yield,coarse,,0,
NHTSA_FTY_0065,NHTSA-derived,NHTSA_FTY_0065,Failure to yield,coarse,,0,
NHTSA_FTY_0066,NHTSA-derived,NHTSA_FTY_0066,Failure to yield,coarse,,0,
NHTSA_FTY_0067,NHTSA-derived,NHTSA_FTY_0067,Failure to yield,coarse,,0,
NHTSA_FTY_0068,NHTSA-derived,NHTSA_FTY_0068,Failure to yield,coarse,,0,
NHTSA_FTY_0069,NHTSA-derived,NHTSA_FTY_0069,Failure to yield,coarse,,0,
NHTSA_FTY_0070,NHTSA-derived,NHTSA_FTY_0070,Failure to yield,coarse,,0,
NHTSA_FTY_0071,NHTSA-derived,NHTSA_FTY_0071,Failure to yield,coarse,,0,
NHTSA_FTY_0072,NHTSA-derived,NHTSA_FTY_0072,Failure to yield,coarse,,0,
NHTSA_FTY_0073,NHTSA-derived,NHTSA_FTY_0073,Failure to yield,coarse,,0,
NHTSA_FTY_0074,NHTSA-derived,NHTSA_FTY_0074,Failure to yield,coarse,,0,
NHTSA_FTY_0075,NHTSA-derived,NHTSA_FTY_0075,Failure to yield,coarse,,0,
NHTSA_FTY_0076,NHTSA-derived,NHTSA_FTY_0076,Failure to yield,coarse,,0,
NHTSA_FTY_0077,NHTSA-derived,NHTSA_FTY_0077,Failure to yield,coarse,,0,
NHTSA_FTY_0078,NHTSA-derived,NHTSA_FTY_0078,Failure to yield,coarse,,0,
NHTSA_FTY_0079,NHTSA-derived,NHTSA_FTY_0079,Failure to yield,coarse,,0,
NHTSA_FTY_0080,NHTSA-derived,NHTSA_FTY_0080,Failure to yield,coarse,,0,
NHTSA_FTY_0081,NHTSA-derived,NHTSA_FTY_0081,Failure to yield,coarse,,0,
NHTSA_FTY_0082,NHTSA-derived,NHTSA_FTY_0082,Failure to yield,coarse,,0,
NHTSA_FTY_0083,NHTSA-derived,NHTSA_FTY_0083,Failure to yield,coarse,,0,
NHTSA_FTY_0084,NHTSA-derived,NHTSA_FTY_0084,Failure to yield,coarse,,0,
NHTSA_FTY_0085,NHTSA-derived,NHTSA_FTY_0085,Failure to yield,coarse,,0,
NHTSA_FTY_0086,NHTSA-derived,NHTSA_FTY_0086,Failure to yield,coarse,,0,
NHTSA_FTY_0087,NHTSA-derived,NHTSA_FTY_0087,Failure to yield,coarse,,0,
NHTSA_FTY_0088,NHTSA-derived,NHTSA_FTY_0088,Failure to yield,coarse,,0,
NHTSA_FTY_0089,NHTSA-derived,NHTSA_FTY_0089,Failure to yield,coarse,,0,
NHTSA_FTY_0090,NHTSA-derived,NHTSA_FTY_0090,Failure to yield,coarse,,0,
NHTSA_FTY_0091,NHTSA-derived,NHTSA_FTY_0091,Failure to yield,coarse,,0,
NHTSA_FTY_0092,NHTSA-derived,NHTSA_FTY_0092,Failure to yield,coarse,,0,
NHTSA_FTY_0093,NHTSA-derived,NHTSA_FTY_0093,Failure to yield,coarse,,0,
NHTSA_FTY_0094,NHTSA-derived,NHTSA_FTY_0094,Failure to yield,coarse,,0,
NHTSA_FTY_0095,NHTSA-derived,NHTSA_FTY_0095,Failure to yield,coarse,,0,
NHTSA_FTY_0096,NHTSA-derived,NHTSA_FTY_0096,Failure to yield,coarse,,0,
NHTSA_FTY_0097,NHTSA-derived,NHTSA_FTY_0097,Failure to yield,coarse,,0,
NHTSA_FTY_0098,NHTSA-derived,NHTSA_FTY_0098,Failure to yield,coarse,,0,
NHTSA_FTY_0099,NHTSA-derived,NHTSA_FTY_0099,Failure to yield,coarse,,0,
NHTSA_FTY_0100,NHTSA-derived,NHTSA_FTY_0100,Failure to yield,coarse,,0,
NHTSA_FTY_0101,NHTSA-derived,NHTSA_FTY_0101,Failure to yield,coarse,,0,
NHTSA_FTY_0102,NHTSA-derived,NHTSA_FTY_0102,Failure to yield,coarse,,0,
NHTSA_FTY_0103,NHTSA-derived,NHTSA_FTY_0103,Failure to yield,coarse,,0,
NHTSA_FTY_0104,NHTSA-derived,NHTSA_FTY_0104,Failure to yield,coarse,,0,
NHTSA_FTY_0105,NHTSA-derived,NHTSA_FTY_0105,Failure to yield,coarse,,0,
NHTSA_FTY_0106,NHTSA-derived,NHTSA_FTY_0106,Failure to yield,coarse,,0,
NHTSA_FTY_0107,NHTSA-derived,NHTSA_FTY_0107,Failure to yield,coarse,,0,
NHTSA_FTY_0108,NHTSA-derived,NHTSA_FTY_0108,Failure to yield,coarse,,0,
NHTSA_FTY_0109,NHTSA-derived,NHTSA_FTY_0109,Failure to yield,coarse,,0,
NHTSA_FTY_0110,NHTSA-derived,NHTSA_FTY_0110,Failure to yield,coarse,,0,
NHTSA_FTY_0111,NHTSA-derived,NHTSA_FTY_0111,Failure to yield,coarse,,0,
NHTSA_FTY_0112,NHTSA-derived,NHTSA_FTY_0112,Failure to yield,coarse,,0,
NHTSA_FTY_0113,NHTSA-derived,NHTSA_FTY_0113,Failure to yield,coarse,,0,
NHTSA_FTY_0114,NHTSA-derived,NHTSA_FTY_0114,Failure to yield,coarse,,0,
NHTSA_FTY_0115,NHTSA-derived,NHTSA_FTY_0115,Failure to yield,coarse,,0,
NHTSA_FTY_0116,NHTSA-derived,NHTSA_FTY_0116,Failure to yield,coarse,,0,
NHTSA_FTY_0117,NHTSA-derived,NHTSA_FTY_0117,Failure to yield,coarse,,0,
NHTSA_FTY_0118,NHTSA-derived,NHTSA_FTY_0118,Failure to yield,coarse,,0,
NHTSA_FTY_0119,NHTSA-derived,NHTSA_FTY_0119,Failure to yield,coarse,,0,
NHTSA_FTY_0120,NHTSA-derived,NHTSA_FTY_0120,Failure to yield,coarse,,0,
NHTSA_FTY_0121,NHTSA-derived,NHTSA_FTY_0121,Failure to yield,coarse,,0,
NHTSA_FTY_0122,NHTSA-derived,NHTSA_FTY_0122,Failure to yield,coarse,,0,
NHTSA_FTY_0123,NHTSA-derived,NHTSA_FTY_0123,Failure to yield,coarse,,0,
NHTSA_FTY_0124,NHTSA-derived,NHTSA_FTY_0124,Failure to yield,coarse,,0,
NHTSA_FTY_0125,NHTSA-derived,NHTSA_FTY_0125,Failure to yield,coarse,,0,
NHTSA_FTY_0126,NHTSA-derived,NHTSA_FTY_0126,Failure to yield,coarse,,0,
NHTSA_FTY_0127,NHTSA-derived,NHTSA_FTY_0127,Failure to yield,coarse,,0,
NHTSA_FTY_0128,NHTSA-derived,NHTSA_FTY_0128,Failure to yield,coarse,,0,
NHTSA_FTY_0129,NHTSA-derived,NHTSA_FTY_0129,Failure to yield,coarse,,0,
NHTSA_FTY_0130,NHTSA-derived,NHTSA_FTY_0130,Failure to yield,coarse,,0,
NHTSA_FTY_0131,NHTSA-derived,NHTSA_FTY_0131,Failure to yield,coarse,,0,
NHTSA_FTY_0132,NHTSA-derived,NHTSA_FTY_0132,Failure to yield,coarse,,0,
NHTSA_FTY_0133,NHTSA-derived,NHTSA_FTY_0133,Failure to yield,coarse,,0,
NHTSA_FTY_0134,NHTSA-derived,NHTSA_FTY_0134,Failure to yield,coarse,,0,
NHTSA_FTY_0135,NHTSA-derived,NHTSA_FTY_0135,Failure to yield,coarse,,0,
NHTSA_FTY_0136,NHTSA-derived,NHTSA_FTY_0136,Failure to yield,coarse,,0,
NHTSA_FTY_0137,NHTSA-derived,NHTSA_FTY_0137,Failure to yield,coarse,,0,
NHTSA_FTY_0138,NHTSA-derived,NHTSA_FTY_0138,Failure to yield,coarse,,0,
NHTSA_FTY_0139,NHTSA-derived,NHTSA_FTY_0139,Failure to yield,coarse,,0,
NHTSA_FTY_0140,NHTSA-derived,NHTSA_FTY_0140,Failure to yield,coarse,,0,
NHTSA_FTY_0141,NHTSA-derived,NHTSA_FTY_0141,Failure to yield,coarse,,0,
NHTSA_FTY_0142,NHTSA-derived,NHTSA_FTY_0142,Failure to yield,coarse,,0,
NHTSA_FTY_0143,NHTSA-derived,NHTSA_FTY_0143,Failure to yield,coarse,,0,
NHTSA_FTY_0144,NHTSA-derived,NHTSA_FTY_0144,Failure to yield,coarse,,0,
NHTSA_FTY_0145,NHTSA-derived,NHTSA_FTY_0145,Failure to yield,coarse,,0,
NHTSA_FTY_0146,NHTSA-derived,NHTSA_FTY_0146,Failure to yield,coarse,,0,
NHTSA_FTY_0147,NHTSA-derived,NHTSA_FTY_0147,Failure to yield,coarse,,0,
NHTSA_FTY_0148,NHTSA-derived,NHTSA_FTY_0148,Failure to yield,coarse,,0,
NHTSA_FTY_0149,NHTSA-derived,NHTSA_FTY_0149,Failure to yield,coarse,,0,
NHTSA_FTY_0150,NHTSA-derived,NHTSA_FTY_0150,Failure to yield,coarse,,0,
NHTSA_FTY_0151,NHTSA-derived,NHTSA_FTY_0151,Failure to yield,coarse,,0,
NHTSA_FTY_0152,NHTSA-derived,NHTSA_FTY_0152,Failure to yield,coarse,,0,
NHTSA_FTY_0153,NHTSA-derived,NHTSA_FTY_0153,Failure to yield,coarse,,0,
NHTSA_FTY_0154,NHTSA-derived,NHTSA_FTY_0154,Failure to yield,coarse,,0,
NHTSA_FTY_0155,NHTSA-derived,NHTSA_FTY_0155,Failure to yield,coarse,,0,
NHTSA_FTY_0156,NHTSA-derived,NHTSA_FTY_0156,Failure to yield,coarse,,0,
NHTSA_FTY_0157,NHTSA-derived,NHTSA_FTY_0157,Failure to yield,coarse,,0,
NHTSA_FTY_0158,NHTSA-derived,NHTSA_FTY_0158,Failure to yield,coarse,,0,
NHTSA_FTY_0159,NHTSA-derived,NHTSA_FTY_0159,Failure to yield,coarse,,0,
NHTSA_FTY_0160,NHTSA-derived,NHTSA_FTY_0160,Failure to yield,coarse,,0,
NHTSA_FTY_0161,NHTSA-derived,NHTSA_FTY_0161,Failure to yield,coarse,,0,
NHTSA_FTY_0162,NHTSA-derived,NHTSA_FTY_0162,Failure to yield,coarse,,0,
NHTSA_FTY_0163,NHTSA-derived,NHTSA_FTY_0163,Failure to yield,coarse,,0,
NHTSA_FTY_0164,NHTSA-derived,NHTSA_FTY_0164,Failure to yield,coarse,,0,
NHTSA_FTY_0165,NHTSA-derived,NHTSA_FTY_0165,Failure to yield,coarse,,0,
NHTSA_FTY_0166,NHTSA-derived,NHTSA_FTY_0166,Failure to yield,coarse,,0,
NHTSA_FTY_0167,NHTSA-derived,NHTSA_FTY_0167,Failure to yield,coarse,,0,
NHTSA_FTY_0168,NHTSA-derived,NHTSA_FTY_0168,Failure to yield,coarse,,0,
NHTSA_FTY_0169,NHTSA-derived,NHTSA_FTY_0169,Failure to yield,coarse,,0,
NHTSA_FTY_0170,NHTSA-derived,NHTSA_FTY_0170,Failure to yield,coarse,,0,
NHTSA_FTY_0171,NHTSA-derived,NHTSA_FTY_0171,Failure to yield,coarse,,0,
NHTSA_FTY_0172,NHTSA-derived,NHTSA_FTY_0172,Failure to yield,coarse,,0,
NHTSA_FTY_0173,NHTSA-derived,NHTSA_FTY_0173,Failure to yield,coarse,,0,
NHTSA_FTY_0174,NHTSA-derived,NHTSA_FTY_0174,Failure to yield,coarse,,0,
NHTSA_FTY_0175,NHTSA-derived,NHTSA_FTY_0175,Failure to yield,coarse,,0,
NHTSA_FTY_0176,NHTSA-derived,NHTSA_FTY_0176,Failure to yield,coarse,,0,
NHTSA_FTY_0177,NHTSA-derived,NHTSA_FTY_0177,Failure to yield,coarse,,0,
NHTSA_FTY_0178,NHTSA-derived,NHTSA_FTY_0178,Failure to yield,coarse,,0,
NHTSA_FTY_0179,NHTSA-derived,NHTSA_FTY_0179,Failure to yield,coarse,,0,
NHTSA_FTY_0180,NHTSA-derived,NHTSA_FTY_0180,Failure to yield,coarse,,0,
NHTSA_FTY_0181,NHTSA-derived,NHTSA_FTY_0181,Failure to yield,coarse,,0,
NHTSA_FTY_0182,NHTSA-derived,NHTSA_FTY_0182,Failure to yield,coarse,,0,
NHTSA_FTY_0183,NHTSA-derived,NHTSA_FTY_0183,Failure to yield,coarse,,0,
NHTSA_FTY_0184,NHTSA-derived,NHTSA_FTY_0184,Failure to yield,coarse,,0,
NHTSA_FTY_0185,NHTSA-derived,NHTSA_FTY_0185,Failure to yield,coarse,,0,
NHTSA_FTY_0186,NHTSA-derived,NHTSA_FTY_0186,Failure to yield,coarse,,0,
NHTSA_FTY_0187,NHTSA-derived,NHTSA_FTY_0187,Failure to yield,coarse,,0,
NHTSA_FTY_0188,NHTSA-derived,NHTSA_FTY_0188,Failure to yield,coarse,,0,
NHTSA_FTY_0189,NHTSA-derived,NHTSA_FTY_0189,Failure to yield,coarse,,0,
NHTSA_FTY_0190,NHTSA-derived,NHTSA_FTY_0190,Failure to yield,coarse,,0,
NHTSA_FTY_0191,NHTSA-derived,NHTSA_FTY_0191,Failure to yield,coarse,,0,
NHTSA_FTY_0192,NHTSA-derived,NHTSA_FTY_0192,Failure to yield,coarse,,0,
NHTSA_FTY_0193,NHTSA-derived,NHTSA_FTY_0193,Failure to yield,coarse,,0,
NHTSA_FTY_0194,NHTSA-derived,NHTSA_FTY_0194,Failure to yield,coarse,,0,
NHTSA_FTY_0195,NHTSA-derived,NHTSA_FTY_0195,Failure to yield,coarse,,0,
NHTSA_FTY_0196,NHTSA-derived,NHTSA_FTY_0196,Failure to yield,coarse,,0,
NHTSA_FTY_0197,NHTSA-derived,NHTSA_FTY_0197,Failure to yield,coarse,,0,
NHTSA_FTY_0198,NHTSA-derived,NHTSA_FTY_0198,Failure to yield,coarse,,0,
NHTSA_FTY_0199,NHTSA-derived,NHTSA_FTY_0199,Failure to yield,coarse,,0,
NHTSA_FTY_0200,NHTSA-derived,NHTSA_FTY_0200,Failure to yield,coarse,,0,
NHTSA_FTY_0201,NHTSA-derived,NHTSA_FTY_0201,Failure to yield,coarse,,0,
NHTSA_FTY_0202,NHTSA-derived,NHTSA_FTY_0202,Failure to yield,coarse,,0,
NHTSA_FTY_0203,NHTSA-derived,NHTSA_FTY_0203,Failure to yield,coarse,,0,
NHTSA_FTY_0204,NHTSA-derived,NHTSA_FTY_0204,Failure to yield,coarse,,0,
NHTSA_FTY_0205,NHTSA-derived,NHTSA_FTY_0205,Failure to yield,coarse,,0,
NHTSA_FTY_0206,NHTSA-derived,NHTSA_FTY_0206,Failure to yield,coarse,,0,
NHTSA_FTY_0207,NHTSA-derived,NHTSA_FTY_0207,Failure to yield,coarse,,0,
NHTSA_FTY_0208,NHTSA-derived,NHTSA_FTY_0208,Failure to yield,coarse,,0,
NHTSA_FTY_0209,NHTSA-derived,NHTSA_FTY_0209,Failure to yield,coarse,,0,
NHTSA_FTY_0210,NHTSA-derived,NHTSA_FTY_0210,Failure to yield,coarse,,0,
NHTSA_FTY_0211,NHTSA-derived,NHTSA_FTY_0211,Failure to yield,coarse,,0,
NHTSA_FTY_0212,NHTSA-derived,NHTSA_FTY_0212,Failure to yield,coarse,,0,
NHTSA_FTY_0213,NHTSA-derived,NHTSA_FTY_0213,Failure to yield,coarse,,0,
NHTSA_FTY_0214,NHTSA-derived,NHTSA_FTY_0214,Failure to yield,coarse,,0,
NHTSA_FTY_0215,NHTSA-derived,NHTSA_FTY_0215,Failure to yield,coarse,,0,
NHTSA_FTY_0216,NHTSA-derived,NHTSA_FTY_0216,Failure to yield,coarse,,0,
NHTSA_FTY_0217,NHTSA-derived,NHTSA_FTY_0217,Failure to yield,coarse,,0,
NHTSA_FTY_0218,NHTSA-derived,NHTSA_FTY_0218,Failure to yield,coarse,,0,
NHTSA_FTY_0219,NHTSA-derived,NHTSA_FTY_0219,Failure to yield,coarse,,0,
NHTSA_FTY_0220,NHTSA-derived,NHTSA_FTY_0220,Failure to yield,coarse,,0,
NHTSA_FTY_0221,NHTSA-derived,NHTSA_FTY_0221,Failure to yield,coarse,,0,
NHTSA_FTY_0222,NHTSA-derived,NHTSA_FTY_0222,Failure to yield,coarse,,0,
NHTSA_FTY_0223,NHTSA-derived,NHTSA_FTY_0223,Failure to yield,coarse,,0,
NHTSA_FTY_0224,NHTSA-derived,NHTSA_FTY_0224,Failure to yield,coarse,,0,
NHTSA_FTY_0225,NHTSA-derived,NHTSA_FTY_0225,Failure to yield,coarse,,0,
NHTSA_FTY_0226,NHTSA-derived,NHTSA_FTY_0226,Failure to yield,coarse,,0,
NHTSA_FTY_0227,NHTSA-derived,NHTSA_FTY_0227,Failure to yield,coarse,,0,
NHTSA_FTY_0228,NHTSA-derived,NHTSA_FTY_0228,Failure to yield,coarse,,0,
NHTSA_FTY_0229,NHTSA-derived,NHTSA_FTY_0229,Failure to yield,coarse,,0,
NHTSA_FTY_0230,NHTSA-derived,NHTSA_FTY_0230,Failure to yield,coarse,,0,
NHTSA_FTY_0231,NHTSA-derived,NHTSA_FTY_0231,Failure to yield,coarse,,0,
NHTSA_FTY_0232,NHTSA-derived,NHTSA_FTY_0232,Failure to yield,coarse,,0,
NHTSA_FTY_0233,NHTSA-derived,NHTSA_FTY_0233,Failure to yield,coarse,,0,
NHTSA_FTY_0234,NHTSA-derived,NHTSA_FTY_0234,Failure to yield,coarse,,0,
NHTSA_FTY_0235,NHTSA-derived,NHTSA_FTY_0235,Failure to yield,coarse,,0,
NHTSA_FTY_0236,NHTSA-derived,NHTSA_FTY_0236,Failure to yield,coarse,,0,
NHTSA_FTY_0237,NHTSA-derived,NHTSA_FTY_0237,Failure to yield,coarse,,0,
NHTSA_FTY_0238,NHTSA-derived,NHTSA_FTY_0238,Failure to yield,coarse,,0,
NHTSA_FTY_0239,NHTSA-derived,NHTSA_FTY_0239,Failure to yield,coarse,,0,
NHTSA_FTY_0240,NHTSA-derived,NHTSA_FTY_0240,Failure to yield,coarse,,0,
NHTSA_FTY_0241,NHTSA-derived,NHTSA_FTY_0241,Failure to yield,coarse,,0,
NHTSA_FTY_0242,NHTSA-derived,NHTSA_FTY_0242,Failure to yield,coarse,,0,
NHTSA_FTY_0243,NHTSA-derived,NHTSA_FTY_0243,Failure to yield,coarse,,0,
NHTSA_FTY_0244,NHTSA-derived,NHTSA_FTY_0244,Failure to yield,coarse,,0,
NHTSA_FTY_0245,NHTSA-derived,NHTSA_FTY_0245,Failure to yield,coarse,,0,
NHTSA_FTY_0246,NHTSA-derived,NHTSA_FTY_0246,Failure to yield,coarse,,0,
NHTSA_FTY_0247,NHTSA-derived,NHTSA_FTY_0247,Failure to yield,coarse,,0,
NHTSA_FTY_0248,NHTSA-derived,NHTSA_FTY_0248,Failure to yield,coarse,,0,
NHTSA_FTY_0249,NHTSA-derived,NHTSA_FTY_0249,Failure to yield,coarse,,0,
NHTSA_FTY_0250,NHTSA-derived,NHTSA_FTY_0250,Failure to yield,coarse,,0,
NHTSA_FTY_0251,NHTSA-derived,NHTSA_FTY_0251,Failure to yield,coarse,,0,
NHTSA_FTY_0252,NHTSA-derived,NHTSA_FTY_0252,Failure to yield,coarse,,0,
NHTSA_FTY_0253,NHTSA-derived,NHTSA_FTY_0253,Failure to yield,coarse,,0,
NHTSA_FTY_0254,NHTSA-derived,NHTSA_FTY_0254,Failure to yield,coarse,,0,
NHTSA_FTY_0255,NHTSA-derived,NHTSA_FTY_0255,Failure to yield,coarse,,0,
NHTSA_FTY_0256,NHTSA-derived,NHTSA_FTY_0256,Failure to yield,coarse,,0,
NHTSA_FTY_0257,NHTSA-derived,NHTSA_FTY_0257,Failure to yield,coarse,,0,
NHTSA_FTY_0258,NHTSA-derived,NHTSA_FTY_0258,Failure to yield,coarse,,0,
NHTSA_FTY_0259,NHTSA-derived,NHTSA_FTY_0259,Failure to yield,coarse,,0,
NHTSA_FTY_0260,NHTSA-derived,NHTSA_FTY_0260,Failure to yield,coarse,,0,
NHTSA_FTY_0261,NHTSA-derived,NHTSA_FTY_0261,Failure to yield,coarse,,0,
NHTSA_FTY_0262,NHTSA-derived,NHTSA_FTY_0262,Failure to yield,coarse,,0,
NHTSA_FTY_0263,NHTSA-derived,NHTSA_FTY_0263,Failure to yield,coarse,,0,
NHTSA_FTY_0264,NHTSA-derived,NHTSA_FTY_0264,Failure to yield,coarse,,0,
NHTSA_FTY_0265,NHTSA-derived,NHTSA_FTY_0265,Failure to yield,coarse,,0,
NHTSA_FTY_0266,NHTSA-derived,NHTSA_FTY_0266,Failure to yield,coarse,,0,
NHTSA_FTY_0267,NHTSA-derived,NHTSA_FTY_0267,Failure to yield,coarse,,0,
NHTSA_FTY_0268,NHTSA-derived,NHTSA_FTY_0268,Failure to yield,coarse,,0,
NHTSA_FTY_0269,NHTSA-derived,NHTSA_FTY_0269,Failure to yield,coarse,,0,
NHTSA_FTY_0270,NHTSA-derived,NHTSA_FTY_0270,Failure to yield,coarse,,0,
NHTSA_FTY_0271,NHTSA-derived,NHTSA_FTY_0271,Failure to yield,coarse,,0,
NHTSA_FTY_0272,NHTSA-derived,NHTSA_FTY_0272,Failure to yield,coarse,,0,
NHTSA_FTY_0273,NHTSA-derived,NHTSA_FTY_0273,Failure to yield,coarse,,0,
NHTSA_FTY_0274,NHTSA-derived,NHTSA_FTY_0274,Failure to yield,coarse,,0,
NHTSA_FTY_0275,NHTSA-derived,NHTSA_FTY_0275,Failure to yield,coarse,,0,
NHTSA_FTY_0276,NHTSA-derived,NHTSA_FTY_0276,Failure to yield,coarse,,0,
NHTSA_FTY_0277,NHTSA-derived,NHTSA_FTY_0277,Failure to yield,coarse,,0,
NHTSA_FTY_0278,NHTSA-derived,NHTSA_FTY_0278,Failure to yield,coarse,,0,
NHTSA_FTY_0279,NHTSA-derived,NHTSA_FTY_0279,Failure to yield,coarse,,0,
NHTSA_FTY_0280,NHTSA-derived,NHTSA_FTY_0280,Failure to yield,coarse,,0,
NHTSA_FTY_0281,NHTSA-derived,NHTSA_FTY_0281,Failure to yield,coarse,,0,
NHTSA_FTY_0282,NHTSA-derived,NHTSA_FTY_0282,Failure to yield,coarse,,0,
NHTSA_FTY_0283,NHTSA-derived,NHTSA_FTY_0283,Failure to yield,coarse,,0,
NHTSA_FTY_0284,NHTSA-derived,NHTSA_FTY_0284,Failure to yield,coarse,,0,
NHTSA_FTY_0285,NHTSA-derived,NHTSA_FTY_0285,Failure to yield,coarse,,0,
NHTSA_FTY_0286,NHTSA-derived,NHTSA_FTY_0286,Failure to yield,coarse,,0,
NHTSA_FTY_0287,NHTSA-derived,NHTSA_FTY_0287,Failure to yield,coarse,,0,
NHTSA_FTY_0288,NHTSA-derived,NHTSA_FTY_0288,Failure to yield,coarse,,0,
NHTSA_FTY_0289,NHTSA-derived,NHTSA_FTY_0289,Failure to yield,coarse,,0,
NHTSA_FTY_0290,NHTSA-derived,NHTSA_FTY_0290,Failure to yield,coarse,,0,
NHTSA_FTY_0291,NHTSA-derived,NHTSA_FTY_0291,Failure to yield,coarse,,0,
NHTSA_FTY_0292,NHTSA-derived,NHTSA_FTY_0292,Failure to yield,coarse,,0,
NHTSA_FTY_0293,NHTSA-derived,NHTSA_FTY_0293,Failure to yield,coarse,,0,
NHTSA_FTY_0294,NHTSA-derived,NHTSA_FTY_0294,Failure to yield,coarse,,0,
NHTSA_FTY_0295,NHTSA-derived,NHTSA_FTY_0295,Failure to yield,coarse,,0,
NHTSA_FTY_0296,NHTSA-derived,NHTSA_FTY_0296,Failure to yield,coarse,,0,
NHTSA_FTY_0297,NHTSA-derived,NHTSA_FTY_0297,Failure to yield,coarse,,0,
NHTSA_FTY_0298,NHTSA-derived,NHTSA_FTY_0298,Failure to yield,coarse,,0,
NHTSA_FTY_0299,NHTSA-derived,NHTSA_FTY_0299,Failure to yield,coarse,,0,
NHTSA_FTY_0300,NHTSA-derived,NHTSA_FTY_0300,Failure to yield,coarse,,0,
NHTSA_FTY_0301,NHTSA-derived,NHTSA_FTY_0301,Failure to yield,coarse,,0,
NHTSA_FTY_0302,NHTSA-derived,NHTSA_FTY_0302,Failure to yield,coarse,,0,
NHTSA_FTY_0303,NHTSA-derived,NHTSA_FTY_0303,Failure to yield,coarse,,0,
NHTSA_FTY_0304,NHTSA-derived,NHTSA_FTY_0304,Failure to yield,coarse,,0,
NHTSA_FTY_0305,NHTSA-derived,NHTSA_FTY_0305,Failure to yield,coarse,,0,
NHTSA_FTY_0306,NHTSA-derived,NHTSA_FTY_0306,Failure to yield,coarse,,0,
NHTSA_FTY_0307,NHTSA-derived,NHTSA_FTY_0307,Failure to yield,coarse,,0,
NHTSA_FTY_0308,NHTSA-derived,NHTSA_FTY_0308,Failure to yield,coarse,,0,
NHTSA_FTY_0309,NHTSA-derived,NHTSA_FTY_0309,Failure to yield,coarse,,0,
NHTSA_FTY_0310,NHTSA-derived,NHTSA_FTY_0310,Failure to yield,coarse,,0,
NHTSA_FTY_0311,NHTSA-derived,NHTSA_FTY_0311,Failure to yield,coarse,,0,
NHTSA_FTY_0312,NHTSA-derived,NHTSA_FTY_0312,Failure to yield,coarse,,0,
NHTSA_FTY_0313,NHTSA-derived,NHTSA_FTY_0313,Failure to yield,coarse,,0,
NHTSA_FTY_0314,NHTSA-derived,NHTSA_FTY_0314,Failure to yield,coarse,,0,
NHTSA_FTY_0315,NHTSA-derived,NHTSA_FTY_0315,Failure to yield,coarse,,0,
NHTSA_FTY_0316,NHTSA-derived,NHTSA_FTY_0316,Failure to yield,coarse,,0,
NHTSA_FTY_0317,NHTSA-derived,NHTSA_FTY_0317,Failure to yield,coarse,,0,
NHTSA_FTY_0318,NHTSA-derived,NHTSA_FTY_0318,Failure to yield,coarse,,0,
NHTSA_FTY_0319,NHTSA-derived,NHTSA_FTY_0319,Failure to yield,coarse,,0,
NHTSA_FTY_0320,NHTSA-derived,NHTSA_FTY_0320,Failure to yield,coarse,,0,
NHTSA_FTY_0321,NHTSA-derived,NHTSA_FTY_0321,Failure to yield,coarse,,0,
NHTSA_FTY_0322,NHTSA-derived,NHTSA_FTY_0322,Failure to yield,coarse,,0,
NHTSA_FTY_0323,NHTSA-derived,NHTSA_FTY_0323,Failure to yield,coarse,,0,
NHTSA_FTY_0324,NHTSA-derived,NHTSA_FTY_0324,Failure to yield,coarse,,0,
NHTSA_FTY_0325,NHTSA-derived,NHTSA_FTY_0325,Failure to yield,coarse,,0,
NHTSA_FTY_0326,NHTSA-derived,NHTSA_FTY_0326,Failure to yield,coarse,,0,
NHTSA_FTY_0327,NHTSA-derived,NHTSA_FTY_0327,Failure to yield,coarse,,0,
NHTSA_FTY_0328,NHTSA-derived,NHTSA_FTY_0328,Failure to yield,coarse,,0,
NHTSA_FTY_0329,NHTSA-derived,NHTSA_FTY_0329,Failure to yield,coarse,,0,
NHTSA_FTY_0330,NHTSA-derived,NHTSA_FTY_0330,Failure to yield,coarse,,0,
NHTSA_FTY_0331,NHTSA-derived,NHTSA_FTY_0331,Failure to yield,coarse,,0,
NHTSA_FTY_0332,NHTSA-derived,NHTSA_FTY_0332,Failure to yield,coarse,,0,
NHTSA_FTY_0333,NHTSA-derived,NHTSA_FTY_0333,Failure to yield,coarse,,0,
NHTSA_FTY_0334,NHTSA-derived,NHTSA_FTY_0334,Failure to yield,coarse,,0,
NHTSA_FTY_0335,NHTSA-derived,NHTSA_FTY_0335,Failure to yield,coarse,,0,
NHTSA_FTY_0336,NHTSA-derived,NHTSA_FTY_0336,Failure to yield,coarse,,0,
NHTSA_FTY_0337,NHTSA-derived,NHTSA_FTY_0337,Failure to yield,coarse,,0,
NHTSA_FTY_0338,NHTSA-derived,NHTSA_FTY_0338,Failure to yield,coarse,,0,
NHTSA_FTY_0339,NHTSA-derived,NHTSA_FTY_0339,Failure to yield,coarse,,0,
NHTSA_FTY_0340,NHTSA-derived,NHTSA_FTY_0340,Failure to yield,coarse,,0,
NHTSA_FTY_0341,NHTSA-derived,NHTSA_FTY_0341,Failure to yield,coarse,,0,
NHTSA_FTY_0342,NHTSA-derived,NHTSA_FTY_0342,Failure to yield,coarse,,0,
NHTSA_FTY_0343,NHTSA-derived,NHTSA_FTY_0343,Failure to yield,coarse,,0,
NHTSA_FTY_0344,NHTSA-derived,NHTSA_FTY_0344,Failure to yield,coarse,,0,
NHTSA_FTY_0345,NHTSA-derived,NHTSA_FTY_0345,Failure to yield,coarse,,0,
NHTSA_FTY_0346,NHTSA-derived,NHTSA_FTY_0346,Failure to yield,coarse,,0,
NHTSA_FTY_0347,NHTSA-derived,NHTSA_FTY_0347,Failure to yield,coarse,,0,
NHTSA_FTY_0348,NHTSA-derived,NHTSA_FTY_0348,Failure to yield,coarse,,0,
NHTSA_FTY_0349,NHTSA-derived,NHTSA_FTY_0349,Failure to yield,coarse,,0,
NHTSA_FTY_0350,NHTSA-derived,NHTSA_FTY_0350,Failure to yield,coarse,,0,
NHTSA_FTY_0351,NHTSA-derived,NHTSA_FTY_0351,Failure to yield,coarse,,0,
NHTSA_FTY_0352,NHTSA-derived,NHTSA_FTY_0352,Failure to yield,coarse,,0,
NHTSA_FTY_0353,NHTSA-derived,NHTSA_FTY_0353,Failure to yield,coarse,,0,
NHTSA_FTY_0354,NHTSA-derived,NHTSA_FTY_0354,Failure to yield,coarse,,0,
NHTSA_FTY_0355,NHTSA-derived,NHTSA_FTY_0355,Failure to yield,coarse,,0,
NHTSA_FTY_0356,NHTSA-derived,NHTSA_FTY_0356,Failure to yield,coarse,,0,
NHTSA_FTY_0357,NHTSA-derived,NHTSA_FTY_0357,Failure to yield,coarse,,0,
NHTSA_FTY_0358,NHTSA-derived,NHTSA_FTY_0358,Failure to yield,coarse,,0,
NHTSA_FTY_0359,NHTSA-derived,NHTSA_FTY_0359,Failure to yield,coarse,,0,
NHTSA_FTY_0360,NHTSA-derived,NHTSA_FTY_0360,Failure to yield,coarse,,0,
NHTSA_FTY_0361,NHTSA-derived,NHTSA_FTY_0361,Failure to yield,coarse,,0,
NHTSA_FTY_0362,NHTSA-derived,NHTSA_FTY_0362,Failure to yield,coarse,,0,
NHTSA_FTY_0363,NHTSA-derived,NHTSA_FTY_0363,Failure to yield,coarse,,0,
NHTSA_FTY_0364,NHTSA-derived,NHTSA_FTY_0364,Failure to yield,coarse,,0,
NHTSA_FTY_0365,NHTSA-derived,NHTSA_FTY_0365,Failure to yield,coarse,,0,
NHTSA_FTY_0366,NHTSA-derived,NHTSA_FTY_0366,Failure to yield,coarse,,0,
NHTSA_FTY_0367,NHTSA-derived,NHTSA_FTY_0367,Failure to yield,coarse,,0,
NHTSA_FTY_0368,NHTSA-derived,NHTSA_FTY_0368,Failure to yield,coarse,,0,
NHTSA_FTY_0369,NHTSA-derived,NHTSA_FTY_0369,Failure to yield,coarse,,0,
NHTSA_FTY_0370,NHTSA-derived,NHTSA_FTY_0370,Failure to yield,coarse,,0,
NHTSA_FTY_0371,NHTSA-derived,NHTSA_FTY_0371,Failure to yield,coarse,,0,
NHTSA_FTY_0372,NHTSA-derived,NHTSA_FTY_0372,Failure to yield,coarse,,0,
NHTSA_FTY_0373,NHTSA-derived,NHTSA_FTY_0373,Failure to yield,coarse,,0,
NHTSA_FTY_0374,NHTSA-derived,NHTSA_FTY_0374,Failure to yield,coarse,,0,
NHTSA_FTY_0375,NHTSA-derived,NHTSA_FTY_0375,Failure to yield,coarse,,0,
NHTSA_FTY_0376,NHTSA-derived,NHTSA_FTY_0376,Failure to yield,coarse,,0,
NHTSA_FTY_0377,NHTSA-derived,NHTSA_FTY_0377,Failure to yield,coarse,,0,
NHTSA_FTY_0378,NHTSA-derived,NHTSA_FTY_0378,Failure to yield,coarse,,0,
NHTSA_FTY_0379,NHTSA-derived,NHTSA_FTY_0379,Failure to yield,coarse,,0,
NHTSA_FTY_0380,NHTSA-derived,NHTSA_FTY_0380,Failure to yield,coarse,,0,
NHTSA_FTY_0381,NHTSA-derived,NHTSA_FTY_0381,Failure to yield,coarse,,0,
NHTSA_FTY_0382,NHTSA-derived,NHTSA_FTY_0382,Failure to yield,coarse,,0,
NHTSA_FTY_0383,NHTSA-derived,NHTSA_FTY_0383,Failure to yield,coarse,,0,
NHTSA_FTY_0384,NHTSA-derived,NHTSA_FTY_0384,Failure to yield,coarse,,0,
NHTSA_FTY_0385,NHTSA-derived,NHTSA_FTY_0385,Failure to yield,coarse,,0,
NHTSA_FTY_0386,NHTSA-derived,NHTSA_FTY_0386,Failure to yield,coarse,,0,
NHTSA_FTY_0387,NHTSA-derived,NHTSA_FTY_0387,Failure to yield,coarse,,0,
NHTSA_FTY_0388,NHTSA-derived,NHTSA_FTY_0388,Failure to yield,coarse,,0,
NHTSA_FTY_0389,NHTSA-derived,NHTSA_FTY_0389,Failure to yield,coarse,,0,
NHTSA_FTY_0390,NHTSA-derived,NHTSA_FTY_0390,Failure to yield,coarse,,0,
NHTSA_FTY_0391,NHTSA-derived,NHTSA_FTY_0391,Failure to yield,coarse,,0,
NHTSA_FTY_0392,NHTSA-derived,NHTSA_FTY_0392,Failure to yield,coarse,,0,
NHTSA_FTY_0393,NHTSA-derived,NHTSA_FTY_0393,Failure to yield,coarse,,0,
NHTSA_FTY_0394,NHTSA-derived,NHTSA_FTY_0394,Failure to yield,coarse,,0,
NHTSA_FTY_0395,NHTSA-derived,NHTSA_FTY_0395,Failure to yield,coarse,,0,
NHTSA_FTY_0396,NHTSA-derived,NHTSA_FTY_0396,Failure to yield,coarse,,0,
NHTSA_FTY_0397,NHTSA-derived,NHTSA_FTY_0397,Failure to yield,coarse,,0,
NHTSA_FTY_0398,NHTSA-derived,NHTSA_FTY_0398,Failure to yield,coarse,,0,
NHTSA_FTY_0399,NHTSA-derived,NHTSA_FTY_0399,Failure to yield,coarse,,0,
NHTSA_FTY_0400,NHTSA-derived,NHTSA_FTY_0400,Failure to yield,coarse,,0,
NHTSA_FTY_0401,NHTSA-derived,NHTSA_FTY_0401,Failure to yield,coarse,,0,
NHTSA_FTY_0402,NHTSA-derived,NHTSA_FTY_0402,Failure to yield,coarse,,0,
NHTSA_FTY_0403,NHTSA-derived,NHTSA_FTY_0403,Failure to yield,coarse,,0,
NHTSA_FTY_0404,NHTSA-derived,NHTSA_FTY_0404,Failure to yield,coarse,,0,
NHTSA_FTY_0405,NHTSA-derived,NHTSA_FTY_0405,Failure to yield,coarse,,0,
NHTSA_FTY_0406,NHTSA-derived,NHTSA_FTY_0406,Failure to yield,coarse,,0,
NHTSA_FTY_0407,NHTSA-derived,NHTSA_FTY_0407,Failure to yield,coarse,,0,
NHTSA_FTY_0408,NHTSA-derived,NHTSA_FTY_0408,Failure to yield,coarse,,0,
NHTSA_FTY_0409,NHTSA-derived,NHTSA_FTY_0409,Failure to yield,coarse,,0,
NHTSA_FTY_0410,NHTSA-derived,NHTSA_FTY_0410,Failure to yield,coarse,,0,
NHTSA_FTY_0411,NHTSA-derived,NHTSA_FTY_0411,Failure to yield,coarse,,0,
NHTSA_FTY_0412,NHTSA-derived,NHTSA_FTY_0412,Failure to yield,coarse,,0,
NHTSA_FTY_0413,NHTSA-derived,NHTSA_FTY_0413,Failure to yield,coarse,,0,
NHTSA_FTY_0414,NHTSA-derived,NHTSA_FTY_0414,Failure to yield,coarse,,0,
NHTSA_FTY_0415,NHTSA-derived,NHTSA_FTY_0415,Failure to yield,coarse,,0,
NHTSA_FTY_0416,NHTSA-derived,NHTSA_FTY_0416,Failure to yield,coarse,,0,
NHTSA_FTY_0417,NHTSA-derived,NHTSA_FTY_0417,Failure to yield,coarse,,0,
NHTSA_FTY_0418,NHTSA-derived,NHTSA_FTY_0418,Failure to yield,coarse,,0,
NHTSA_FTY_0419,NHTSA-derived,NHTSA_FTY_0419,Failure to yield,coarse,,0,
NHTSA_FTY_0420,NHTSA-derived,NHTSA_FTY_0420,Failure to yield,coarse,,0,
NHTSA_FTY_0421,NHTSA-derived,NHTSA_FTY_0421,Failure to yield,coarse,,0,
NHTSA_FTY_0422,NHTSA-derived,NHTSA_FTY_0422,Failure to yield,coarse,,0,
NHTSA_FTY_0423,NHTSA-derived,NHTSA_FTY_0423,Failure to yield,coarse,,0,
NHTSA_FTY_0424,NHTSA-derived,NHTSA_FTY_0424,Failure to yield,coarse,,0,
NHTSA_FTY_0425,NHTSA-derived,NHTSA_FTY_0425,Failure to yield,coarse,,0,
NHTSA_FTY_0426,NHTSA-derived,NHTSA_FTY_0426,Failure to yield,coarse,,0,
NHTSA_FTY_0427,NHTSA-derived,NHTSA_FTY_0427,Failure to yield,coarse,,0,
NHTSA_FTY_0428,NHTSA-derived,NHTSA_FTY_0428,Failure to yield,coarse,,0,
NHTSA_FTY_0429,NHTSA-derived,NHTSA_FTY_0429,Failure to yield,coarse,,0,
NHTSA_FTY_0430,NHTSA-derived,NHTSA_FTY_0430,Failure to yield,coarse,,0,
NHTSA_FTY_0431,NHTSA-derived,NHTSA_FTY_0431,Failure to yield,coarse,,0,
NHTSA_FTY_0432,NHTSA-derived,NHTSA_FTY_0432,Failure to yield,coarse,,0,
NHTSA_FTY_0433,NHTSA-derived,NHTSA_FTY_0433,Failure to yield,coarse,,0,
NHTSA_FTY_0434,NHTSA-derived,NHTSA_FTY_0434,Failure to yield,coarse,,0,
NHTSA_FTY_0435,NHTSA-derived,NHTSA_FTY_0435,Failure to yield,coarse,,0,
NHTSA_FTY_0436,NHTSA-derived,NHTSA_FTY_0436,Failure to yield,coarse,,0,
NHTSA_FTY_0437,NHTSA-derived,NHTSA_FTY_0437,Failure to yield,coarse,,0,
NHTSA_FTY_0438,NHTSA-derived,NHTSA_FTY_0438,Failure to yield,coarse,,0,
NHTSA_FTY_0439,NHTSA-derived,NHTSA_FTY_0439,Failure to yield,coarse,,0,
NHTSA_FTY_0440,NHTSA-derived,NHTSA_FTY_0440,Failure to yield,coarse,,0,
NHTSA_FTY_0441,NHTSA-derived,NHTSA_FTY_0441,Failure to yield,coarse,,0,
NHTSA_FTY_0442,NHTSA-derived,NHTSA_FTY_0442,Failure to yield,coarse,,0,
NHTSA_FTY_0443,NHTSA-derived,NHTSA_FTY_0443,Failure to yield,coarse,,0,
NHTSA_FTY_0444,NHTSA-derived,NHTSA_FTY_0444,Failure to yield,coarse,,0,
NHTSA_FTY_0445,NHTSA-derived,NHTSA_FTY_0445,Failure to yield,coarse,,0,
NHTSA_FTY_0446,NHTSA-derived,NHTSA_FTY_0446,Failure to yield,coarse,,0,
NHTSA_FTY_0447,NHTSA-derived,NHTSA_FTY_0447,Failure to yield,coarse,,0,
NHTSA_FTY_0448,NHTSA-derived,NHTSA_FTY_0448,Failure to yield,coarse,,0,
NHTSA_FTY_0449,NHTSA-derived,NHTSA_FTY_0449,Failure to yield,coarse,,0,
NHTSA_FTY_0450,NHTSA-derived,NHTSA_FTY_0450,Failure to yield,coarse,,0,
NHTSA_FTY_0451,NHTSA-derived,NHTSA_FTY_0451,Failure to yield,coarse,,0,
NHTSA_FTY_0452,NHTSA-derived,NHTSA_FTY_0452,Failure to yield,coarse,,0,
NHTSA_FTY_0453,NHTSA-derived,NHTSA_FTY_0453,Failure to yield,coarse,,0,
NHTSA_FTY_0454,NHTSA-derived,NHTSA_FTY_0454,Failure to yield,coarse,,0,
NHTSA_FTY_0455,NHTSA-derived,NHTSA_FTY_0455,Failure to yield,coarse,,0,
NHTSA_FTY_0456,NHTSA-derived,NHTSA_FTY_0456,Failure to yield,coarse,,0,
NHTSA_FTY_0457,NHTSA-derived,NHTSA_FTY_0457,Failure to yield,coarse,,0,
NHTSA_FTY_0458,NHTSA-derived,NHTSA_FTY_0458,Failure to yield,coarse,,0,
NHTSA_FTY_0459,NHTSA-derived,NHTSA_FTY_0459,Failure to yield,coarse,,0,
NHTSA_FTY_0460,NHTSA-derived,NHTSA_FTY_0460,Failure to yield,coarse,,0,
NHTSA_FTY_0461,NHTSA-derived,NHTSA_FTY_0461,Failure to yield,coarse,,0,
NHTSA_FTY_0462,NHTSA-derived,NHTSA_FTY_0462,Failure to yield,coarse,,0,
NHTSA_FTY_0463,NHTSA-derived,NHTSA_FTY_0463,Failure to yield,coarse,,0,
NHTSA_FTY_0464,NHTSA-derived,NHTSA_FTY_0464,Failure to yield,coarse,,0,
NHTSA_FTY_0465,NHTSA-derived,NHTSA_FTY_0465,Failure to yield,coarse,,0,
NHTSA_FTY_0466,NHTSA-derived,NHTSA_FTY_0466,Failure to yield,coarse,,0,
NHTSA_FTY_0467,NHTSA-derived,NHTSA_FTY_0467,Failure to yield,coarse,,0,
NHTSA_FTY_0468,NHTSA-derived,NHTSA_FTY_0468,Failure to yield,coarse,,0,
NHTSA_FTY_0469,NHTSA-derived,NHTSA_FTY_0469,Failure to yield,coarse,,0,
NHTSA_FTY_0470,NHTSA-derived,NHTSA_FTY_0470,Failure to yield,coarse,,0,
NHTSA_FTY_0471,NHTSA-derived,NHTSA_FTY_0471,Failure to yield,coarse,,0,
NHTSA_FTY_0472,NHTSA-derived,NHTSA_FTY_0472,Failure to yield,coarse,,0,
NHTSA_FTY_0473,NHTSA-derived,NHTSA_FTY_0473,Failure to yield,coarse,,0,
NHTSA_FTY_0474,NHTSA-derived,NHTSA_FTY_0474,Failure to yield,coarse,,0,
NHTSA_FTY_0475,NHTSA-derived,NHTSA_FTY_0475,Failure to yield,coarse,,0,
NHTSA_FTY_0476,NHTSA-derived,NHTSA_FTY_0476,Failure to yield,coarse,,0,
NHTSA_FTY_0477,NHTSA-derived,NHTSA_FTY_0477,Failure to yield,coarse,,0,
NHTSA_FTY_0478,NHTSA-derived,NHTSA_FTY_0478,Failure to yield,coarse,,0,
NHTSA_FTY_0479,NHTSA-derived,NHTSA_FTY_0479,Failure to yield,coarse,,0,
NHTSA_FTY_0480,NHTSA-derived,NHTSA_FTY_0480,Failure to yield,coarse,,0,
NHTSA_FTY_0481,NHTSA-derived,NHTSA_FTY_0481,Failure to yield,coarse,,0,
NHTSA_FTY_0482,NHTSA-derived,NHTSA_FTY_0482,Failure to yield,coarse,,0,
NHTSA_FTY_0483,NHTSA-derived,NHTSA_FTY_0483,Failure to yield,coarse,,0,
NHTSA_FTY_0484,NHTSA-derived,NHTSA_FTY_0484,Failure to yield,coarse,,0,
NHTSA_FTY_0485,NHTSA-derived,NHTSA_FTY_0485,Failure to yield,coarse,,0,
NHTSA_FTY_0486,NHTSA-derived,NHTSA_FTY_0486,Failure to yield,coarse,,0,
NHTSA_FTY_0487,NHTSA-derived,NHTSA_FTY_0487,Failure to yield,coarse,,0,
NHTSA_FTY_0488,NHTSA-derived,NHTSA_FTY_0488,Failure to yield,coarse,,0,
NHTSA_FTY_0489,NHTSA-derived,NHTSA_FTY_0489,Failure to yield,coarse,,0,
NHTSA_FTY_0490,NHTSA-derived,NHTSA_FTY_0490,Failure to yield,coarse,,0,
NHTSA_FTY_0491,NHTSA-derived,NHTSA_FTY_0491,Failure to yield,coarse,,0,
NHTSA_FTY_0492,NHTSA-derived,NHTSA_FTY_0492,Failure to yield,coarse,,0,
NHTSA_FTY_0493,NHTSA-derived,NHTSA_FTY_0493,Failure to yield,coarse,,0,
NHTSA_FTY_0494,NHTSA-derived,NHTSA_FTY_0494,Failure to yield,coarse,,0,
NHTSA_FTY_0495,NHTSA-derived,NHTSA_FTY_0495,Failure to yield,coarse,,0,
NHTSA_FTY_0496,NHTSA-derived,NHTSA_FTY_0496,Failure to yield,coarse,,0,
NHTSA_FTY_0497,NHTSA-derived,NHTSA_FTY_0497,Failure to yield,coarse,,0,
NHTSA_FTY_0498,NHTSA-derived,NHTSA_FTY_0498,Failure to yield,coarse,,0,
NHTSA_FTY_0499,NHTSA-derived,NHTSA_FTY_0499,Failure to yield,coarse,,0,
NHTSA_FTY_0500,NHTSA-derived,NHTSA_FTY_0500,Failure to yield,coarse,,0,
NHTSA_FTY_0501,NHTSA-derived,NHTSA_FTY_0501,Failure to yield,coarse,,0,
NHTSA_FTY_0502,NHTSA-derived,NHTSA_FTY_0502,Failure to yield,coarse,,0,
NHTSA_FTY_0503,NHTSA-derived,NHTSA_FTY_0503,Failure to yield,coarse,,0,
NHTSA_FTY_0504,NHTSA-derived,NHTSA_FTY_0504,Failure to yield,coarse,,0,
NHTSA_FTY_0505,NHTSA-derived,NHTSA_FTY_0505,Failure to yield,coarse,,0,
NHTSA_FTY_0506,NHTSA-derived,NHTSA_FTY_0506,Failure to yield,coarse,,0,
NHTSA_FTY_0507,NHTSA-derived,NHTSA_FTY_0507,Failure to yield,coarse,,0,
NHTSA_FTY_0508,NHTSA-derived,NHTSA_FTY_0508,Failure to yield,coarse,,0,
NHTSA_FTY_0509,NHTSA-derived,NHTSA_FTY_0509,Failure to yield,coarse,,0,
NHTSA_FTY_0510,NHTSA-derived,NHTSA_FTY_0510,Failure to yield,coarse,,0,
NHTSA_FTY_0511,NHTSA-derived,NHTSA_FTY_0511,Failure to yield,coarse,,0,
NHTSA_FTY_0512,NHTSA-derived,NHTSA_FTY_0512,Failure to yield,coarse,,0,
NHTSA_FTY_0513,NHTSA-derived,NHTSA_FTY_0513,Failure to yield,coarse,,0,
NHTSA_FTY_0514,NHTSA-derived,NHTSA_FTY_0514,Failure to yield,coarse,,0,
NHTSA_FTY_0515,NHTSA-derived,NHTSA_FTY_0515,Failure to yield,coarse,,0,
NHTSA_FTY_0516,NHTSA-derived,NHTSA_FTY_0516,Failure to yield,coarse,,0,
NHTSA_FTY_0517,NHTSA-derived,NHTSA_FTY_0517,Failure to yield,coarse,,0,
SYNTH_FTY_0001,synthetic-topology-extension,,Failure to yield,fine,NHTSA_FTY_0001,1,716
SYNTH_FTY_0002,synthetic-topology-extension,,Failure to yield,fine,NHTSA_FTY_0002,1,716
SYNTH_FTY_0003,synthetic-topology-extension,,Failure to yield,fine,NHTSA_FTY_0003,1,716
SYNTH_FTY_0004,synthetic-topology-extension,,Failure to yield,fine,NHTSA_FTY_0004,1,716
SYNTH_FTY_0005,synthetic-topology-extension,,Failure to yield,fine,NHTSA_FTY_0005,1,716
SYNTH_FTY_0006,synthetic-topology-extension,,Failure to yield,fine,NHTSA_FTY_0006,1,716
SYNTH_FTY_0007,synthetic-topology-extension,,Failure to yield,fine,NHTSA_FTY_0007,1,716
SYNTH_FTY_0008,synthetic-topology-extension,,Failure to yield,fine,NHTSA_FTY_0008,1,716
SYNTH_FTY_0009,synthetic-topology-extension,,Failure to yield,fine,NHTSA_FTY_0009,1,716
SYNTH_FTY_0010,synthetic-topology-extension,,Failure to yield,fine,NHTSA_FTY_0010,1,716
SYNTH_FTY_0011,synthetic-topology-extension,,Failure to yield,fine,NHTSA_FTY_0011,1,716
SYNTH_FTY_0012,synthetic-topology-extension,,Failure to yield,fine,NHTSA_FTY_0012,1,716
SYNTH_FTY_0013,synthetic-topology-extension,,Failure to yield,fine,NHTSA_FTY_0013,1,716
SYNTH_FTY_0014,synthetic-topology-extension,,Failure to yield,fine,NHTSA_FTY_0014,1,716
SYNTH_FTY_0015,synthetic-topology-extension,,Failure to yield,fine,NHTSA_FTY_0015,1,716
SYNTH_FTY_0016,synthetic-topology-extension,,Failure to yield,fine,NHTSA_FTY_0016,1,716
SYNTH_FTY_0017,synthetic-topology-extension,,Failure to yield,fine,NHTSA_FTY_0017,1,716
SYNTH_FTY_0018,synthetic-topology-extension,,Failure to yield,fine,NHTSA_FTY_0018,1,716
SYNTH_FTY_0019,synthetic-topology-extension,,Failure to yield,fine,NHTSA_FTY_0019,1,716
SYNTH_FTY_0020,synthetic-topology-extension,,Failure to yield,fine,NHTSA_FTY_0020,1,716
SYNTH_FTY_0021,synthetic-topology-extension,,Failure to yield,fine,NHTSA_FTY_0021,1,716
SYNTH_FTY_0022,synthetic-topology-extension,,Failure to yield,fine,NHTSA_FTY_0022,1,716
SYNTH_FTY_0023,synthetic-topology-extension,,Failure to yield,fine,NHTSA_FTY_0023,1,716
SYNTH_FTY_0024,synthetic-topology-extension,,Failure to yield,fine,NHTSA_FTY_0024,1,716
SYNTH_FTY_0025,synthetic-topology-extension,,Failure to yield,fine,NHTSA_FTY_0025,1,716
SYNTH_FTY_0026,synthetic-topology-extension,,Failure to yield,fine,NHTSA_FTY_0026,1,716
SYNTH_FTY_0027,synthetic-topology-extension,,Failure to yield,fine,NHTSA_FTY_0027,1,716
SYNTH_FTY_0028,synthetic-topology-extension,,Failure to yield,fine,NHTSA_FTY_0028,1,716
SYNTH_FTY_0029,synthetic-topology-extension,,Failure to yield,fine,NHTSA_FTY_0029,1,716
SYNTH_FTY_0030,synthetic-topology-extension,,Failure to yield,fine,NHTSA_FTY_0030,1,716
SYNTH_FTY_0031,synthetic-topology-extension,,Failure to yield,fine,NHTSA_FTY_0031,1,716
SYNTH_FTY_0032,synthetic-topology-extension,,Failure to yield,fine,NHTSA_FTY_0032,1,716
SYNTH_FTY_0033,synthetic-topology-extension,,Failure to yield,fine,NHTSA_FTY_0033,1,716
SYNTH_FTY_0034,synthetic-topology-extension,,Failure to yield,fine,NHTSA_FTY_0034,1,716
SYNTH_FTY_0035,synthetic-topology-extension,,Failure to yield,fine,NHTSA_FTY_0035,1,716
SYNTH_FTY_0036,synthetic-topology-extension,,Failure to yield,fine,NHTSA_FTY_0036,1,716
SYNTH_FTY_0037,synthetic-topology-extension,,Failure to yield,fine,NHTSA_FTY_0037,1,716
SYNTH_FTY_0038,synthetic-topology-extension,,Failure to yield,fine,NHTSA_FTY_0038,1,716
SYNTH_FTY_0039,synthetic-topology-extension,,Failure to yield,fine,NHTSA_FTY_0039,1,716
SYNTH_FTY_0040,synthetic-topology-extension,,Failure to yield,fine,NHTSA_FTY_0040,1,716
SYNTH_FTY_0041,synthetic-topology-extension,,Failure to yield,fine,NHTSA_FTY_0041,1,716
SYNTH_FTY_0042,synthetic-topology-extension,,Failure to yield,fine,NHTSA_FTY_0042,1,716
SYNTH_FTY_0043,synthetic-topology-extension,,Failure to yield,fine,NHTSA_FTY_0043,1,716
SYNTH_FTY_0044,synthetic-topology-extension,,Failure to yield,fine,NHTSA_FTY_0044,1,716
SYNTH_FTY_0045,synthetic-topology-extension,,Failure to yield,fine,NHTSA_FTY_0045,1,716
SYNTH_FTY_0046,synthetic-topology-extension,,Failure to yield,fine,NHTSA_FTY_0046,1,716
SYNTH_FTY_0047,synthetic-topology-extension,,Failure to yield,fine,NHTSA_FTY_0047,1,716
SYNTH_FTY_0048,synthetic-topology-extension,,Failure to yield,fine,NHTSA_FTY_0048,1,716
SYNTH_FTY_0049,synthetic-topology-extension,,Failure to yield,fine,NHTSA_FTY_0049,1,716
SYNTH_FTY_0050,synthetic-topology-extension,,Failure to yield,fine,NHTSA_FTY_0050,1,716
SYNTH_FTY_0051,synthetic-topology-extension,,Failure to yield,fine,NHTSA_FTY_0051,1,716
SYNTH_FTY_0052,synthetic-topology-extension,,Failure to yield,fine,NHTSA_FTY_0052,1,716
SYNTH_FTY_0053,synthetic-topology-extension,,Failure to yield,fine,NHTSA_FTY_0053,1,716
SYNTH_FTY_0054,synthetic-topology-extension,,Failure to yield,fine,NHTSA_FTY_0054,1,716
SYNTH_FTY_0055,synthetic-topology-extension,,Failure to yield,fine,NHTSA_FTY_0055,1,716
SYNTH_FTY_0056,synthetic-topology-extension,,Failure to yield,fine,NHTSA_FTY_0056,1,716
SYNTH_FTY_0057,synthetic-topology-extension,,Failure to yield,fine,NHTSA_FTY_0057,1,716
SYNTH_FTY_0058,synthetic-topology-extension,,Failure to yield,fine,NHTSA_FTY_0058,1,716
SYNTH_FTY_0059,synthetic-topology-extension,,Failure to yield,fine,NHTSA_FTY_0059,1,716
SYNTH_FTY_0060,synthetic-topology-extension,,Failure to yield,fine,NHTSA_FTY_0060,1,716
SYNTH_FTY_0061,synthetic-topology-extension,,Failure to yield,fine,NHTSA_FTY_0061,1,716
SYNTH_FTY_0062,synthetic-topology-extension,,Failure to yield,fine,NHTSA_FTY_0062,1,716
SYNTH_FTY_0063,synthetic-topology-extension,,Failure to yield,fine,NHTSA_FTY_0063,1,716
SYNTH_FTY_0064,synthetic-topology-extension,,Failure to yield,fine,NHTSA_FTY_0064,1,716
SYNTH_FTY_0065,synthetic-topology-extension,,Failure to yield,fine,NHTSA_FTY_0065,1,716
SYNTH_FTY_0066,synthetic-topology-extension,,Failure to yield,fine,NHTSA_FTY_0066,1,716
SYNTH_FTY_0067,synthetic-topology-extension,,Failure to yield,fine,NHTSA_FTY_0067,1,716
SYNTH_FTY_0068,synthetic-topology-extension,,Failure to yield,fine,NHTSA_FTY_0068,1,716
SYNTH_FTY_0069,synthetic-topology-extension,,Failure to yield,fine,NHTSA_FTY_0069,1,716
SYNTH_FTY_0070,synthetic-topology-extension,,Failure to yield,fine,NHTSA_FTY_0070,1,716
SYNTH_FTY_0071,synthetic-topology-extension,,Failure to yield,fine,NHTSA_FTY_0071,1,716
SYNTH_FTY_0072,synthetic-topology-extension,,Failure to yield,fine,NHTSA_FTY_0072,1,716
SYNTH_FTY_0073,synthetic-topology-extension,,Failure to yield,fine,NHTSA_FTY_0073,1,716
SYNTH_FTY_0074,synthetic-topology-extension,,Failure to yield,fine,NHTSA_FTY_0074,1,716
SYNTH_FTY_0075,synthetic-topology-extension,,Failure to yield,fine,NHTSA_FTY_0075,1,716
SYNTH_FTY_0076,synthetic-topology-extension,,Failure to yield,fine,NHTSA_FTY_0076,1,716
SYNTH_FTY_0077,synthetic-topology-extension,,Failure to yield,fine,NHTSA_FTY_0077,1,716
SYNTH_FTY_0078,synthetic-topology-extension,,Failure to yield,fine,NHTSA_FTY_0078,1,716
SYNTH_FTY_0079,synthetic-topology-extension,,Failure to yield,fine,NHTSA_FTY_0079,1,716
SYNTH_FTY_0080,synthetic-topology-extension,,Failure to yield,fine,NHTSA_FTY_0080,1,716
SYNTH_FTY_0081,synthetic-topology-extension,,Failure to yield,fine,NHTSA_FTY_0081,1,716
SYNTH_FTY_0082,synthetic-topology-extension,,Failure to yield,fine,NHTSA_FTY_0082,1,716
SYNTH_FTY_0083,synthetic-topology-extension,,Failure to yield,fine,NHTSA_FTY_0083,1,716
SYNTH_FTY_0084,synthetic-topology-extension,,Failure to yield,fine,NHTSA_FTY_0084,1,716
SYNTH_FTY_0085,synthetic-topology-extension,,Failure to yield,fine,NHTSA_FTY_0085,1,716
SYNTH_FTY_0086,synthetic-topology-extension,,Failure to yield,fine,NHTSA_FTY_0086,1,716
SYNTH_FTY_0087,synthetic-topology-extension,,Failure to yield,fine,NHTSA_FTY_0087,1,716
SYNTH_FTY_0088,synthetic-topology-extension,,Failure to yield,fine,NHTSA_FTY_0088,1,716
SYNTH_FTY_0089,synthetic-topology-extension,,Failure to yield,fine,NHTSA_FTY_0089,1,716
SYNTH_FTY_0090,synthetic-topology-extension,,Failure to yield,fine,NHTSA_FTY_0090,1,716
SYNTH_FTY_0091,synthetic-topology-extension,,Failure to yield,fine,NHTSA_FTY_0091,1,716
SYNTH_FTY_0092,synthetic-topology-extension,,Failure to yield,fine,NHTSA_FTY_0092,1,716
SYNTH_FTY_0093,synthetic-topology-extension,,Failure to yield,fine,NHTSA_FTY_0093,1,716
SYNTH_FTY_0094,synthetic-topology-extension,,Failure to yield,fine,NHTSA_FTY_0094,1,716
SYNTH_FTY_0095,synthetic-topology-extension,,Failure to yield,fine,NHTSA_FTY_0095,1,716
SYNTH_FTY_0096,synthetic-topology-extension,,Failure to yield,fine,NHTSA_FTY_0096,1,716
SYNTH_FTY_0097,synthetic-topology-extension,,Failure to yield,fine,NHTSA_FTY_0097,1,716
SYNTH_FTY_0098,synthetic-topology-extension,,Failure to yield,fine,NHTSA_FTY_0098,1,716
SYNTH_FTY_0099,synthetic-topology-extension,,Failure to yield,fine,NHTSA_FTY_0099,1,716
SYNTH_FTY_0100,synthetic-topology-extension,,Failure to yield,fine,NHTSA_FTY_0100,1,716
SYNTH_FTY_0101,synthetic-topology-extension,,Failure to yield,fine,NHTSA_FTY_0101,1,716
SYNTH_FTY_0102,synthetic-topology-extension,,Failure to yield,fine,NHTSA_FTY_0102,1,716
SYNTH_FTY_0103,synthetic-topology-extension,,Failure to yield,fine,NHTSA_FTY_0103,1,716
SYNTH_FTY_0104,synthetic-topology-extension,,Failure to yield,fine,NHTSA_FTY_0104,1,716
SYNTH_FTY_0105,synthetic-topology-extension,,Failure to yield,fine,NHTSA_FTY_0105,1,716
SYNTH_FTY_0106,synthetic-topology-extension,,Failure to yield,fine,NHTSA_FTY_0106,1,716
SYNTH_FTY_0107,synthetic-topology-extension,,Failure to yield,fine,NHTSA_FTY_0107,1,716
SYNTH_FTY_0108,synthetic-topology-extension,,Failure to yield,fine,NHTSA_FTY_0108,1,716
SYNTH_FTY_0109,synthetic-topology-extension,,Failure to yield,fine,NHTSA_FTY_0109,1,716
SYNTH_FTY_0110,synthetic-topology-extension,,Failure to yield,fine,NHTSA_FTY_0110,1,716
SYNTH_FTY_0111,synthetic-topology-extension,,Failure to yield,fine,NHTSA_FTY_0111,1,716
SYNTH_FTY_0112,synthetic-topology-extension,,Failure to yield,fine,NHTSA_FTY_0112,1,716
SYNTH_FTY_0113,synthetic-topology-extension,,Failure to yield,fine,NHTSA_FTY_0113,1,716
SYNTH_FTY_0114,synthetic-topology-extension,,Failure to yield,fine,NHTSA_FTY_0114,1,716
SYNTH_FTY_0115,synthetic-topology-extension,,Failure to yield,fine,NHTSA_FTY_0115,1,716
SYNTH_FTY_0116,synthetic-topology-extension,,Failure to yield,fine,NHTSA_FTY_0116,1,716
SYNTH_FTY_0117,synthetic-topology-extension,,Failure to yield,fine,NHTSA_FTY_0117,1,716
SYNTH_FTY_0118,synthetic-topology-extension,,Failure to yield,fine,NHTSA_FTY_0118,1,716
SYNTH_FTY_0119,synthetic-topology-extension,,Failure to yield,fine,NHTSA_FTY_0119,1,716
SYNTH_FTY_0120,synthetic-topology-extension,,Failure to yield,fine,NHTSA_FTY_0120,1,716
SYNTH_FTY_0121,synthetic-topology-extension,,Failure to yield,fine,NHTSA_FTY_0121,1,716
SYNTH_FTY_0122,synthetic-topology-extension,,Failure to yield,fine,NHTSA_FTY_0122,1,716
SYNTH_FTY_0123,synthetic-topology-extension,,Failure to yield,fine,NHTSA_FTY_0123,1,716
SYNTH_FTY_0124,synthetic-topology-extension,,Failure to yield,fine,NHTSA_FTY_0124,1,716
SYNTH_FTY_0125,synthetic-topology-extension,,Failure to yield,fine,NHTSA_FTY_0125,1,716
SYNTH_FTY_0126,synthetic-topology-extension,,Failure to yield,fine,NHTSA_FTY_0126,1,716
SYNTH_FTY_0127,synthetic-topology-extension,,Failure to yield,fine,NHTSA_FTY_0127,1,716
SYNTH_FTY_0128,synthetic-topology-extension,,Failure to yield,fine,NHTSA_FTY_0128,1,716
SYNTH_FTY_0129,synthetic-topology-extension,,Failure to yield,fine,NHTSA_FTY_0129,1,716
SYNTH_FTY_0130,synthetic-topology-extension,,Failure to yield,fine,NHTSA_FTY_0130,1,716
SYNTH_FTY_0131,synthetic-topology-extension,,Failure to yield,fine,NHTSA_FTY_0131,1,716
SYNTH_FTY_0132,synthetic-topology-extension,,Failure to yield,fine,NHTSA_FTY_0132,1,716
SYNTH_FTY_0133,synthetic-topology-extension,,Failure to yield,fine,NHTSA_FTY_0133,1,716
SYNTH_FTY_0134,synthetic-topology-extension,,Failure to yield,fine,NHTSA_FTY_0134,1,716
SYNTH_FTY_0135,synthetic-topology-extension,,Failure to yield,fine,NHTSA_FTY_0135,1,716
SYNTH_FTY_0136,synthetic-topology-extension,,Failure to yield,fine,NHTSA_FTY_0136,1,716
SYNTH_FTY_0137,synthetic-topology-extension,,Failure to yield,fine,NHTSA_FTY_0137,1,716
SYNTH_FTY_0138,synthetic-topology-extension,,Failure to yield,fine,NHTSA_FTY_0138,1,716
SYNTH_FTY_0139,synthetic-topology-extension,,Failure to yield,fine,NHTSA_FTY_0139,1,716
SYNTH_FTY_0140,synthetic-topology-extension,,Failure to yield,fine,NHTSA_FTY_0140,1,716
NHTSA_SPD_0001,NHTSA-derived,NHTSA_SPD_0001,Speeding,coarse,,0,
NHTSA_SPD_0002,NHTSA-derived,NHTSA_SPD_0002,Speeding,coarse,,0,
NHTSA_SPD_0003,NHTSA-derived,NHTSA_SPD_0003,Speeding,coarse,,0,
NHTSA_SPD_0004,NHTSA-derived,NHTSA_SPD_0004,Speeding,coarse,,0,
NHTSA_SPD_0005,NHTSA-derived,NHTSA_SPD_0005,Speeding,coarse,,0,
NHTSA_SPD_0006,NHTSA-derived,NHTSA_SPD_0006,Speeding,coarse,,0,
NHTSA_SPD_0007,NHTSA-derived,NHTSA_SPD_0007,Speeding,coarse,,0,
NHTSA_SPD_0008,NHTSA-derived,NHTSA_SPD_0008,Speeding,coarse,,0,
NHTSA_SPD_0009,NHTSA-derived,NHTSA_SPD_0009,Speeding,coarse,,0,
NHTSA_SPD_0010,NHTSA-derived,NHTSA_SPD_0010,Speeding,coarse,,0,
NHTSA_SPD_0011,NHTSA-derived,NHTSA_SPD_0011,Speeding,coarse,,0,
NHTSA_SPD_0012,NHTSA-derived,NHTSA_SPD_0012,Speeding,coarse,,0,
NHTSA_SPD_0013,NHTSA-derived,NHTSA_SPD_0013,Speeding,coarse,,0,
NHTSA_SPD_0014,NHTSA-derived,NHTSA_SPD_0014,Speeding,coarse,,0,
NHTSA_SPD_0015,NHTSA-derived,NHTSA_SPD_0015,Speeding,coarse,,0,
NHTSA_SPD_0016,NHTSA-derived,NHTSA_SPD_0016,Speeding,coarse,,0,
NHTSA_SPD_0017,NHTSA-derived,NHTSA_SPD_0017,Speeding,coarse,,0,
NHTSA_SPD_0018,NHTSA-derived,NHTSA_SPD_0018,Speeding,coarse,,0,
NHTSA_SPD_0019,NHTSA-derived,NHTSA_SPD_0019,Speeding,coarse,,0,
NHTSA_SPD_0020,NHTSA-derived,NHTSA_SPD_0020,Speeding,coarse,,0,
NHTSA_SPD_0021,NHTSA-derived,NHTSA_SPD_0021,Speeding,coarse,,0,
NHTSA_SPD_0022,NHTSA-derived,NHTSA_SPD_0022,Speeding,coarse,,0,
NHTSA_SPD_0023,NHTSA-derived,NHTSA_SPD_0023,Speeding,coarse,,0,
NHTSA_SPD_0024,NHTSA-derived,NHTSA_SPD_0024,Speeding,coarse,,0,
NHTSA_SPD_0025,NHTSA-derived,NHTSA_SPD_0025,Speeding,coarse,,0,
NHTSA_SPD_0026,NHTSA-derived,NHTSA_SPD_0026,Speeding,coarse,,0,
NHTSA_SPD_0027,NHTSA-derived,NHTSA_SPD_0027,Speeding,coarse,,0,
NHTSA_SPD_0028,NHTSA-derived,NHTSA_SPD_0028,Speeding,coarse,,0,
NHTSA_SPD_0029,NHTSA-derived,NHTSA_SPD_0029,Speeding,coarse,,0,
NHTSA_SPD_0030,NHTSA-derived,NHTSA_SPD_0030,Speeding,coarse,,0,
NHTSA_SPD_0031,NHTSA-derived,NHTSA_SPD_0031,Speeding,coarse,,0,
NHTSA_SPD_0032,NHTSA-derived,NHTSA_SPD_0032,Speeding,coarse,,0,
NHTSA_SPD_0033,NHTSA-derived,NHTSA_SPD_0033,Speeding,coarse,,0,
NHTSA_SPD_0034,NHTSA-derived,NHTSA_SPD_0034,Speeding,coarse,,0,
NHTSA_SPD_0035,NHTSA-derived,NHTSA_SPD_0035,Speeding,coarse,,0,
NHTSA_SPD_0036,NHTSA-derived,NHTSA_SPD_0036,Speeding,coarse,,0,
NHTSA_SPD_0037,NHTSA-derived,NHTSA_SPD_0037,Speeding,coarse,,0,
NHTSA_SPD_0038,NHTSA-derived,NHTSA_SPD_0038,Speeding,coarse,,0,
NHTSA_SPD_0039,NHTSA-derived,NHTSA_SPD_0039,Speeding,coarse,,0,
NHTSA_SPD_0040,NHTSA-derived,NHTSA_SPD_0040,Speeding,coarse,,0,
NHTSA_SPD_0041,NHTSA-derived,NHTSA_SPD_0041,Speeding,coarse,,0,
NHTSA_SPD_0042,NHTSA-derived,NHTSA_SPD_0042,Speeding,coarse,,0,
NHTSA_SPD_0043,NHTSA-derived,NHTSA_SPD_0043,Speeding,coarse,,0,
NHTSA_SPD_0044,NHTSA-derived,NHTSA_SPD_0044,Speeding,coarse,,0,
NHTSA_SPD_0045,NHTSA-derived,NHTSA_SPD_0045,Speeding,coarse,,0,
NHTSA_SPD_0046,NHTSA-derived,NHTSA_SPD_0046,Speeding,coarse,,0,
NHTSA_SPD_0047,NHTSA-derived,NHTSA_SPD_0047,Speeding,coarse,,0,
NHTSA_SPD_0048,NHTSA-derived,NHTSA_SPD_0048,Speeding,coarse,,0,
NHTSA_SPD_0049,NHTSA-derived,NHTSA_SPD_0049,Speeding,coarse,,0,
NHTSA_SPD_0050,NHTSA-derived,NHTSA_SPD_0050,Speeding,coarse,,0,
NHTSA_SPD_0051,NHTSA-derived,NHTSA_SPD_0051,Speeding,coarse,,0,
NHTSA_SPD_0052,NHTSA-derived,NHTSA_SPD_0052,Speeding,coarse,,0,
NHTSA_SPD_0053,NHTSA-derived,NHTSA_SPD_0053,Speeding,coarse,,0,
NHTSA_SPD_0054,NHTSA-derived,NHTSA_SPD_0054,Speeding,coarse,,0,
NHTSA_SPD_0055,NHTSA-derived,NHTSA_SPD_0055,Speeding,coarse,,0,
NHTSA_SPD_0056,NHTSA-derived,NHTSA_SPD_0056,Speeding,coarse,,0,
NHTSA_SPD_0057,NHTSA-derived,NHTSA_SPD_0057,Speeding,coarse,,0,
NHTSA_SPD_0058,NHTSA-derived,NHTSA_SPD_0058,Speeding,coarse,,0,
NHTSA_SPD_0059,NHTSA-derived,NHTSA_SPD_0059,Speeding,coarse,,0,
NHTSA_SPD_0060,NHTSA-derived,NHTSA_SPD_0060,Speeding,coarse,,0,
NHTSA_SPD_0061,NHTSA-derived,NHTSA_SPD_0061,Speeding,coarse,,0,
NHTSA_SPD_0062,NHTSA-derived,NHTSA_SPD_0062,Speeding,coarse,,0,
NHTSA_SPD_0063,NHTSA-derived,NHTSA_SPD_0063,Speeding,coarse,,0,
NHTSA_SPD_0064,NHTSA-derived,NHTSA_SPD_0064,Speeding,coarse,,0,
NHTSA_SPD_0065,NHTSA-derived,NHTSA_SPD_0065,Speeding,coarse,,0,
NHTSA_SPD_0066,NHTSA-derived,NHTSA_SPD_0066,Speeding,coarse,,0,
NHTSA_SPD_0067,NHTSA-derived,NHTSA_SPD_0067,Speeding,coarse,,0,
NHTSA_SPD_0068,NHTSA-derived,NHTSA_SPD_0068,Speeding,coarse,,0,
NHTSA_SPD_0069,NHTSA-derived,NHTSA_SPD_0069,Speeding,coarse,,0,
NHTSA_SPD_0070,NHTSA-derived,NHTSA_SPD_0070,Speeding,coarse,,0,
NHTSA_SPD_0071,NHTSA-derived,NHTSA_SPD_0071,Speeding,coarse,,0,
NHTSA_SPD_0072,NHTSA-derived,NHTSA_SPD_0072,Speeding,coarse,,0,
NHTSA_SPD_0073,NHTSA-derived,NHTSA_SPD_0073,Speeding,coarse,,0,
NHTSA_SPD_0074,NHTSA-derived,NHTSA_SPD_0074,Speeding,coarse,,0,
NHTSA_SPD_0075,NHTSA-derived,NHTSA_SPD_0075,Speeding,coarse,,0,
NHTSA_SPD_0076,NHTSA-derived,NHTSA_SPD_0076,Speeding,coarse,,0,
NHTSA_SPD_0077,NHTSA-derived,NHTSA_SPD_0077,Speeding,coarse,,0,
NHTSA_SPD_0078,NHTSA-derived,NHTSA_SPD_0078,Speeding,coarse,,0,
NHTSA_SPD_0079,NHTSA-derived,NHTSA_SPD_0079,Speeding,coarse,,0,
NHTSA_SPD_0080,NHTSA-derived,NHTSA_SPD_0080,Speeding,coarse,,0,
NHTSA_SPD_0081,NHTSA-derived,NHTSA_SPD_0081,Speeding,coarse,,0,
NHTSA_SPD_0082,NHTSA-derived,NHTSA_SPD_0082,Speeding,coarse,,0,
NHTSA_SPD_0083,NHTSA-derived,NHTSA_SPD_0083,Speeding,coarse,,0,
NHTSA_SPD_0084,NHTSA-derived,NHTSA_SPD_0084,Speeding,coarse,,0,
NHTSA_SPD_0085,NHTSA-derived,NHTSA_SPD_0085,Speeding,coarse,,0,
NHTSA_SPD_0086,NHTSA-derived,NHTSA_SPD_0086,Speeding,coarse,,0,
NHTSA_SPD_0087,NHTSA-derived,NHTSA_SPD_0087,Speeding,coarse,,0,
NHTSA_SPD_0088,NHTSA-derived,NHTSA_SPD_0088,Speeding,coarse,,0,
NHTSA_SPD_0089,NHTSA-derived,NHTSA_SPD_0089,Speeding,coarse,,0,
NHTSA_SPD_0090,NHTSA-derived,NHTSA_SPD_0090,Speeding,coarse,,0,
NHTSA_SPD_0091,NHTSA-derived,NHTSA_SPD_0091,Speeding,coarse,,0,
NHTSA_SPD_0092,NHTSA-derived,NHTSA_SPD_0092,Speeding,coarse,,0,
NHTSA_SPD_0093,NHTSA-derived,NHTSA_SPD_0093,Speeding,coarse,,0,
NHTSA_SPD_0094,NHTSA-derived,NHTSA_SPD_0094,Speeding,coarse,,0,
NHTSA_SPD_0095,NHTSA-derived,NHTSA_SPD_0095,Speeding,coarse,,0,
NHTSA_SPD_0096,NHTSA-derived,NHTSA_SPD_0096,Speeding,coarse,,0,
NHTSA_SPD_0097,NHTSA-derived,NHTSA_SPD_0097,Speeding,coarse,,0,
NHTSA_SPD_0098,NHTSA-derived,NHTSA_SPD_0098,Speeding,coarse,,0,
NHTSA_SPD_0099,NHTSA-derived,NHTSA_SPD_0099,Speeding,coarse,,0,
NHTSA_SPD_0100,NHTSA-derived,NHTSA_SPD_0100,Speeding,coarse,,0,
NHTSA_SPD_0101,NHTSA-derived,NHTSA_SPD_0101,Speeding,coarse,,0,
NHTSA_SPD_0102,NHTSA-derived,NHTSA_SPD_0102,Speeding,coarse,,0,
NHTSA_SPD_0103,NHTSA-derived,NHTSA_SPD_0103,Speeding,coarse,,0,
NHTSA_SPD_0104,NHTSA-derived,NHTSA_SPD_0104,Speeding,coarse,,0,
NHTSA_SPD_0105,NHTSA-derived,NHTSA_SPD_0105,Speeding,coarse,,0,
NHTSA_SPD_0106,NHTSA-derived,NHTSA_SPD_0106,Speeding,coarse,,0,
NHTSA_SPD_0107,NHTSA-derived,NHTSA_SPD_0107,Speeding,coarse,,0,
NHTSA_SPD_0108,NHTSA-derived,NHTSA_SPD_0108,Speeding,coarse,,0,
NHTSA_SPD_0109,NHTSA-derived,NHTSA_SPD_0109,Speeding,coarse,,0,
NHTSA_SPD_0110,NHTSA-derived,NHTSA_SPD_0110,Speeding,coarse,,0,
NHTSA_SPD_0111,NHTSA-derived,NHTSA_SPD_0111,Speeding,coarse,,0,
NHTSA_SPD_0112,NHTSA-derived,NHTSA_SPD_0112,Speeding,coarse,,0,
NHTSA_SPD_0113,NHTSA-derived,NHTSA_SPD_0113,Speeding,coarse,,0,
NHTSA_SPD_0114,NHTSA-derived,NHTSA_SPD_0114,Speeding,coarse,,0,
NHTSA_SPD_0115,NHTSA-derived,NHTSA_SPD_0115,Speeding,coarse,,0,
NHTSA_SPD_0116,NHTSA-derived,NHTSA_SPD_0116,Speeding,coarse,,0,
NHTSA_SPD_0117,NHTSA-derived,NHTSA_SPD_0117,Speeding,coarse,,0,
NHTSA_SPD_0118,NHTSA-derived,NHTSA_SPD_0118,Speeding,coarse,,0,
NHTSA_SPD_0119,NHTSA-derived,NHTSA_SPD_0119,Speeding,coarse,,0,
NHTSA_SPD_0120,NHTSA-derived,NHTSA_SPD_0120,Speeding,coarse,,0,
NHTSA_SPD_0121,NHTSA-derived,NHTSA_SPD_0121,Speeding,coarse,,0,
NHTSA_SPD_0122,NHTSA-derived,NHTSA_SPD_0122,Speeding,coarse,,0,
NHTSA_SPD_0123,NHTSA-derived,NHTSA_SPD_0123,Speeding,coarse,,0,
NHTSA_SPD_0124,NHTSA-derived,NHTSA_SPD_0124,Speeding,coarse,,0,
NHTSA_SPD_0125,NHTSA-derived,NHTSA_SPD_0125,Speeding,coarse,,0,
NHTSA_SPD_0126,NHTSA-derived,NHTSA_SPD_0126,Speeding,coarse,,0,
NHTSA_SPD_0127,NHTSA-derived,NHTSA_SPD_0127,Speeding,coarse,,0,
NHTSA_SPD_0128,NHTSA-derived,NHTSA_SPD_0128,Speeding,coarse,,0,
NHTSA_SPD_0129,NHTSA-derived,NHTSA_SPD_0129,Speeding,coarse,,0,
NHTSA_SPD_0130,NHTSA-derived,NHTSA_SPD_0130,Speeding,coarse,,0,
NHTSA_SPD_0131,NHTSA-derived,NHTSA_SPD_0131,Speeding,coarse,,0,
NHTSA_SPD_0132,NHTSA-derived,NHTSA_SPD_0132,Speeding,coarse,,0,
NHTSA_SPD_0133,NHTSA-derived,NHTSA_SPD_0133,Speeding,coarse,,0,
NHTSA_SPD_0134,NHTSA-derived,NHTSA_SPD_0134,Speeding,coarse,,0,
NHTSA_SPD_0135,NHTSA-derived,NHTSA_SPD_0135,Speeding,coarse,,0,
NHTSA_SPD_0136,NHTSA-derived,NHTSA_SPD_0136,Speeding,coarse,,0,
NHTSA_SPD_0137,NHTSA-derived,NHTSA_SPD_0137,Speeding,coarse,,0,
NHTSA_SPD_0138,NHTSA-derived,NHTSA_SPD_0138,Speeding,coarse,,0,
NHTSA_SPD_0139,NHTSA-derived,NHTSA_SPD_0139,Speeding,coarse,,0,
NHTSA_SPD_0140,NHTSA-derived,NHTSA_SPD_0140,Speeding,coarse,,0,
NHTSA_SPD_0141,NHTSA-derived,NHTSA_SPD_0141,Speeding,coarse,,0,
NHTSA_SPD_0142,NHTSA-derived,NHTSA_SPD_0142,Speeding,coarse,,0,
NHTSA_SPD_0143,NHTSA-derived,NHTSA_SPD_0143,Speeding,coarse,,0,
NHTSA_SPD_0144,NHTSA-derived,NHTSA_SPD_0144,Speeding,coarse,,0,
NHTSA_SPD_0145,NHTSA-derived,NHTSA_SPD_0145,Speeding,coarse,,0,
NHTSA_SPD_0146,NHTSA-derived,NHTSA_SPD_0146,Speeding,coarse,,0,
NHTSA_SPD_0147,NHTSA-derived,NHTSA_SPD_0147,Speeding,coarse,,0,
NHTSA_SPD_0148,NHTSA-derived,NHTSA_SPD_0148,Speeding,coarse,,0,
NHTSA_SPD_0149,NHTSA-derived,NHTSA_SPD_0149,Speeding,coarse,,0,
NHTSA_SPD_0150,NHTSA-derived,NHTSA_SPD_0150,Speeding,coarse,,0,
NHTSA_SPD_0151,NHTSA-derived,NHTSA_SPD_0151,Speeding,coarse,,0,
NHTSA_SPD_0152,NHTSA-derived,NHTSA_SPD_0152,Speeding,coarse,,0,
NHTSA_SPD_0153,NHTSA-derived,NHTSA_SPD_0153,Speeding,coarse,,0,
NHTSA_SPD_0154,NHTSA-derived,NHTSA_SPD_0154,Speeding,coarse,,0,
NHTSA_SPD_0155,NHTSA-derived,NHTSA_SPD_0155,Speeding,coarse,,0,
NHTSA_SPD_0156,NHTSA-derived,NHTSA_SPD_0156,Speeding,coarse,,0,
NHTSA_SPD_0157,NHTSA-derived,NHTSA_SPD_0157,Speeding,coarse,,0,
NHTSA_SPD_0158,NHTSA-derived,NHTSA_SPD_0158,Speeding,coarse,,0,
NHTSA_SPD_0159,NHTSA-derived,NHTSA_SPD_0159,Speeding,coarse,,0,
NHTSA_SPD_0160,NHTSA-derived,NHTSA_SPD_0160,Speeding,coarse,,0,
NHTSA_SPD_0161,NHTSA-derived,NHTSA_SPD_0161,Speeding,coarse,,0,
NHTSA_SPD_0162,NHTSA-derived,NHTSA_SPD_0162,Speeding,coarse,,0,
NHTSA_SPD_0163,NHTSA-derived,NHTSA_SPD_0163,Speeding,coarse,,0,
NHTSA_SPD_0164,NHTSA-derived,NHTSA_SPD_0164,Speeding,coarse,,0,
NHTSA_SPD_0165,NHTSA-derived,NHTSA_SPD_0165,Speeding,coarse,,0,
NHTSA_SPD_0166,NHTSA-derived,NHTSA_SPD_0166,Speeding,coarse,,0,
NHTSA_SPD_0167,NHTSA-derived,NHTSA_SPD_0167,Speeding,coarse,,0,
NHTSA_SPD_0168,NHTSA-derived,NHTSA_SPD_0168,Speeding,coarse,,0,
NHTSA_SPD_0169,NHTSA-derived,NHTSA_SPD_0169,Speeding,coarse,,0,
NHTSA_SPD_0170,NHTSA-derived,NHTSA_SPD_0170,Speeding,coarse,,0,
NHTSA_SPD_0171,NHTSA-derived,NHTSA_SPD_0171,Speeding,coarse,,0,
NHTSA_SPD_0172,NHTSA-derived,NHTSA_SPD_0172,Speeding,coarse,,0,
NHTSA_SPD_0173,NHTSA-derived,NHTSA_SPD_0173,Speeding,coarse,,0,
NHTSA_SPD_0174,NHTSA-derived,NHTSA_SPD_0174,Speeding,coarse,,0,
NHTSA_SPD_0175,NHTSA-derived,NHTSA_SPD_0175,Speeding,coarse,,0,
NHTSA_SPD_0176,NHTSA-derived,NHTSA_SPD_0176,Speeding,coarse,,0,
NHTSA_SPD_0177,NHTSA-derived,NHTSA_SPD_0177,Speeding,coarse,,0,
NHTSA_SPD_0178,NHTSA-derived,NHTSA_SPD_0178,Speeding,coarse,,0,
NHTSA_SPD_0179,NHTSA-derived,NHTSA_SPD_0179,Speeding,coarse,,0,
NHTSA_SPD_0180,NHTSA-derived,NHTSA_SPD_0180,Speeding,coarse,,0,
NHTSA_SPD_0181,NHTSA-derived,NHTSA_SPD_0181,Speeding,coarse,,0,
NHTSA_SPD_0182,NHTSA-derived,NHTSA_SPD_0182,Speeding,coarse,,0,
NHTSA_SPD_0183,NHTSA-derived,NHTSA_SPD_0183,Speeding,coarse,,0,
NHTSA_SPD_0184,NHTSA-derived,NHTSA_SPD_0184,Speeding,coarse,,0,
NHTSA_SPD_0185,NHTSA-derived,NHTSA_SPD_0185,Speeding,coarse,,0,
NHTSA_SPD_0186,NHTSA-derived,NHTSA_SPD_0186,Speeding,coarse,,0,
NHTSA_SPD_0187,NHTSA-derived,NHTSA_SPD_0187,Speeding,coarse,,0,
NHTSA_SPD_0188,NHTSA-derived,NHTSA_SPD_0188,Speeding,coarse,,0,
NHTSA_SPD_0189,NHTSA-derived,NHTSA_SPD_0189,Speeding,coarse,,0,
NHTSA_SPD_0190,NHTSA-derived,NHTSA_SPD_0190,Speeding,coarse,,0,
NHTSA_SPD_0191,NHTSA-derived,NHTSA_SPD_0191,Speeding,coarse,,0,
NHTSA_SPD_0192,NHTSA-derived,NHTSA_SPD_0192,Speeding,coarse,,0,
NHTSA_SPD_0193,NHTSA-derived,NHTSA_SPD_0193,Speeding,coarse,,0,
NHTSA_SPD_0194,NHTSA-derived,NHTSA_SPD_0194,Speeding,coarse,,0,
NHTSA_SPD_0195,NHTSA-derived,NHTSA_SPD_0195,Speeding,coarse,,0,
NHTSA_SPD_0196,NHTSA-derived,NHTSA_SPD_0196,Speeding,coarse,,0,
NHTSA_SPD_0197,NHTSA-derived,NHTSA_SPD_0197,Speeding,coarse,,0,
NHTSA_SPD_0198,NHTSA-derived,NHTSA_SPD_0198,Speeding,coarse,,0,
NHTSA_SPD_0199,NHTSA-derived,NHTSA_SPD_0199,Speeding,coarse,,0,
NHTSA_SPD_0200,NHTSA-derived,NHTSA_SPD_0200,Speeding,coarse,,0,
NHTSA_SPD_0201,NHTSA-derived,NHTSA_SPD_0201,Speeding,coarse,,0,
NHTSA_SPD_0202,NHTSA-derived,NHTSA_SPD_0202,Speeding,coarse,,0,
NHTSA_SPD_0203,NHTSA-derived,NHTSA_SPD_0203,Speeding,coarse,,0,
NHTSA_SPD_0204,NHTSA-derived,NHTSA_SPD_0204,Speeding,coarse,,0,
NHTSA_SPD_0205,NHTSA-derived,NHTSA_SPD_0205,Speeding,coarse,,0,
NHTSA_SPD_0206,NHTSA-derived,NHTSA_SPD_0206,Speeding,coarse,,0,
NHTSA_SPD_0207,NHTSA-derived,NHTSA_SPD_0207,Speeding,coarse,,0,
NHTSA_SPD_0208,NHTSA-derived,NHTSA_SPD_0208,Speeding,coarse,,0,
NHTSA_SPD_0209,NHTSA-derived,NHTSA_SPD_0209,Speeding,coarse,,0,
NHTSA_SPD_0210,NHTSA-derived,NHTSA_SPD_0210,Speeding,coarse,,0,
NHTSA_SPD_0211,NHTSA-derived,NHTSA_SPD_0211,Speeding,coarse,,0,
NHTSA_SPD_0212,NHTSA-derived,NHTSA_SPD_0212,Speeding,coarse,,0,
NHTSA_SPD_0213,NHTSA-derived,NHTSA_SPD_0213,Speeding,coarse,,0,
NHTSA_SPD_0214,NHTSA-derived,NHTSA_SPD_0214,Speeding,coarse,,0,
NHTSA_SPD_0215,NHTSA-derived,NHTSA_SPD_0215,Speeding,coarse,,0,
NHTSA_SPD_0216,NHTSA-derived,NHTSA_SPD_0216,Speeding,coarse,,0,
NHTSA_SPD_0217,NHTSA-derived,NHTSA_SPD_0217,Speeding,coarse,,0,
NHTSA_SPD_0218,NHTSA-derived,NHTSA_SPD_0218,Speeding,coarse,,0,
NHTSA_SPD_0219,NHTSA-derived,NHTSA_SPD_0219,Speeding,coarse,,0,
NHTSA_SPD_0220,NHTSA-derived,NHTSA_SPD_0220,Speeding,coarse,,0,
NHTSA_SPD_0221,NHTSA-derived,NHTSA_SPD_0221,Speeding,coarse,,0,
NHTSA_SPD_0222,NHTSA-derived,NHTSA_SPD_0222,Speeding,coarse,,0,
NHTSA_SPD_0223,NHTSA-derived,NHTSA_SPD_0223,Speeding,coarse,,0,
NHTSA_SPD_0224,NHTSA-derived,NHTSA_SPD_0224,Speeding,coarse,,0,
NHTSA_SPD_0225,NHTSA-derived,NHTSA_SPD_0225,Speeding,coarse,,0,
NHTSA_SPD_0226,NHTSA-derived,NHTSA_SPD_0226,Speeding,coarse,,0,
NHTSA_SPD_0227,NHTSA-derived,NHTSA_SPD_0227,Speeding,coarse,,0,
NHTSA_SPD_0228,NHTSA-derived,NHTSA_SPD_0228,Speeding,coarse,,0,
NHTSA_SPD_0229,NHTSA-derived,NHTSA_SPD_0229,Speeding,coarse,,0,
NHTSA_SPD_0230,NHTSA-derived,NHTSA_SPD_0230,Speeding,coarse,,0,
NHTSA_SPD_0231,NHTSA-derived,NHTSA_SPD_0231,Speeding,coarse,,0,
NHTSA_SPD_0232,NHTSA-derived,NHTSA_SPD_0232,Speeding,coarse,,0,
NHTSA_SPD_0233,NHTSA-derived,NHTSA_SPD_0233,Speeding,coarse,,0,
NHTSA_SPD_0234,NHTSA-derived,NHTSA_SPD_0234,Speeding,coarse,,0,
NHTSA_SPD_0235,NHTSA-derived,NHTSA_SPD_0235,Speeding,coarse,,0,
NHTSA_SPD_0236,NHTSA-derived,NHTSA_SPD_0236,Speeding,coarse,,0,
NHTSA_SPD_0237,NHTSA-derived,NHTSA_SPD_0237,Speeding,coarse,,0,
NHTSA_SPD_0238,NHTSA-derived,NHTSA_SPD_0238,Speeding,coarse,,0,
NHTSA_SPD_0239,NHTSA-derived,NHTSA_SPD_0239,Speeding,coarse,,0,
NHTSA_SPD_0240,NHTSA-derived,NHTSA_SPD_0240,Speeding,coarse,,0,
NHTSA_SPD_0241,NHTSA-derived,NHTSA_SPD_0241,Speeding,coarse,,0,
NHTSA_SPD_0242,NHTSA-derived,NHTSA_SPD_0242,Speeding,coarse,,0,
NHTSA_SPD_0243,NHTSA-derived,NHTSA_SPD_0243,Speeding,coarse,,0,
NHTSA_SPD_0244,NHTSA-derived,NHTSA_SPD_0244,Speeding,coarse,,0,
NHTSA_SPD_0245,NHTSA-derived,NHTSA_SPD_0245,Speeding,coarse,,0,
NHTSA_SPD_0246,NHTSA-derived,NHTSA_SPD_0246,Speeding,coarse,,0,
NHTSA_SPD_0247,NHTSA-derived,NHTSA_SPD_0247,Speeding,coarse,,0,
NHTSA_SPD_0248,NHTSA-derived,NHTSA_SPD_0248,Speeding,coarse,,0,
NHTSA_SPD_0249,NHTSA-derived,NHTSA_SPD_0249,Speeding,coarse,,0,
NHTSA_SPD_0250,NHTSA-derived,NHTSA_SPD_0250,Speeding,coarse,,0,
NHTSA_SPD_0251,NHTSA-derived,NHTSA_SPD_0251,Speeding,coarse,,0,
NHTSA_SPD_0252,NHTSA-derived,NHTSA_SPD_0252,Speeding,coarse,,0,
NHTSA_SPD_0253,NHTSA-derived,NHTSA_SPD_0253,Speeding,coarse,,0,
NHTSA_SPD_0254,NHTSA-derived,NHTSA_SPD_0254,Speeding,coarse,,0,
NHTSA_SPD_0255,NHTSA-derived,NHTSA_SPD_0255,Speeding,coarse,,0,
NHTSA_SPD_0256,NHTSA-derived,NHTSA_SPD_0256,Speeding,coarse,,0,
NHTSA_SPD_0257,NHTSA-derived,NHTSA_SPD_0257,Speeding,coarse,,0,
NHTSA_SPD_0258,NHTSA-derived,NHTSA_SPD_0258,Speeding,coarse,,0,
NHTSA_SPD_0259,NHTSA-derived,NHTSA_SPD_0259,Speeding,coarse,,0,
NHTSA_SPD_0260,NHTSA-derived,NHTSA_SPD_0260,Speeding,coarse,,0,
NHTSA_SPD_0261,NHTSA-derived,NHTSA_SPD_0261,Speeding,coarse,,0,
NHTSA_SPD_0262,NHTSA-derived,NHTSA_SPD_0262,Speeding,coarse,,0,
NHTSA_SPD_0263,NHTSA-derived,NHTSA_SPD_0263,Speeding,coarse,,0,
NHTSA_SPD_0264,NHTSA-derived,NHTSA_SPD_0264,Speeding,coarse,,0,
NHTSA_SPD_0265,NHTSA-derived,NHTSA_SPD_0265,Speeding,coarse,,0,
NHTSA_SPD_0266,NHTSA-derived,NHTSA_SPD_0266,Speeding,coarse,,0,
NHTSA_SPD_0267,NHTSA-derived,NHTSA_SPD_0267,Speeding,coarse,,0,
NHTSA_SPD_0268,NHTSA-derived,NHTSA_SPD_0268,Speeding,coarse,,0,
NHTSA_SPD_0269,NHTSA-derived,NHTSA_SPD_0269,Speeding,coarse,,0,
NHTSA_SPD_0270,NHTSA-derived,NHTSA_SPD_0270,Speeding,coarse,,0,
NHTSA_SPD_0271,NHTSA-derived,NHTSA_SPD_0271,Speeding,coarse,,0,
NHTSA_SPD_0272,NHTSA-derived,NHTSA_SPD_0272,Speeding,coarse,,0,
NHTSA_SPD_0273,NHTSA-derived,NHTSA_SPD_0273,Speeding,coarse,,0,
NHTSA_SPD_0274,NHTSA-derived,NHTSA_SPD_0274,Speeding,coarse,,0,
NHTSA_SPD_0275,NHTSA-derived,NHTSA_SPD_0275,Speeding,coarse,,0,
NHTSA_SPD_0276,NHTSA-derived,NHTSA_SPD_0276,Speeding,coarse,,0,
NHTSA_SPD_0277,NHTSA-derived,NHTSA_SPD_0277,Speeding,coarse,,0,
NHTSA_SPD_0278,NHTSA-derived,NHTSA_SPD_0278,Speeding,coarse,,0,
NHTSA_SPD_0279,NHTSA-derived,NHTSA_SPD_0279,Speeding,coarse,,0,
NHTSA_SPD_0280,NHTSA-derived,NHTSA_SPD_0280,Speeding,coarse,,0,
NHTSA_SPD_0281,NHTSA-derived,NHTSA_SPD_0281,Speeding,coarse,,0,
NHTSA_SPD_0282,NHTSA-derived,NHTSA_SPD_0282,Speeding,coarse,,0,
NHTSA_SPD_0283,NHTSA-derived,NHTSA_SPD_0283,Speeding,coarse,,0,
NHTSA_SPD_0284,NHTSA-derived,NHTSA_SPD_0284,Speeding,coarse,,0,
NHTSA_SPD_0285,NHTSA-derived,NHTSA_SPD_0285,Speeding,coarse,,0,
NHTSA_SPD_0286,NHTSA-derived,NHTSA_SPD_0286,Speeding,coarse,,0,
NHTSA_SPD_0287,NHTSA-derived,NHTSA_SPD_0287,Speeding,coarse,,0,
NHTSA_SPD_0288,NHTSA-derived,NHTSA_SPD_0288,Speeding,coarse,,0,
NHTSA_SPD_0289,NHTSA-derived,NHTSA_SPD_0289,Speeding,coarse,,0,
NHTSA_SPD_0290,NHTSA-derived,NHTSA_SPD_0290,Speeding,coarse,,0,
NHTSA_SPD_0291,NHTSA-derived,NHTSA_SPD_0291,Speeding,coarse,,0,
NHTSA_SPD_0292,NHTSA-derived,NHTSA_SPD_0292,Speeding,coarse,,0,
NHTSA_SPD_0293,NHTSA-derived,NHTSA_SPD_0293,Speeding,coarse,,0,
NHTSA_SPD_0294,NHTSA-derived,NHTSA_SPD_0294,Speeding,coarse,,0,
NHTSA_SPD_0295,NHTSA-derived,NHTSA_SPD_0295,Speeding,coarse,,0,
NHTSA_SPD_0296,NHTSA-derived,NHTSA_SPD_0296,Speeding,coarse,,0,
NHTSA_SPD_0297,NHTSA-derived,NHTSA_SPD_0297,Speeding,coarse,,0,
NHTSA_SPD_0298,NHTSA-derived,NHTSA_SPD_0298,Speeding,coarse,,0,
NHTSA_SPD_0299,NHTSA-derived,NHTSA_SPD_0299,Speeding,coarse,,0,
NHTSA_SPD_0300,NHTSA-derived,NHTSA_SPD_0300,Speeding,coarse,,0,
NHTSA_SPD_0301,NHTSA-derived,NHTSA_SPD_0301,Speeding,coarse,,0,
NHTSA_SPD_0302,NHTSA-derived,NHTSA_SPD_0302,Speeding,coarse,,0,
NHTSA_SPD_0303,NHTSA-derived,NHTSA_SPD_0303,Speeding,coarse,,0,
NHTSA_SPD_0304,NHTSA-derived,NHTSA_SPD_0304,Speeding,coarse,,0,
NHTSA_SPD_0305,NHTSA-derived,NHTSA_SPD_0305,Speeding,coarse,,0,
NHTSA_SPD_0306,NHTSA-derived,NHTSA_SPD_0306,Speeding,coarse,,0,
NHTSA_SPD_0307,NHTSA-derived,NHTSA_SPD_0307,Speeding,coarse,,0,
NHTSA_SPD_0308,NHTSA-derived,NHTSA_SPD_0308,Speeding,coarse,,0,
NHTSA_SPD_0309,NHTSA-derived,NHTSA_SPD_0309,Speeding,coarse,,0,
NHTSA_SPD_0310,NHTSA-derived,NHTSA_SPD_0310,Speeding,coarse,,0,
NHTSA_SPD_0311,NHTSA-derived,NHTSA_SPD_0311,Speeding,coarse,,0,
NHTSA_SPD_0312,NHTSA-derived,NHTSA_SPD_0312,Speeding,coarse,,0,
NHTSA_SPD_0313,NHTSA-derived,NHTSA_SPD_0313,Speeding,coarse,,0,
NHTSA_SPD_0314,NHTSA-derived,NHTSA_SPD_0314,Speeding,coarse,,0,
NHTSA_SPD_0315,NHTSA-derived,NHTSA_SPD_0315,Speeding,coarse,,0,
NHTSA_SPD_0316,NHTSA-derived,NHTSA_SPD_0316,Speeding,coarse,,0,
NHTSA_SPD_0317,NHTSA-derived,NHTSA_SPD_0317,Speeding,coarse,,0,
NHTSA_SPD_0318,NHTSA-derived,NHTSA_SPD_0318,Speeding,coarse,,0,
NHTSA_SPD_0319,NHTSA-derived,NHTSA_SPD_0319,Speeding,coarse,,0,
NHTSA_SPD_0320,NHTSA-derived,NHTSA_SPD_0320,Speeding,coarse,,0,
NHTSA_SPD_0321,NHTSA-derived,NHTSA_SPD_0321,Speeding,coarse,,0,
NHTSA_SPD_0322,NHTSA-derived,NHTSA_SPD_0322,Speeding,coarse,,0,
NHTSA_SPD_0323,NHTSA-derived,NHTSA_SPD_0323,Speeding,coarse,,0,
NHTSA_SPD_0324,NHTSA-derived,NHTSA_SPD_0324,Speeding,coarse,,0,
NHTSA_SPD_0325,NHTSA-derived,NHTSA_SPD_0325,Speeding,coarse,,0,
NHTSA_SPD_0326,NHTSA-derived,NHTSA_SPD_0326,Speeding,coarse,,0,
NHTSA_SPD_0327,NHTSA-derived,NHTSA_SPD_0327,Speeding,coarse,,0,
NHTSA_SPD_0328,NHTSA-derived,NHTSA_SPD_0328,Speeding,coarse,,0,
NHTSA_SPD_0329,NHTSA-derived,NHTSA_SPD_0329,Speeding,coarse,,0,
NHTSA_SPD_0330,NHTSA-derived,NHTSA_SPD_0330,Speeding,coarse,,0,
NHTSA_SPD_0331,NHTSA-derived,NHTSA_SPD_0331,Speeding,coarse,,0,
NHTSA_SPD_0332,NHTSA-derived,NHTSA_SPD_0332,Speeding,coarse,,0,
NHTSA_SPD_0333,NHTSA-derived,NHTSA_SPD_0333,Speeding,coarse,,0,
NHTSA_SPD_0334,NHTSA-derived,NHTSA_SPD_0334,Speeding,coarse,,0,
NHTSA_SPD_0335,NHTSA-derived,NHTSA_SPD_0335,Speeding,coarse,,0,
NHTSA_SPD_0336,NHTSA-derived,NHTSA_SPD_0336,Speeding,coarse,,0,
NHTSA_SPD_0337,NHTSA-derived,NHTSA_SPD_0337,Speeding,coarse,,0,
NHTSA_SPD_0338,NHTSA-derived,NHTSA_SPD_0338,Speeding,coarse,,0,
NHTSA_SPD_0339,NHTSA-derived,NHTSA_SPD_0339,Speeding,coarse,,0,
NHTSA_SPD_0340,NHTSA-derived,NHTSA_SPD_0340,Speeding,coarse,,0,
NHTSA_SPD_0341,NHTSA-derived,NHTSA_SPD_0341,Speeding,coarse,,0,
NHTSA_SPD_0342,NHTSA-derived,NHTSA_SPD_0342,Speeding,coarse,,0,
NHTSA_SPD_0343,NHTSA-derived,NHTSA_SPD_0343,Speeding,coarse,,0,
NHTSA_SPD_0344,NHTSA-derived,NHTSA_SPD_0344,Speeding,coarse,,0,
NHTSA_SPD_0345,NHTSA-derived,NHTSA_SPD_0345,Speeding,coarse,,0,
NHTSA_SPD_0346,NHTSA-derived,NHTSA_SPD_0346,Speeding,coarse,,0,
NHTSA_SPD_0347,NHTSA-derived,NHTSA_SPD_0347,Speeding,coarse,,0,
NHTSA_SPD_0348,NHTSA-derived,NHTSA_SPD_0348,Speeding,coarse,,0,
NHTSA_SPD_0349,NHTSA-derived,NHTSA_SPD_0349,Speeding,coarse,,0,
SYNTH_SPD_0001,synthetic-topology-extension,,Speeding,fine,NHTSA_SPD_0001,1,716
SYNTH_SPD_0002,synthetic-topology-extension,,Speeding,fine,NHTSA_SPD_0002,1,716
SYNTH_SPD_0003,synthetic-topology-extension,,Speeding,fine,NHTSA_SPD_0003,1,716
SYNTH_SPD_0004,synthetic-topology-extension,,Speeding,fine,NHTSA_SPD_0004,1,716
SYNTH_SPD_0005,synthetic-topology-extension,,Speeding,fine,NHTSA_SPD_0005,1,716
SYNTH_SPD_0006,synthetic-topology-extension,,Speeding,fine,NHTSA_SPD_0006,1,716
SYNTH_SPD_0007,synthetic-topology-extension,,Speeding,fine,NHTSA_SPD_0007,1,716
SYNTH_SPD_0008,synthetic-topology-extension,,Speeding,fine,NHTSA_SPD_0008,1,716
SYNTH_SPD_0009,synthetic-topology-extension,,Speeding,fine,NHTSA_SPD_0009,1,716
SYNTH_SPD_0010,synthetic-topology-extension,,Speeding,fine,NHTSA_SPD_0010,1,716
SYNTH_SPD_0011,synthetic-topology-extension,,Speeding,fine,NHTSA_SPD_0011,1,716
SYNTH_SPD_0012,synthetic-topology-extension,,Speeding,fine,NHTSA_SPD_0012,1,716
SYNTH_SPD_0013,synthetic-topology-extension,,Speeding,fine,NHTSA_SPD_0013,1,716
SYNTH_SPD_0014,synthetic-topology-extension,,Speeding,fine,NHTSA_SPD_0014,1,716
SYNTH_SPD_0015,synthetic-topology-extension,,Speeding,fine,NHTSA_SPD_0015,1,716
SYNTH_SPD_0016,synthetic-topology-extension,,Speeding,fine,NHTSA_SPD_0016,1,716
SYNTH_SPD_0017,synthetic-topology-extension,,Speeding,fine,NHTSA_SPD_0017,1,716
SYNTH_SPD_0018,synthetic-topology-extension,,Speeding,fine,NHTSA_SPD_0018,1,716
SYNTH_SPD_0019,synthetic-topology-extension,,Speeding,fine,NHTSA_SPD_0019,1,716
SYNTH_SPD_0020,synthetic-topology-extension,,Speeding,fine,NHTSA_SPD_0020,1,716
SYNTH_SPD_0021,synthetic-topology-extension,,Speeding,fine,NHTSA_SPD_0021,1,716
SYNTH_SPD_0022,synthetic-topology-extension,,Speeding,fine,NHTSA_SPD_0022,1,716
SYNTH_SPD_0023,synthetic-topology-extension,,Speeding,fine,NHTSA_SPD_0023,1,716
SYNTH_SPD_0024,synthetic-topology-extension,,Speeding,fine,NHTSA_SPD_0024,1,716
SYNTH_SPD_0025,synthetic-topology-extension,,Speeding,fine,NHTSA_SPD_0025,1,716
SYNTH_SPD_0026,synthetic-topology-extension,,Speeding,fine,NHTSA_SPD_0026,1,716
SYNTH_SPD_0027,synthetic-topology-extension,,Speeding,fine,NHTSA_SPD_0027,1,716
SYNTH_SPD_0028,synthetic-topology-extension,,Speeding,fine,NHTSA_SPD_0028,1,716
SYNTH_SPD_0029,synthetic-topology-extension,,Speeding,fine,NHTSA_SPD_0029,1,716
SYNTH_SPD_0030,synthetic-topology-extension,,Speeding,fine,NHTSA_SPD_0030,1,716
SYNTH_SPD_0031,synthetic-topology-extension,,Speeding,fine,NHTSA_SPD_0031,1,716
SYNTH_SPD_0032,synthetic-topology-extension,,Speeding,fine,NHTSA_SPD_0032,1,716
SYNTH_SPD_0033,synthetic-topology-extension,,Speeding,fine,NHTSA_SPD_0033,1,716
SYNTH_SPD_0034,synthetic-topology-extension,,Speeding,fine,NHTSA_SPD_0034,1,716
SYNTH_SPD_0035,synthetic-topology-extension,,Speeding,fine,NHTSA_SPD_0035,1,716
SYNTH_SPD_0036,synthetic-topology-extension,,Speeding,fine,NHTSA_SPD_0036,1,716
SYNTH_SPD_0037,synthetic-topology-extension,,Speeding,fine,NHTSA_SPD_0037,1,716
SYNTH_SPD_0038,synthetic-topology-extension,,Speeding,fine,NHTSA_SPD_0038,1,716
SYNTH_SPD_0039,synthetic-topology-extension,,Speeding,fine,NHTSA_SPD_0039,1,716
SYNTH_SPD_0040,synthetic-topology-extension,,Speeding,fine,NHTSA_SPD_0040,1,716
SYNTH_SPD_0041,synthetic-topology-extension,,Speeding,fine,NHTSA_SPD_0041,1,716
SYNTH_SPD_0042,synthetic-topology-extension,,Speeding,fine,NHTSA_SPD_0042,1,716
SYNTH_SPD_0043,synthetic-topology-extension,,Speeding,fine,NHTSA_SPD_0043,1,716
SYNTH_SPD_0044,synthetic-topology-extension,,Speeding,fine,NHTSA_SPD_0044,1,716
SYNTH_SPD_0045,synthetic-topology-extension,,Speeding,fine,NHTSA_SPD_0045,1,716
SYNTH_SPD_0046,synthetic-topology-extension,,Speeding,fine,NHTSA_SPD_0046,1,716
SYNTH_SPD_0047,synthetic-topology-extension,,Speeding,fine,NHTSA_SPD_0047,1,716
SYNTH_SPD_0048,synthetic-topology-extension,,Speeding,fine,NHTSA_SPD_0048,1,716
SYNTH_SPD_0049,synthetic-topology-extension,,Speeding,fine,NHTSA_SPD_0049,1,716
SYNTH_SPD_0050,synthetic-topology-extension,,Speeding,fine,NHTSA_SPD_0050,1,716
SYNTH_SPD_0051,synthetic-topology-extension,,Speeding,fine,NHTSA_SPD_0051,1,716
SYNTH_SPD_0052,synthetic-topology-extension,,Speeding,fine,NHTSA_SPD_0052,1,716
SYNTH_SPD_0053,synthetic-topology-extension,,Speeding,fine,NHTSA_SPD_0053,1,716
SYNTH_SPD_0054,synthetic-topology-extension,,Speeding,fine,NHTSA_SPD_0054,1,716
SYNTH_SPD_0055,synthetic-topology-extension,,Speeding,fine,NHTSA_SPD_0055,1,716
SYNTH_SPD_0056,synthetic-topology-extension,,Speeding,fine,NHTSA_SPD_0056,1,716
SYNTH_SPD_0057,synthetic-topology-extension,,Speeding,fine,NHTSA_SPD_0057,1,716
SYNTH_SPD_0058,synthetic-topology-extension,,Speeding,fine,NHTSA_SPD_0058,1,716
SYNTH_SPD_0059,synthetic-topology-extension,,Speeding,fine,NHTSA_SPD_0059,1,716
SYNTH_SPD_0060,synthetic-topology-extension,,Speeding,fine,NHTSA_SPD_0060,1,716
SYNTH_SPD_0061,synthetic-topology-extension,,Speeding,fine,NHTSA_SPD_0061,1,716
SYNTH_SPD_0062,synthetic-topology-extension,,Speeding,fine,NHTSA_SPD_0062,1,716
SYNTH_SPD_0063,synthetic-topology-extension,,Speeding,fine,NHTSA_SPD_0063,1,716
SYNTH_SPD_0064,synthetic-topology-extension,,Speeding,fine,NHTSA_SPD_0064,1,716
SYNTH_SPD_0065,synthetic-topology-extension,,Speeding,fine,NHTSA_SPD_0065,1,716
SYNTH_SPD_0066,synthetic-topology-extension,,Speeding,fine,NHTSA_SPD_0066,1,716
SYNTH_SPD_0067,synthetic-topology-extension,,Speeding,fine,NHTSA_SPD_0067,1,716
SYNTH_SPD_0068,synthetic-topology-extension,,Speeding,fine,NHTSA_SPD_0068,1,716
SYNTH_SPD_0069,synthetic-topology-extension,,Speeding,fine,NHTSA_SPD_0069,1,716
SYNTH_SPD_0070,synthetic-topology-extension,,Speeding,fine,NHTSA_SPD_0070,1,716
SYNTH_SPD_0071,synthetic-topology-extension,,Speeding,fine,NHTSA_SPD_0071,1,716
SYNTH_SPD_0072,synthetic-topology-extension,,Speeding,fine,NHTSA_SPD_0072,1,716
SYNTH_SPD_0073,synthetic-topology-extension,,Speeding,fine,NHTSA_SPD_0073,1,716
SYNTH_SPD_0074,synthetic-topology-extension,,Speeding,fine,NHTSA_SPD_0074,1,716
SYNTH_SPD_0075,synthetic-topology-extension,,Speeding,fine,NHTSA_SPD_0075,1,716
SYNTH_SPD_0076,synthetic-topology-extension,,Speeding,fine,NHTSA_SPD_0076,1,716
SYNTH_SPD_0077,synthetic-topology-extension,,Speeding,fine,NHTSA_SPD_0077,1,716
SYNTH_SPD_0078,synthetic-topology-extension,,Speeding,fine,NHTSA_SPD_0078,1,716
SYNTH_SPD_0079,synthetic-topology-extension,,Speeding,fine,NHTSA_SPD_0079,1,716
SYNTH_SPD_0080,synthetic-topology-extension,,Speeding,fine,NHTSA_SPD_0080,1,716
SYNTH_SPD_0081,synthetic-topology-extension,,Speeding,fine,NHTSA_SPD_0081,1,716
SYNTH_SPD_0082,synthetic-topology-extension,,Speeding,fine,NHTSA_SPD_0082,1,716
SYNTH_SPD_0083,synthetic-topology-extension,,Speeding,fine,NHTSA_SPD_0083,1,716
SYNTH_SPD_0084,synthetic-topology-extension,,Speeding,fine,NHTSA_SPD_0084,1,716
SYNTH_SPD_0085,synthetic-topology-extension,,Speeding,fine,NHTSA_SPD_0085,1,716
SYNTH_SPD_0086,synthetic-topology-extension,,Speeding,fine,NHTSA_SPD_0086,1,716
SYNTH_SPD_0087,synthetic-topology-extension,,Speeding,fine,NHTSA_SPD_0087,1,716
SYNTH_SPD_0088,synthetic-topology-extension,,Speeding,fine,NHTSA_SPD_0088,1,716
SYNTH_SPD_0089,synthetic-topology-extension,,Speeding,fine,NHTSA_SPD_0089,1,716
SYNTH_SPD_0090,synthetic-topology-extension,,Speeding,fine,NHTSA_SPD_0090,1,716
NHTSA_FSD_0001,NHTSA-derived,NHTSA_FSD_0001,Failure to maintain safe following distance,coarse,,0,
NHTSA_FSD_0002,NHTSA-derived,NHTSA_FSD_0002,Failure to maintain safe following distance,coarse,,0,
NHTSA_FSD_0003,NHTSA-derived,NHTSA_FSD_0003,Failure to maintain safe following distance,coarse,,0,
NHTSA_FSD_0004,NHTSA-derived,NHTSA_FSD_0004,Failure to maintain safe following distance,coarse,,0,
NHTSA_FSD_0005,NHTSA-derived,NHTSA_FSD_0005,Failure to maintain safe following distance,coarse,,0,
NHTSA_FSD_0006,NHTSA-derived,NHTSA_FSD_0006,Failure to maintain safe following distance,coarse,,0,
NHTSA_FSD_0007,NHTSA-derived,NHTSA_FSD_0007,Failure to maintain safe following distance,coarse,,0,
NHTSA_FSD_0008,NHTSA-derived,NHTSA_FSD_0008,Failure to maintain safe following distance,coarse,,0,
NHTSA_FSD_0009,NHTSA-derived,NHTSA_FSD_0009,Failure to maintain safe following distance,coarse,,0,
NHTSA_FSD_0010,NHTSA-derived,NHTSA_FSD_0010,Failure to maintain safe following distance,coarse,,0,
NHTSA_FSD_0011,NHTSA-derived,NHTSA_FSD_0011,Failure to maintain safe following distance,coarse,,0,
NHTSA_FSD_0012,NHTSA-derived,NHTSA_FSD_0012,Failure to maintain safe following distance,coarse,,0,
NHTSA_FSD_0013,NHTSA-derived,NHTSA_FSD_0013,Failure to maintain safe following distance,coarse,,0,
NHTSA_FSD_0014,NHTSA-derived,NHTSA_FSD_0014,Failure to maintain safe following distance,coarse,,0,
NHTSA_FSD_0015,NHTSA-derived,NHTSA_FSD_0015,Failure to maintain safe following distance,coarse,,0,
NHTSA_FSD_0016,NHTSA-derived,NHTSA_FSD_0016,Failure to maintain safe following distance,coarse,,0,
NHTSA_FSD_0017,NHTSA-derived,NHTSA_FSD_0017,Failure to maintain safe following distance,coarse,,0,
NHTSA_FSD_0018,NHTSA-derived,NHTSA_FSD_0018,Failure to maintain safe following distance,coarse,,0,
NHTSA_FSD_0019,NHTSA-derived,NHTSA_FSD_0019,Failure to maintain safe following distance,coarse,,0,
NHTSA_FSD_0020,NHTSA-derived,NHTSA_FSD_0020,Failure to maintain safe following distance,coarse,,0,
NHTSA_FSD_0021,NHTSA-derived,NHTSA_FSD_0021,Failure to maintain safe following distance,coarse,,0,
NHTSA_FSD_0022,NHTSA-derived,NHTSA_FSD_0022,Failure to maintain safe following distance,coarse,,0,
NHTSA_FSD_0023,NHTSA-derived,NHTSA_FSD_0023,Failure to maintain safe following distance,coarse,,0,
NHTSA_FSD_0024,NHTSA-derived,NHTSA_FSD_0024,Failure to maintain safe following distance,coarse,,0,
NHTSA_FSD_0025,NHTSA-derived,NHTSA_FSD_0025,Failure to maintain safe following distance,coarse,,0,
NHTSA_FSD_0026,NHTSA-derived,NHTSA_FSD_0026,Failure to maintain safe following distance,coarse,,0,
NHTSA_FSD_0027,NHTSA-derived,NHTSA_FSD_0027,Failure to maintain safe following distance,coarse,,0,
NHTSA_FSD_0028,NHTSA-derived,NHTSA_FSD_0028,Failure to maintain safe following distance,coarse,,0,
NHTSA_FSD_0029,NHTSA-derived,NHTSA_FSD_0029,Failure to maintain safe following distance,coarse,,0,
NHTSA_FSD_0030,NHTSA-derived,NHTSA_FSD_0030,Failure to maintain safe following distance,coarse,,0,
NHTSA_FSD_0031,NHTSA-derived,NHTSA_FSD_0031,Failure to maintain safe following distance,coarse,,0,
NHTSA_FSD_0032,NHTSA-derived,NHTSA_FSD_0032,Failure to maintain safe following distance,coarse,,0,
NHTSA_FSD_0033,NHTSA-derived,NHTSA_FSD_0033,Failure to maintain safe following distance,coarse,,0,
NHTSA_FSD_0034,NHTSA-derived,NHTSA_FSD_0034,Failure to maintain safe following distance,coarse,,0,
NHTSA_FSD_0035,NHTSA-derived,NHTSA_FSD_0035,Failure to maintain safe following distance,coarse,,0,
NHTSA_FSD_0036,NHTSA-derived,NHTSA_FSD_0036,Failure to maintain safe following distance,coarse,,0,
NHTSA_FSD_0037,NHTSA-derived,NHTSA_FSD_0037,Failure to maintain safe following distance,coarse,,0,
NHTSA_FSD_0038,NHTSA-derived,NHTSA_FSD_0038,Failure to maintain safe following distance,coarse,,0,
NHTSA_FSD_0039,NHTSA-derived,NHTSA_FSD_0039,Failure to maintain safe following distance,coarse,,0,
NHTSA_FSD_0040,NHTSA-derived,NHTSA_FSD_0040,Failure to maintain safe following distance,coarse,,0,
NHTSA_FSD_0041,NHTSA-derived,NHTSA_FSD_0041,Failure to maintain safe following distance,coarse,,0,
NHTSA_FSD_0042,NHTSA-derived,NHTSA_FSD_0042,Failure to maintain safe following distance,coarse,,0,
NHTSA_FSD_0043,NHTSA-derived,NHTSA_FSD_0043,Failure to maintain safe following distance,coarse,,0,
NHTSA_FSD_0044,NHTSA-derived,NHTSA_FSD_0044,Failure to maintain safe following distance,coarse,,0,
NHTSA_FSD_0045,NHTSA-derived,NHTSA_FSD_0045,Failure to maintain safe following distance,coarse,,0,
NHTSA_FSD_0046,NHTSA-derived,NHTSA_FSD_0046,Failure to maintain safe following distance,coarse,,0,
NHTSA_FSD_0047,NHTSA-derived,NHTSA_FSD_0047,Failure to maintain safe following distance,coarse,,0,
NHTSA_FSD_0048,NHTSA-derived,NHTSA_FSD_0048,Failure to maintain safe following distance,coarse,,0,
NHTSA_FSD_0049,NHTSA-derived,NHTSA_FSD_0049,Failure to maintain safe following distance,coarse,,0,
NHTSA_FSD_0050,NHTSA-derived,NHTSA_FSD_0050,Failure to maintain safe following distance,coarse,,0,
NHTSA_FSD_0051,NHTSA-derived,NHTSA_FSD_0051,Failure to maintain safe following distance,coarse,,0,
NHTSA_FSD_0052,NHTSA-derived,NHTSA_FSD_0052,Failure to maintain safe following distance,coarse,,0,
NHTSA_FSD_0053,NHTSA-derived,NHTSA_FSD_0053,Failure to maintain safe following distance,coarse,,0,
NHTSA_FSD_0054,NHTSA-derived,NHTSA_FSD_0054,Failure to maintain safe following distance,coarse,,0,
NHTSA_FSD_0055,NHTSA-derived,NHTSA_FSD_0055,Failure to maintain safe following distance,coarse,,0,
NHTSA_FSD_0056,NHTSA-derived,NHTSA_FSD_0056,Failure to maintain safe following distance,coarse,,0,
NHTSA_FSD_0057,NHTSA-derived,NHTSA_FSD_0057,Failure to maintain safe following distance,coarse,,0,
NHTSA_FSD_0058,NHTSA-derived,NHTSA_FSD_0058,Failure to maintain safe following distance,coarse,,0,
NHTSA_FSD_0059,NHTSA-derived,NHTSA_FSD_0059,Failure to maintain safe following distance,coarse,,0,
NHTSA_FSD_0060,NHTSA-derived,NHTSA_FSD_0060,Failure to maintain safe following distance,coarse,,0,
NHTSA_FSD_0061,NHTSA-derived,NHTSA_FSD_0061,Failure to maintain safe following distance,coarse,,0,
NHTSA_FSD_0062,NHTSA-derived,NHTSA_FSD_0062,Failure to maintain safe following distance,coarse,,0,
NHTSA_FSD_0063,NHTSA-derived,NHTSA_FSD_0063,Failure to maintain safe following distance,coarse,,0,
NHTSA_FSD_0064,NHTSA-derived,NHTSA_FSD_0064,Failure to maintain safe following distance,coarse,,0,
NHTSA_FSD_0065,NHTSA-derived,NHTSA_FSD_0065,Failure to maintain safe following distance,coarse,,0,
NHTSA_FSD_0066,NHTSA-derived,NHTSA_FSD_0066,Failure to maintain safe following distance,coarse,,0,
NHTSA_FSD_0067,NHTSA-derived,NHTSA_FSD_0067,Failure to maintain safe following distance,coarse,,0,
NHTSA_FSD_0068,NHTSA-derived,NHTSA_FSD_0068,Failure to maintain safe following distance,coarse,,0,
NHTSA_FSD_0069,NHTSA-derived,NHTSA_FSD_0069,Failure to maintain safe following distance,coarse,,0,
NHTSA_FSD_0070,NHTSA-derived,NHTSA_FSD_0070,Failure to maintain safe following distance,coarse,,0,
NHTSA_FSD_0071,NHTSA-derived,NHTSA_FSD_0071,Failure to maintain safe following distance,coarse,,0,
NHTSA_FSD_0072,NHTSA-derived,NHTSA_FSD_0072,Failure to maintain safe following distance,coarse,,0,
NHTSA_FSD_0073,NHTSA-derived,NHTSA_FSD_0073,Failure to maintain safe following distance,coarse,,0,
NHTSA_FSD_0074,NHTSA-derived,NHTSA_FSD_0074,Failure to maintain safe following distance,coarse,,0,
NHTSA_FSD_0075,NHTSA-derived,NHTSA_FSD_0075,Failure to maintain safe following distance,coarse,,0,
NHTSA_FSD_0076,NHTSA-derived,NHTSA_FSD_0076,Failure to maintain safe following distance,coarse,,0,
NHTSA_FSD_0077,NHTSA-derived,NHTSA_FSD_0077,Failure to maintain safe following distance,coarse,,0,
NHTSA_FSD_0078,NHTSA-derived,NHTSA_FSD_0078,Failure to maintain safe following distance,coarse,,0,
NHTSA_FSD_0079,NHTSA-derived,NHTSA_FSD_0079,Failure to maintain safe following distance,coarse,,0,
NHTSA_FSD_0080,NHTSA-derived,NHTSA_FSD_0080,Failure to maintain safe following distance,coarse,,0,
NHTSA_FSD_0081,NHTSA-derived,NHTSA_FSD_0081,Failure to maintain safe following distance,coarse,,0,
NHTSA_FSD_0082,NHTSA-derived,NHTSA_FSD_0082,Failure to maintain safe following distance,coarse,,0,
NHTSA_FSD_0083,NHTSA-derived,NHTSA_FSD_0083,Failure to maintain safe following distance,coarse,,0,
NHTSA_FSD_0084,NHTSA-derived,NHTSA_FSD_0084,Failure to maintain safe following distance,coarse,,0,
NHTSA_FSD_0085,NHTSA-derived,NHTSA_FSD_0085,Failure to maintain safe following distance,coarse,,0,
NHTSA_FSD_0086,NHTSA-derived,NHTSA_FSD_0086,Failure to maintain safe following distance,coarse,,0,
NHTSA_FSD_0087,NHTSA-derived,NHTSA_FSD_0087,Failure to maintain safe following distance,coarse,,0,
NHTSA_FSD_0088,NHTSA-derived,NHTSA_FSD_0088,Failure to maintain safe following distance,coarse,,0,
NHTSA_FSD_0089,NHTSA-derived,NHTSA_FSD_0089,Failure to maintain safe following distance,coarse,,0,
NHTSA_FSD_0090,NHTSA-derived,NHTSA_FSD_0090,Failure to maintain safe following distance,coarse,,0,
NHTSA_FSD_0091,NHTSA-derived,NHTSA_FSD_0091,Failure to maintain safe following distance,coarse,,0,
NHTSA_FSD_0092,NHTSA-derived,NHTSA_FSD_0092,Failure to maintain safe following distance,coarse,,0,
NHTSA_FSD_0093,NHTSA-derived,NHTSA_FSD_0093,Failure to maintain safe following distance,coarse,,0,
NHTSA_FSD_0094,NHTSA-derived,NHTSA_FSD_0094,Failure to maintain safe following distance,coarse,,0,
NHTSA_FSD_0095,NHTSA-derived,NHTSA_FSD_0095,Failure to maintain safe following distance,coarse,,0,
NHTSA_FSD_0096,NHTSA-derived,NHTSA_FSD_0096,Failure to maintain safe following distance,coarse,,0,
NHTSA_FSD_0097,NHTSA-derived,NHTSA_FSD_0097,Failure to maintain safe following distance,coarse,,0,
NHTSA_FSD_0098,NHTSA-derived,NHTSA_FSD_0098,Failure to maintain safe following distance,coarse,,0,
NHTSA_FSD_0099,NHTSA-derived,NHTSA_FSD_0099,Failure to maintain safe following distance,coarse,,0,
NHTSA_FSD_0100,NHTSA-derived,NHTSA_FSD_0100,Failure to maintain safe following distance,coarse,,0,
NHTSA_FSD_0101,NHTSA-derived,NHTSA_FSD_0101,Failure to maintain safe following distance,coarse,,0,
NHTSA_FSD_0102,NHTSA-derived,NHTSA_FSD_0102,Failure to maintain safe following distance,coarse,,0,
NHTSA_FSD_0103,NHTSA-derived,NHTSA_FSD_0103,Failure to maintain safe following distance,coarse,,0,
NHTSA_FSD_0104,NHTSA-derived,NHTSA_FSD_0104,Failure to maintain safe following distance,coarse,,0,
NHTSA_FSD_0105,NHTSA-derived,NHTSA_FSD_0105,Failure to maintain safe following distance,coarse,,0,
NHTSA_FSD_0106,NHTSA-derived,NHTSA_FSD_0106,Failure to maintain safe following distance,coarse,,0,
NHTSA_FSD_0107,NHTSA-derived,NHTSA_FSD_0107,Failure to maintain safe following distance,coarse,,0,
NHTSA_FSD_0108,NHTSA-derived,NHTSA_FSD_0108,Failure to maintain safe following distance,coarse,,0,
NHTSA_FSD_0109,NHTSA-derived,NHTSA_FSD_0109,Failure to maintain safe following distance,coarse,,0,
NHTSA_FSD_0110,NHTSA-derived,NHTSA_FSD_0110,Failure to maintain safe following distance,coarse,,0,
NHTSA_FSD_0111,NHTSA-derived,NHTSA_FSD_0111,Failure to maintain safe following distance,coarse,,0,
NHTSA_FSD_0112,NHTSA-derived,NHTSA_FSD_0112,Failure to maintain safe following distance,coarse,,0,
NHTSA_FSD_0113,NHTSA-derived,NHTSA_FSD_0113,Failure to maintain safe following distance,coarse,,0,
NHTSA_FSD_0114,NHTSA-derived,NHTSA_FSD_0114,Failure to maintain safe following distance,coarse,,0,
NHTSA_FSD_0115,NHTSA-derived,NHTSA_FSD_0115,Failure to maintain safe following distance,coarse,,0,
NHTSA_FSD_0116,NHTSA-derived,NHTSA_FSD_0116,Failure to maintain safe following distance,coarse,,0,
NHTSA_FSD_0117,NHTSA-derived,NHTSA_FSD_0117,Failure to maintain safe following distance,coarse,,0,
NHTSA_FSD_0118,NHTSA-derived,NHTSA_FSD_0118,Failure to maintain safe following distance,coarse,,0,
NHTSA_FSD_0119,NHTSA-derived,NHTSA_FSD_0119,Failure to maintain safe following distance,coarse,,0,
NHTSA_FSD_0120,NHTSA-derived,NHTSA_FSD_0120,Failure to maintain safe following distance,coarse,,0,
NHTSA_FSD_0121,NHTSA-derived,NHTSA_FSD_0121,Failure to maintain safe following distance,coarse,,0,
NHTSA_FSD_0122,NHTSA-derived,NHTSA_FSD_0122,Failure to maintain safe following distance,coarse,,0,
NHTSA_FSD_0123,NHTSA-derived,NHTSA_FSD_0123,Failure to maintain safe following distance,coarse,,0,
NHTSA_FSD_0124,NHTSA-derived,NHTSA_FSD_0124,Failure to maintain safe following distance,coarse,,0,
NHTSA_FSD_0125,NHTSA-derived,NHTSA_FSD_0125,Failure to maintain safe following distance,coarse,,0,
NHTSA_FSD_0126,NHTSA-derived,NHTSA_FSD_0126,Failure to maintain safe following distance,coarse,,0,
NHTSA_FSD_0127,NHTSA-derived,NHTSA_FSD_0127,Failure to maintain safe following distance,coarse,,0,
NHTSA_FSD_0128,NHTSA-derived,NHTSA_FSD_0128,Failure to maintain safe following distance,coarse,,0,
NHTSA_FSD_0129,NHTSA-derived,NHTSA_FSD_0129,Failure to maintain safe following distance,coarse,,0,
NHTSA_FSD_0130,NHTSA-derived,NHTSA_FSD_0130,Failure to maintain safe following distance,coarse,,0,
NHTSA_FSD_0131,NHTSA-derived,NHTSA_FSD_0131,Failure to maintain safe following distance,coarse,,0,
NHTSA_FSD_0132,NHTSA-derived,NHTSA_FSD_0132,Failure to maintain safe following distance,coarse,,0,
NHTSA_FSD_0133,NHTSA-derived,NHTSA_FSD_0133,Failure to maintain safe following distance,coarse,,0,
NHTSA_FSD_0134,NHTSA-derived,NHTSA_FSD_0134,Failure to maintain safe following distance,coarse,,0,
NHTSA_FSD_0135,NHTSA-derived,NHTSA_FSD_0135,Failure to maintain safe following distance,coarse,,0,
NHTSA_FSD_0136,NHTSA-derived,NHTSA_FSD_0136,Failure to maintain safe following distance,coarse,,0,
NHTSA_FSD_0137,NHTSA-derived,NHTSA_FSD_0137,Failure to maintain safe following distance,coarse,,0,
NHTSA_FSD_0138,NHTSA-derived,NHTSA_FSD_0138,Failure to maintain safe following distance,coarse,,0,
NHTSA_FSD_0139,NHTSA-derived,NHTSA_FSD_0139,Failure to maintain safe following distance,coarse,,0,
NHTSA_FSD_0140,NHTSA-derived,NHTSA_FSD_0140,Failure to maintain safe following distance,coarse,,0,
NHTSA_FSD_0141,NHTSA-derived,NHTSA_FSD_0141,Failure to maintain safe following distance,coarse,,0,
NHTSA_FSD_0142,NHTSA-derived,NHTSA_FSD_0142,Failure to maintain safe following distance,coarse,,0,
NHTSA_FSD_0143,NHTSA-derived,NHTSA_FSD_0143,Failure to maintain safe following distance,coarse,,0,
NHTSA_FSD_0144,NHTSA-derived,NHTSA_FSD_0144,Failure to maintain safe following distance,coarse,,0,
NHTSA_FSD_0145,NHTSA-derived,NHTSA_FSD_0145,Failure to maintain safe following distance,coarse,,0,
NHTSA_FSD_0146,NHTSA-derived,NHTSA_FSD_0146,Failure to maintain safe following distance,coarse,,0,
NHTSA_FSD_0147,NHTSA-derived,NHTSA_FSD_0147,Failure to maintain safe following distance,coarse,,0,
NHTSA_FSD_0148,NHTSA-derived,NHTSA_FSD_0148,Failure to maintain safe following distance,coarse,,0,
NHTSA_FSD_0149,NHTSA-derived,NHTSA_FSD_0149,Failure to maintain safe following distance,coarse,,0,
NHTSA_FSD_0150,NHTSA-derived,NHTSA_FSD_0150,Failure to maintain safe following distance,coarse,,0,
NHTSA_FSD_0151,NHTSA-derived,NHTSA_FSD_0151,Failure to maintain safe following distance,coarse,,0,
NHTSA_FSD_0152,NHTSA-derived,NHTSA_FSD_0152,Failure to maintain safe following distance,coarse,,0,
NHTSA_FSD_0153,NHTSA-derived,NHTSA_FSD_0153,Failure to maintain safe following distance,coarse,,0,
NHTSA_FSD_0154,NHTSA-derived,NHTSA_FSD_0154,Failure to maintain safe following distance,coarse,,0,
NHTSA_FSD_0155,NHTSA-derived,NHTSA_FSD_0155,Failure to maintain safe following distance,coarse,,0,
NHTSA_FSD_0156,NHTSA-derived,NHTSA_FSD_0156,Failure to maintain safe following distance,coarse,,0,
NHTSA_FSD_0157,NHTSA-derived,NHTSA_FSD_0157,Failure to maintain safe following distance,coarse,,0,
NHTSA_FSD_0158,NHTSA-derived,NHTSA_FSD_0158,Failure to maintain safe following distance,coarse,,0,
NHTSA_FSD_0159,NHTSA-derived,NHTSA_FSD_0159,Failure to maintain safe following distance,coarse,,0,
NHTSA_FSD_0160,NHTSA-derived,NHTSA_FSD_0160,Failure to maintain safe following distance,coarse,,0,
NHTSA_FSD_0161,NHTSA-derived,NHTSA_FSD_0161,Failure to maintain safe following distance,coarse,,0,
NHTSA_FSD_0162,NHTSA-derived,NHTSA_FSD_0162,Failure to maintain safe following distance,coarse,,0,
NHTSA_FSD_0163,NHTSA-derived,NHTSA_FSD_0163,Failure to maintain safe following distance,coarse,,0,
NHTSA_FSD_0164,NHTSA-derived,NHTSA_FSD_0164,Failure to maintain safe following distance,coarse,,0,
NHTSA_FSD_0165,NHTSA-derived,NHTSA_FSD_0165,Failure to maintain safe following distance,coarse,,0,
NHTSA_FSD_0166,NHTSA-derived,NHTSA_FSD_0166,Failure to maintain safe following distance,coarse,,0,
NHTSA_FSD_0167,NHTSA-derived,NHTSA_FSD_0167,Failure to maintain safe following distance,coarse,,0,
NHTSA_FSD_0168,NHTSA-derived,NHTSA_FSD_0168,Failure to maintain safe following distance,coarse,,0,
NHTSA_FSD_0169,NHTSA-derived,NHTSA_FSD_0169,Failure to maintain safe following distance,coarse,,0,
NHTSA_FSD_0170,NHTSA-derived,NHTSA_FSD_0170,Failure to maintain safe following distance,coarse,,0,
NHTSA_FSD_0171,NHTSA-derived,NHTSA_FSD_0171,Failure to maintain safe following distance,coarse,,0,
NHTSA_FSD_0172,NHTSA-derived,NHTSA_FSD_0172,Failure to maintain safe following distance,coarse,,0,
NHTSA_FSD_0173,NHTSA-derived,NHTSA_FSD_0173,Failure to maintain safe following distance,coarse,,0,
NHTSA_FSD_0174,NHTSA-derived,NHTSA_FSD_0174,Failure to maintain safe following distance,coarse,,0,
NHTSA_FSD_0175,NHTSA-derived,NHTSA_FSD_0175,Failure to maintain safe following distance,coarse,,0,
NHTSA_FSD_0176,NHTSA-derived,NHTSA_FSD_0176,Failure to maintain safe following distance,coarse,,0,
NHTSA_FSD_0177,NHTSA-derived,NHTSA_FSD_0177,Failure to maintain safe following distance,coarse,,0,
NHTSA_FSD_0178,NHTSA-derived,NHTSA_FSD_0178,Failure to maintain safe following distance,coarse,,0,
NHTSA_FSD_0179,NHTSA-derived,NHTSA_FSD_0179,Failure to maintain safe following distance,coarse,,0,
NHTSA_FSD_0180,NHTSA-derived,NHTSA_FSD_0180,Failure to maintain safe following distance,coarse,,0,
NHTSA_FSD_0181,NHTSA-derived,NHTSA_FSD_0181,Failure to maintain safe following distance,coarse,,0,
NHTSA_FSD_0182,NHTSA-derived,NHTSA_FSD_0182,Failure to maintain safe following distance,coarse,,0,
NHTSA_FSD_0183,NHTSA-derived,NHTSA_FSD_0183,Failure to maintain safe following distance,coarse,,0,
NHTSA_FSD_0184,NHTSA-derived,NHTSA_FSD_0184,Failure to maintain safe following distance,coarse,,0,
NHTSA_FSD_0185,NHTSA-derived,NHTSA_FSD_0185,Failure to maintain safe following distance,coarse,,0,
NHTSA_FSD_0186,NHTSA-derived,NHTSA_FSD_0186,Failure to maintain safe following distance,coarse,,0,
NHTSA_FSD_0187,NHTSA-derived,NHTSA_FSD_0187,Failure to maintain safe following distance,coarse,,0,
NHTSA_FSD_0188,NHTSA-derived,NHTSA_FSD_0188,Failure to maintain safe following distance,coarse,,0,
NHTSA_FSD_0189,NHTSA-derived,NHTSA_FSD_0189,Failure to maintain safe following distance,coarse,,0,
NHTSA_FSD_0190,NHTSA-derived,NHTSA_FSD_0190,Failure to maintain safe following distance,coarse,,0,
NHTSA_FSD_0191,NHTSA-derived,NHTSA_FSD_0191,Failure to maintain safe following distance,coarse,,0,
NHTSA_FSD_0192,NHTSA-derived,NHTSA_FSD_0192,Failure to maintain safe following distance,coarse,,0,
NHTSA_FSD_0193,NHTSA-derived,NHTSA_FSD_0193,Failure to maintain safe following distance,coarse,,0,
NHTSA_FSD_0194,NHTSA-derived,NHTSA_FSD_0194,Failure to maintain safe following distance,coarse,,0,
NHTSA_FSD_0195,NHTSA-derived,NHTSA_FSD_0195,Failure to maintain safe following distance,coarse,,0,
NHTSA_FSD_0196,NHTSA-derived,NHTSA_FSD_0196,Failure to maintain safe following distance,coarse,,0,
NHTSA_FSD_0197,NHTSA-derived,NHTSA_FSD_0197,Failure to maintain safe following distance,coarse,,0,
NHTSA_FSD_0198,NHTSA-derived,NHTSA_FSD_0198,Failure to maintain safe following distance,coarse,,0,
NHTSA_FSD_0199,NHTSA-derived,NHTSA_FSD_0199,Failure to maintain safe following distance,coarse,,0,
NHTSA_FSD_0200,NHTSA-derived,NHTSA_FSD_0200,Failure to maintain safe following distance,coarse,,0,
NHTSA_FSD_0201,NHTSA-derived,NHTSA_FSD_0201,Failure to maintain safe following distance,coarse,,0,
NHTSA_FSD_0202,NHTSA-derived,NHTSA_FSD_0202,Failure to maintain safe following distance,coarse,,0,
NHTSA_FSD_0203,NHTSA-derived,NHTSA_FSD_0203,Failure to maintain safe following distance,coarse,,0,
NHTSA_FSD_0204,NHTSA-derived,NHTSA_FSD_0204,Failure to maintain safe following distance,coarse,,0,
NHTSA_FSD_0205,NHTSA-derived,NHTSA_FSD_0205,Failure to maintain safe following distance,coarse,,0,
NHTSA_FSD_0206,NHTSA-derived,NHTSA_FSD_0206,Failure to maintain safe following distance,coarse,,0,
NHTSA_FSD_0207,NHTSA-derived,NHTSA_FSD_0207,Failure to maintain safe following distance,coarse,,0,
NHTSA_FSD_0208,NHTSA-derived,NHTSA_FSD_0208,Failure to maintain safe following distance,coarse,,0,
NHTSA_FSD_0209,NHTSA-derived,NHTSA_FSD_0209,Failure to maintain safe following distance,coarse,,0,
NHTSA_FSD_0210,NHTSA-derived,NHTSA_FSD_0210,Failure to maintain safe following distance,coarse,,0,
NHTSA_FSD_0211,NHTSA-derived,NHTSA_FSD_0211,Failure to maintain safe following distance,coarse,,0,
NHTSA_FSD_0212,NHTSA-derived,NHTSA_FSD_0212,Failure to maintain safe following distance,coarse,,0,
NHTSA_FSD_0213,NHTSA-derived,NHTSA_FSD_0213,Failure to maintain safe following distance,coarse,,0,
NHTSA_FSD_0214,NHTSA-derived,NHTSA_FSD_0214,Failure to maintain safe following distance,coarse,,0,
NHTSA_FSD_0215,NHTSA-derived,NHTSA_FSD_0215,Failure to maintain safe following distance,coarse,,0,
NHTSA_FSD_0216,NHTSA-derived,NHTSA_FSD_0216,Failure to maintain safe following distance,coarse,,0,
NHTSA_FSD_0217,NHTSA-derived,NHTSA_FSD_0217,Failure to maintain safe following distance,coarse,,0,
NHTSA_FSD_0218,NHTSA-derived,NHTSA_FSD_0218,Failure to maintain safe following distance,coarse,,0,
NHTSA_FSD_0219,NHTSA-derived,NHTSA_FSD_0219,Failure to maintain safe following distance,coarse,,0,
NHTSA_FSD_0220,NHTSA-derived,NHTSA_FSD_0220,Failure to maintain safe following distance,coarse,,0,
NHTSA_FSD_0221,NHTSA-derived,NHTSA_FSD_0221,Failure to maintain safe following distance,coarse,,0,
NHTSA_FSD_0222,NHTSA-derived,NHTSA_FSD_0222,Failure to maintain safe following distance,coarse,,0,
NHTSA_FSD_0223,NHTSA-derived,NHTSA_FSD_0223,Failure to maintain safe following distance,coarse,,0,
NHTSA_FSD_0224,NHTSA-derived,NHTSA_FSD_0224,Failure to maintain safe following distance,coarse,,0,
NHTSA_FSD_0225,NHTSA-derived,NHTSA_FSD_0225,Failure to maintain safe following distance,coarse,,0,
NHTSA_FSD_0226,NHTSA-derived,NHTSA_FSD_0226,Failure to maintain safe following distance,coarse,,0,
NHTSA_FSD_0227,NHTSA-derived,NHTSA_FSD_0227,Failure to maintain safe following distance,coarse,,0,
NHTSA_FSD_0228,NHTSA-derived,NHTSA_FSD_0228,Failure to maintain safe following distance,coarse,,0,
NHTSA_FSD_0229,NHTSA-derived,NHTSA_FSD_0229,Failure to maintain safe following distance,coarse,,0,
NHTSA_FSD_0230,NHTSA-derived,NHTSA_FSD_0230,Failure to maintain safe following distance,coarse,,0,
NHTSA_FSD_0231,NHTSA-derived,NHTSA_FSD_0231,Failure to maintain safe following distance,coarse,,0,
NHTSA_FSD_0232,NHTSA-derived,NHTSA_FSD_0232,Failure to maintain safe following distance,coarse,,0,
NHTSA_FSD_0233,NHTSA-derived,NHTSA_FSD_0233,Failure to maintain safe following distance,coarse,,0,
NHTSA_FSD_0234,NHTSA-derived,NHTSA_FSD_0234,Failure to maintain safe following distance,coarse,,0,
NHTSA_FSD_0235,NHTSA-derived,NHTSA_FSD_0235,Failure to maintain safe following distance,coarse,,0,
NHTSA_FSD_0236,NHTSA-derived,NHTSA_FSD_0236,Failure to maintain safe following distance,coarse,,0,
NHTSA_FSD_0237,NHTSA-derived,NHTSA_FSD_0237,Failure to maintain safe following distance,coarse,,0,
NHTSA_FSD_0238,NHTSA-derived,NHTSA_FSD_0238,Failure to maintain safe following distance,coarse,,0,
NHTSA_FSD_0239,NHTSA-derived,NHTSA_FSD_0239,Failure to maintain safe following distance,coarse,,0,
NHTSA_FSD_0240,NHTSA-derived,NHTSA_FSD_0240,Failure to maintain safe following distance,coarse,,0,
NHTSA_FSD_0241,NHTSA-derived,NHTSA_FSD_0241,Failure to maintain safe following distance,coarse,,0,
NHTSA_FSD_0242,NHTSA-derived,NHTSA_FSD_0242,Failure to maintain safe following distance,coarse,,0,
NHTSA_FSD_0243,NHTSA-derived,NHTSA_FSD_0243,Failure to maintain safe following distance,coarse,,0,
NHTSA_FSD_0244,NHTSA-derived,NHTSA_FSD_0244,Failure to maintain safe following distance,coarse,,0,
NHTSA_FSD_0245,NHTSA-derived,NHTSA_FSD_0245,Failure to maintain safe following distance,coarse,,0,
NHTSA_FSD_0246,NHTSA-derived,NHTSA_FSD_0246,Failure to maintain safe following distance,coarse,,0,
NHTSA_FSD_0247,NHTSA-derived,NHTSA_FSD_0247,Failure to maintain safe following distance,coarse,,0,
NHTSA_FSD_0248,NHTSA-derived,NHTSA_FSD_0248,Failure to maintain safe following distance,coarse,,0,
NHTSA_FSD_0249,NHTSA-derived,NHTSA_FSD_0249,Failure to maintain safe following distance,coarse,,0,
NHTSA_FSD_0250,NHTSA-derived,NHTSA_FSD_0250,Failure to maintain safe following distance,coarse,,0,
NHTSA_FSD_0251,NHTSA-derived,NHTSA_FSD_0251,Failure to maintain safe following distance,coarse,,0,
NHTSA_FSD_0252,NHTSA-derived,NHTSA_FSD_0252,Failure to maintain safe following distance,coarse,,0,
NHTSA_FSD_0253,NHTSA-derived,NHTSA_FSD_0253,Failure to maintain safe following distance,coarse,,0,
NHTSA_FSD_0254,NHTSA-derived,NHTSA_FSD_0254,Failure to maintain safe following distance,coarse,,0,
NHTSA_FSD_0255,NHTSA-derived,NHTSA_FSD_0255,Failure to maintain safe following distance,coarse,,0,
NHTSA_FSD_0256,NHTSA-derived,NHTSA_FSD_0256,Failure to maintain safe following distance,coarse,,0,
NHTSA_FSD_0257,NHTSA-derived,NHTSA_FSD_0257,Failure to maintain safe following distance,coarse,,0,
NHTSA_FSD_0258,NHTSA-derived,NHTSA_FSD_0258,Failure to maintain safe following distance,coarse,,0,
NHTSA_FSD_0259,NHTSA-derived,NHTSA_FSD_0259,Failure to maintain safe following distance,coarse,,0,
NHTSA_FSD_0260,NHTSA-derived,NHTSA_FSD_0260,Failure to maintain safe following distance,coarse,,0,
NHTSA_FSD_0261,NHTSA-derived,NHTSA_FSD_0261,Failure to maintain safe following distance,coarse,,0,
NHTSA_FSD_0262,NHTSA-derived,NHTSA_FSD_0262,Failure to maintain safe following distance,coarse,,0,
NHTSA_FSD_0263,NHTSA-derived,NHTSA_FSD_0263,Failure to maintain safe following distance,coarse,,0,
NHTSA_FSD_0264,NHTSA-derived,NHTSA_FSD_0264,Failure to maintain safe following distance,coarse,,0,
NHTSA_FSD_0265,NHTSA-derived,NHTSA_FSD_0265,Failure to maintain safe following distance,coarse,,0,
NHTSA_FSD_0266,NHTSA-derived,NHTSA_FSD_0266,Failure to maintain safe following distance,coarse,,0,
NHTSA_FSD_0267,NHTSA-derived,NHTSA_FSD_0267,Failure to maintain safe following distance,coarse,,0,
NHTSA_FSD_0268,NHTSA-derived,NHTSA_FSD_0268,Failure to maintain safe following distance,coarse,,0,
NHTSA_FSD_0269,NHTSA-derived,NHTSA_FSD_0269,Failure to maintain safe following distance,coarse,,0,
NHTSA_FSD_0270,NHTSA-derived,NHTSA_FSD_0270,Failure to maintain safe following distance,coarse,,0,
NHTSA_FSD_0271,NHTSA-derived,NHTSA_FSD_0271,Failure to maintain safe following distance,coarse,,0,
NHTSA_FSD_0272,NHTSA-derived,NHTSA_FSD_0272,Failure to maintain safe following distance,coarse,,0,
NHTSA_FSD_0273,NHTSA-derived,NHTSA_FSD_0273,Failure to maintain safe following distance,coarse,,0,
NHTSA_FSD_0274,NHTSA-derived,NHTSA_FSD_0274,Failure to maintain safe following distance,coarse,,0,
NHTSA_FSD_0275,NHTSA-derived,NHTSA_FSD_0275,Failure to maintain safe following distance,coarse,,0,
NHTSA_FSD_0276,NHTSA-derived,NHTSA_FSD_0276,Failure to maintain safe following distance,coarse,,0,
NHTSA_FSD_0277,NHTSA-derived,NHTSA_FSD_0277,Failure to maintain safe following distance,coarse,,0,
NHTSA_FSD_0278,NHTSA-derived,NHTSA_FSD_0278,Failure to maintain safe following distance,coarse,,0,
NHTSA_FSD_0279,NHTSA-derived,NHTSA_FSD_0279,Failure to maintain safe following distance,coarse,,0,
NHTSA_FSD_0280,NHTSA-derived,NHTSA_FSD_0280,Failure to maintain safe following distance,coarse,,0,
NHTSA_FSD_0281,NHTSA-derived,NHTSA_FSD_0281,Failure to maintain safe following distance,coarse,,0,
NHTSA_FSD_0282,NHTSA-derived,NHTSA_FSD_0282,Failure to maintain safe following distance,coarse,,0,
NHTSA_FSD_0283,NHTSA-derived,NHTSA_FSD_0283,Failure to maintain safe following distance,coarse,,0,
NHTSA_FSD_0284,NHTSA-derived,NHTSA_FSD_0284,Failure to maintain safe following distance,coarse,,0,
NHTSA_FSD_0285,NHTSA-derived,NHTSA_FSD_0285,Failure to maintain safe following distance,coarse,,0,
NHTSA_FSD_0286,NHTSA-derived,NHTSA_FSD_0286,Failure to maintain safe following distance,coarse,,0,
NHTSA_FSD_0287,NHTSA-derived,NHTSA_FSD_0287,Failure to maintain safe following distance,coarse,,0,
NHTSA_FSD_0288,NHTSA-derived,NHTSA_FSD_0288,Failure to maintain safe following distance,coarse,,0,
NHTSA_FSD_0289,NHTSA-derived,NHTSA_FSD_0289,Failure to maintain safe following distance,coarse,,0,
NHTSA_FSD_0290,NHTSA-derived,NHTSA_FSD_0290,Failure to maintain safe following distance,coarse,,0,
NHTSA_FSD_0291,NHTSA-derived,NHTSA_FSD_0291,Failure to maintain safe following distance,coarse,,0,
NHTSA_FSD_0292,NHTSA-derived,NHTSA_FSD_0292,Failure to maintain safe following distance,coarse,,0,
NHTSA_FSD_0293,NHTSA-derived,NHTSA_FSD_0293,Failure to maintain safe following distance,coarse,,0,
NHTSA_FSD_0294,NHTSA-derived,NHTSA_FSD_0294,Failure to maintain safe following distance,coarse,,0,
NHTSA_FSD_0295,NHTSA-derived,NHTSA_FSD_0295,Failure to maintain safe following distance,coarse,,0,
NHTSA_FSD_0296,NHTSA-derived,NHTSA_FSD_0296,Failure to maintain safe following distance,coarse,,0,
NHTSA_FSD_0297,NHTSA-derived,NHTSA_FSD_0297,Failure to maintain safe following distance,coarse,,0,
NHTSA_FSD_0298,NHTSA-derived,NHTSA_FSD_0298,Failure to maintain safe following distance,coarse,,0,
NHTSA_FSD_0299,NHTSA-derived,NHTSA_FSD_0299,Failure to maintain safe following distance,coarse,,0,
NHTSA_FSD_0300,NHTSA-derived,NHTSA_FSD_0300,Failure to maintain safe following distance,coarse,,0,
NHTSA_FSD_0301,NHTSA-derived,NHTSA_FSD_0301,Failure to maintain safe following distance,coarse,,0,
NHTSA_FSD_0302,NHTSA-derived,NHTSA_FSD_0302,Failure to maintain safe following distance,coarse,,0,
SYNTH_FSD_0001,synthetic-topology-extension,,Failure to maintain safe following distance,fine,NHTSA_FSD_0001,1,716
SYNTH_FSD_0002,synthetic-topology-extension,,Failure to maintain safe following distance,fine,NHTSA_FSD_0002,1,716
SYNTH_FSD_0003,synthetic-topology-extension,,Failure to maintain safe following distance,fine,NHTSA_FSD_0003,1,716
SYNTH_FSD_0004,synthetic-topology-extension,,Failure to maintain safe following distance,fine,NHTSA_FSD_0004,1,716
SYNTH_FSD_0005,synthetic-topology-extension,,Failure to maintain safe following distance,fine,NHTSA_FSD_0005,1,716
SYNTH_FSD_0006,synthetic-topology-extension,,Failure to maintain safe following distance,fine,NHTSA_FSD_0006,1,716
SYNTH_FSD_0007,synthetic-topology-extension,,Failure to maintain safe following distance,fine,NHTSA_FSD_0007,1,716
SYNTH_FSD_0008,synthetic-topology-extension,,Failure to maintain safe following distance,fine,NHTSA_FSD_0008,1,716
SYNTH_FSD_0009,synthetic-topology-extension,,Failure to maintain safe following distance,fine,NHTSA_FSD_0009,1,716
SYNTH_FSD_0010,synthetic-topology-extension,,Failure to maintain safe following distance,fine,NHTSA_FSD_0010,1,716
SYNTH_FSD_0011,synthetic-topology-extension,,Failure to maintain safe following distance,fine,NHTSA_FSD_0011,1,716
SYNTH_FSD_0012,synthetic-topology-extension,,Failure to maintain safe following distance,fine,NHTSA_FSD_0012,1,716
SYNTH_FSD_0013,synthetic-topology-extension,,Failure to maintain safe following distance,fine,NHTSA_FSD_0013,1,716
SYNTH_FSD_0014,synthetic-topology-extension,,Failure to maintain safe following distance,fine,NHTSA_FSD_0014,1,716
SYNTH_FSD_0015,synthetic-topology-extension,,Failure to maintain safe following distance,fine,NHTSA_FSD_0015,1,716
SYNTH_FSD_0016,synthetic-topology-extension,,Failure to maintain safe following distance,fine,NHTSA_FSD_0016,1,716
SYNTH_FSD_0017,synthetic-topology-extension,,Failure to maintain safe following distance,fine,NHTSA_FSD_0017,1,716
SYNTH_FSD_0018,synthetic-topology-extension,,Failure to maintain safe following distance,fine,NHTSA_FSD_0018,1,716
SYNTH_FSD_0019,synthetic-topology-extension,,Failure to maintain safe following distance,fine,NHTSA_FSD_0019,1,716
SYNTH_FSD_0020,synthetic-topology-extension,,Failure to maintain safe following distance,fine,NHTSA_FSD_0020,1,716
SYNTH_FSD_0021,synthetic-topology-extension,,Failure to maintain safe following distance,fine,NHTSA_FSD_0021,1,716
SYNTH_FSD_0022,synthetic-topology-extension,,Failure to maintain safe following distance,fine,NHTSA_FSD_0022,1,716
SYNTH_FSD_0023,synthetic-topology-extension,,Failure to maintain safe following distance,fine,NHTSA_FSD_0023,1,716
SYNTH_FSD_0024,synthetic-topology-extension,,Failure to maintain safe following distance,fine,NHTSA_FSD_0024,1,716
SYNTH_FSD_0025,synthetic-topology-extension,,Failure to maintain safe following distance,fine,NHTSA_FSD_0025,1,716
SYNTH_FSD_0026,synthetic-topology-extension,,Failure to maintain safe following distance,fine,NHTSA_FSD_0026,1,716
SYNTH_FSD_0027,synthetic-topology-extension,,Failure to maintain safe following distance,fine,NHTSA_FSD_0027,1,716
SYNTH_FSD_0028,synthetic-topology-extension,,Failure to maintain safe following distance,fine,NHTSA_FSD_0028,1,716
SYNTH_FSD_0029,synthetic-topology-extension,,Failure to maintain safe following distance,fine,NHTSA_FSD_0029,1,716
SYNTH_FSD_0030,synthetic-topology-extension,,Failure to maintain safe following distance,fine,NHTSA_FSD_0030,1,716
SYNTH_FSD_0031,synthetic-topology-extension,,Failure to maintain safe following distance,fine,NHTSA_FSD_0031,1,716
SYNTH_FSD_0032,synthetic-topology-extension,,Failure to maintain safe following distance,fine,NHTSA_FSD_0032,1,716
SYNTH_FSD_0033,synthetic-topology-extension,,Failure to maintain safe following distance,fine,NHTSA_FSD_0033,1,716
SYNTH_FSD_0034,synthetic-topology-extension,,Failure to maintain safe following distance,fine,NHTSA_FSD_0034,1,716
SYNTH_FSD_0035,synthetic-topology-extension,,Failure to maintain safe following distance,fine,NHTSA_FSD_0035,1,716
SYNTH_FSD_0036,synthetic-topology-extension,,Failure to maintain safe following distance,fine,NHTSA_FSD_0036,1,716
SYNTH_FSD_0037,synthetic-topology-extension,,Failure to maintain safe following distance,fine,NHTSA_FSD_0037,1,716
SYNTH_FSD_0038,synthetic-topology-extension,,Failure to maintain safe following distance,fine,NHTSA_FSD_0038,1,716
SYNTH_FSD_0039,synthetic-topology-extension,,Failure to maintain safe following distance,fine,NHTSA_FSD_0039,1,716
SYNTH_FSD_0040,synthetic-topology-extension,,Failure to maintain safe following distance,fine,NHTSA_FSD_0040,1,716
SYNTH_FSD_0041,synthetic-topology-extension,,Failure to maintain safe following distance,fine,NHTSA_FSD_0041,1,716
SYNTH_FSD_0042,synthetic-topology-extension,,Failure to maintain safe following distance,fine,NHTSA_FSD_0042,1,716
SYNTH_FSD_0043,synthetic-topology-extension,,Failure to maintain safe following distance,fine,NHTSA_FSD_0043,1,716
SYNTH_FSD_0044,synthetic-topology-extension,,Failure to maintain safe following distance,fine,NHTSA_FSD_0044,1,716
SYNTH_FSD_0045,synthetic-topology-extension,,Failure to maintain safe following distance,fine,NHTSA_FSD_0045,1,716
SYNTH_FSD_0046,synthetic-topology-extension,,Failure to maintain safe following distance,fine,NHTSA_FSD_0046,1,716
SYNTH_FSD_0047,synthetic-topology-extension,,Failure to maintain safe following distance,fine,NHTSA_FSD_0047,1,716
SYNTH_FSD_0048,synthetic-topology-extension,,Failure to maintain safe following distance,fine,NHTSA_FSD_0048,1,716
SYNTH_FSD_0049,synthetic-topology-extension,,Failure to maintain safe following distance,fine,NHTSA_FSD_0049,1,716
SYNTH_FSD_0050,synthetic-topology-extension,,Failure to maintain safe following distance,fine,NHTSA_FSD_0050,1,716
SYNTH_FSD_0051,synthetic-topology-extension,,Failure to maintain safe following distance,fine,NHTSA_FSD_0051,1,716
SYNTH_FSD_0052,synthetic-topology-extension,,Failure to maintain safe following distance,fine,NHTSA_FSD_0052,1,716
SYNTH_FSD_0053,synthetic-topology-extension,,Failure to maintain safe following distance,fine,NHTSA_FSD_0053,1,716
SYNTH_FSD_0054,synthetic-topology-extension,,Failure to maintain safe following distance,fine,NHTSA_FSD_0054,1,716
SYNTH_FSD_0055,synthetic-topology-extension,,Failure to maintain safe following distance,fine,NHTSA_FSD_0055,1,716
SYNTH_FSD_0056,synthetic-topology-extension,,Failure to maintain safe following distance,fine,NHTSA_FSD_0056,1,716
SYNTH_FSD_0057,synthetic-topology-extension,,Failure to maintain safe following distance,fine,NHTSA_FSD_0057,1,716
SYNTH_FSD_0058,synthetic-topology-extension,,Failure to maintain safe following distance,fine,NHTSA_FSD_0058,1,716
SYNTH_FSD_0059,synthetic-topology-extension,,Failure to maintain safe following distance,fine,NHTSA_FSD_0059,1,716
SYNTH_FSD_0060,synthetic-topology-extension,,Failure to maintain safe following distance,fine,NHTSA_FSD_0060,1,716
SYNTH_FSD_0061,synthetic-topology-extension,,Failure to maintain safe following distance,fine,NHTSA_FSD_0061,1,716
SYNTH_FSD_0062,synthetic-topology-extension,,Failure to maintain safe following distance,fine,NHTSA_FSD_0062,1,716
SYNTH_FSD_0063,synthetic-topology-extension,,Failure to maintain safe following distance,fine,NHTSA_FSD_0063,1,716
SYNTH_FSD_0064,synthetic-topology-extension,,Failure to maintain safe following distance,fine,NHTSA_FSD_0064,1,716
SYNTH_FSD_0065,synthetic-topology-extension,,Failure to maintain safe following distance,fine,NHTSA_FSD_0065,1,716
SYNTH_FSD_0066,synthetic-topology-extension,,Failure to maintain safe following distance,fine,NHTSA_FSD_0066,1,716
SYNTH_FSD_0067,synthetic-topology-extension,,Failure to maintain safe following distance,fine,NHTSA_FSD_0067,1,716
SYNTH_FSD_0068,synthetic-topology-extension,,Failure to maintain safe following distance,fine,NHTSA_FSD_0068,1,716
SYNTH_FSD_0069,synthetic-topology-extension,,Failure to maintain safe following distance,fine,NHTSA_FSD_0069,1,716
SYNTH_FSD_0070,synthetic-topology-extension,,Failure to maintain safe following distance,fine,NHTSA_FSD_0070,1,716
SYNTH_FSD_0071,synthetic-topology-extension,,Failure to maintain safe following distance,fine,NHTSA_FSD_0071,1,716
SYNTH_FSD_0072,synthetic-topology-extension,,Failure to maintain safe following distance,fine,NHTSA_FSD_0072,1,716
SYNTH_FSD_0073,synthetic-topology-extension,,Failure to maintain safe following distance,fine,NHTSA_FSD_0073,1,716
SYNTH_FSD_0074,synthetic-topology-extension,,Failure to maintain safe following distance,fine,NHTSA_FSD_0074,1,716
SYNTH_FSD_0075,synthetic-topology-extension,,Failure to maintain safe following distance,fine,NHTSA_FSD_0075,1,716
SYNTH_FSD_0076,synthetic-topology-extension,,Failure to maintain safe following distance,fine,NHTSA_FSD_0076,1,716
SYNTH_FSD_0077,synthetic-topology-extension,,Failure to maintain safe following distance,fine,NHTSA_FSD_0077,1,716
SYNTH_FSD_0078,synthetic-topology-extension,,Failure to maintain safe following distance,fine,NHTSA_FSD_0078,1,716
SYNTH_FSD_0079,synthetic-topology-extension,,Failure to maintain safe following distance,fine,NHTSA_FSD_0079,1,716
SYNTH_FSD_0080,synthetic-topology-extension,,Failure to maintain safe following distance,fine,NHTSA_FSD_0080,1,716
SYNTH_FSD_0081,synthetic-topology-extension,,Failure to maintain safe following distance,fine,NHTSA_FSD_0081,1,716
SYNTH_FSD_0082,synthetic-topology-extension,,Failure to maintain safe following distance,fine,NHTSA_FSD_0082,1,716
SYNTH_FSD_0083,synthetic-topology-extension,,Failure to maintain safe following distance,fine,NHTSA_FSD_0083,1,716
SYNTH_FSD_0084,synthetic-topology-extension,,Failure to maintain safe following distance,fine,NHTSA_FSD_0084,1,716
SYNTH_FSD_0085,synthetic-topology-extension,,Failure to maintain safe following distance,fine,NHTSA_FSD_0085,1,716
SYNTH_FSD_0086,synthetic-topology-extension,,Failure to maintain safe following distance,fine,NHTSA_FSD_0086,1,716
SYNTH_FSD_0087,synthetic-topology-extension,,Failure to maintain safe following distance,fine,NHTSA_FSD_0087,1,716
SYNTH_FSD_0088,synthetic-topology-extension,,Failure to maintain safe following distance,fine,NHTSA_FSD_0088,1,716
SYNTH_FSD_0089,synthetic-topology-extension,,Failure to maintain safe following distance,fine,NHTSA_FSD_0089,1,716
SYNTH_FSD_0090,synthetic-topology-extension,,Failure to maintain safe following distance,fine,NHTSA_FSD_0090,1,716
SYNTH_FSD_0091,synthetic-topology-extension,,Failure to maintain safe following distance,fine,NHTSA_FSD_0091,1,716
SYNTH_FSD_0092,synthetic-topology-extension,,Failure to maintain safe following distance,fine,NHTSA_FSD_0092,1,716
SYNTH_FSD_0093,synthetic-topology-extension,,Failure to maintain safe following distance,fine,NHTSA_FSD_0093,1,716
SYNTH_FSD_0094,synthetic-topology-extension,,Failure to maintain safe following distance,fine,NHTSA_FSD_0094,1,716
SYNTH_FSD_0095,synthetic-topology-extension,,Failure to maintain safe following distance,fine,NHTSA_FSD_0095,1,716
SYNTH_FSD_0096,synthetic-topology-extension,,Failure to maintain safe following distance,fine,NHTSA_FSD_0096,1,716
SYNTH_FSD_0097,synthetic-topology-extension,,Failure to maintain safe following distance,fine,NHTSA_FSD_0097,1,716
SYNTH_FSD_0098,synthetic-topology-extension,,Failure to maintain safe following distance,fine,NHTSA_FSD_0098,1,716
SYNTH_FSD_0099,synthetic-topology-extension,,Failure to maintain safe following distance,fine,NHTSA_FSD_0099,1,716
SYNTH_FSD_0100,synthetic-topology-extension,,Failure to maintain safe following distance,fine,NHTSA_FSD_0100,1,716
NHTSA_WWD_0001,NHTSA-derived,NHTSA_WWD_0001,Wrong-way driving,coarse,,0,
NHTSA_WWD_0002,NHTSA-derived,NHTSA_WWD_0002,Wrong-way driving,coarse,,0,
NHTSA_WWD_0003,NHTSA-derived,NHTSA_WWD_0003,Wrong-way driving,coarse,,0,
NHTSA_WWD_0004,NHTSA-derived,NHTSA_WWD_0004,Wrong-way driving,coarse,,0,
NHTSA_WWD_0005,NHTSA-derived,NHTSA_WWD_0005,Wrong-way driving,coarse,,0,
NHTSA_WWD_0006,NHTSA-derived,NHTSA_WWD_0006,Wrong-way driving,coarse,,0,
NHTSA_WWD_0007,NHTSA-derived,NHTSA_WWD_0007,Wrong-way driving,coarse,,0,
NHTSA_WWD_0008,NHTSA-derived,NHTSA_WWD_0008,Wrong-way driving,coarse,,0,
NHTSA_WWD_0009,NHTSA-derived,NHTSA_WWD_0009,Wrong-way driving,coarse,,0,
NHTSA_WWD_0010,NHTSA-derived,NHTSA_WWD_0010,Wrong-way driving,coarse,,0,
NHTSA_WWD_0011,NHTSA-derived,NHTSA_WWD_0011,Wrong-way driving,coarse,,0,
NHTSA_WWD_0012,NHTSA-derived,NHTSA_WWD_0012,Wrong-way driving,coarse,,0,
NHTSA_WWD_0013,NHTSA-derived,NHTSA_WWD_0013,Wrong-way driving,coarse,,0,
NHTSA_WWD_0014,NHTSA-derived,NHTSA_WWD_0014,Wrong-way driving,coarse,,0,
NHTSA_WWD_0015,NHTSA-derived,NHTSA_WWD_0015,Wrong-way driving,coarse,,0,
NHTSA_WWD_0016,NHTSA-derived,NHTSA_WWD_0016,Wrong-way driving,coarse,,0,
NHTSA_WWD_0017,NHTSA-derived,NHTSA_WWD_0017,Wrong-way driving,coarse,,0,
NHTSA_WWD_0018,NHTSA-derived,NHTSA_WWD_0018,Wrong-way driving,coarse,,0,
NHTSA_WWD_0019,NHTSA-derived,NHTSA_WWD_0019,Wrong-way driving,coarse,,0,
NHTSA_WWD_0020,NHTSA-derived,NHTSA_WWD_0020,Wrong-way driving,coarse,,0,
NHTSA_WWD_0021,NHTSA-derived,NHTSA_WWD_0021,Wrong-way driving,coarse,,0,
NHTSA_WWD_0022,NHTSA-derived,NHTSA_WWD_0022,Wrong-way driving,coarse,,0,
NHTSA_WWD_0023,NHTSA-derived,NHTSA_WWD_0023,Wrong-way driving,coarse,,0,
NHTSA_WWD_0024,NHTSA-derived,NHTSA_WWD_0024,Wrong-way driving,coarse,,0,
NHTSA_WWD_0025,NHTSA-derived,NHTSA_WWD_0025,Wrong-way driving,coarse,,0,
NHTSA_WWD_0026,NHTSA-derived,NHTSA_WWD_0026,Wrong-way driving,coarse,,0,
NHTSA_WWD_0027,NHTSA-derived,NHTSA_WWD_0027,Wrong-way driving,coarse,,0,
NHTSA_WWD_0028,NHTSA-derived,NHTSA_WWD_0028,Wrong-way driving,coarse,,0,
NHTSA_WWD_0029,NHTSA-derived,NHTSA_WWD_0029,Wrong-way driving,coarse,,0,
NHTSA_WWD_0030,NHTSA-derived,NHTSA_WWD_0030,Wrong-way driving,coarse,,0,
NHTSA_WWD_0031,NHTSA-derived,NHTSA_WWD_0031,Wrong-way driving,coarse,,0,
NHTSA_WWD_0032,NHTSA-derived,NHTSA_WWD_0032,Wrong-way driving,coarse,,0,
NHTSA_WWD_0033,NHTSA-derived,NHTSA_WWD_0033,Wrong-way driving,coarse,,0,
NHTSA_WWD_0034,NHTSA-derived,NHTSA_WWD_0034,Wrong-way driving,coarse,,0,
NHTSA_WWD_0035,NHTSA-derived,NHTSA_WWD_0035,Wrong-way driving,coarse,,0,
NHTSA_WWD_0036,NHTSA-derived,NHTSA_WWD_0036,Wrong-way driving,coarse,,0,
NHTSA_WWD_0037,NHTSA-derived,NHTSA_WWD_0037,Wrong-way driving,coarse,,0,
NHTSA_WWD_0038,NHTSA-derived,NHTSA_WWD_0038,Wrong-way driving,coarse,,0,
NHTSA_WWD_0039,NHTSA-derived,NHTSA_WWD_0039,Wrong-way driving,coarse,,0,
NHTSA_WWD_0040,NHTSA-derived,NHTSA_WWD_0040,Wrong-way driving,coarse,,0,
NHTSA_WWD_0041,NHTSA-derived,NHTSA_WWD_0041,Wrong-way driving,coarse,,0,
NHTSA_WWD_0042,NHTSA-derived,NHTSA_WWD_0042,Wrong-way driving,coarse,,0,
NHTSA_WWD_0043,NHTSA-derived,NHTSA_WWD_0043,Wrong-way driving,coarse,,0,
NHTSA_WWD_0044,NHTSA-derived,NHTSA_WWD_0044,Wrong-way driving,coarse,,0,
NHTSA_WWD_0045,NHTSA-derived,NHTSA_WWD_0045,Wrong-way driving,coarse,,0,
NHTSA_WWD_0046,NHTSA-derived,NHTSA_WWD_0046,Wrong-way driving,coarse,,0,
NHTSA_WWD_0047,NHTSA-derived,NHTSA_WWD_0047,Wrong-way driving,coarse,,0,
NHTSA_WWD_0048,NHTSA-derived,NHTSA_WWD_0048,Wrong-way driving,coarse,,0,
NHTSA_WWD_0049,NHTSA-derived,NHTSA_WWD_0049,Wrong-way driving,coarse,,0,
NHTSA_WWD_0050,NHTSA-derived,NHTSA_WWD_0050,Wrong-way driving,coarse,,0,
NHTSA_WWD_0051,NHTSA-derived,NHTSA_WWD_0051,Wrong-way driving,coarse,,0,
NHTSA_WWD_0052,NHTSA-derived,NHTSA_WWD_0052,Wrong-way driving,coarse,,0,
NHTSA_WWD_0053,NHTSA-derived,NHTSA_WWD_0053,Wrong-way driving,coarse,,0,
NHTSA_WWD_0054,NHTSA-derived,NHTSA_WWD_0054,Wrong-way driving,coarse,,0,
NHTSA_WWD_0055,NHTSA-derived,NHTSA_WWD_0055,Wrong-way driving,coarse,,0,
NHTSA_WWD_0056,NHTSA-derived,NHTSA_WWD_0056,Wrong-way driving,coarse,,0,
NHTSA_WWD_0057,NHTSA-derived,NHTSA_WWD_0057,Wrong-way driving,coarse,,0,
NHTSA_WWD_0058,NHTSA-derived,NHTSA_WWD_0058,Wrong-way driving,coarse,,0,
NHTSA_WWD_0059,NHTSA-derived,NHTSA_WWD_0059,Wrong-way driving,coarse,,0,
NHTSA_WWD_0060,NHTSA-derived,NHTSA_WWD_0060,Wrong-way driving,coarse,,0,
NHTSA_WWD_0061,NHTSA-derived,NHTSA_WWD_0061,Wrong-way driving,coarse,,0,
NHTSA_WWD_0062,NHTSA-derived,NHTSA_WWD_0062,Wrong-way driving,coarse,,0,
NHTSA_WWD_0063,NHTSA-derived,NHTSA_WWD_0063,Wrong-way driving,coarse,,0,
NHTSA_WWD_0064,NHTSA-derived,NHTSA_WWD_0064,Wrong-way driving,coarse,,0,
NHTSA_WWD_0065,NHTSA-derived,NHTSA_WWD_0065,Wrong-way driving,coarse,,0,
NHTSA_WWD_0066,NHTSA-derived,NHTSA_WWD_0066,Wrong-way driving,coarse,,0,
NHTSA_WWD_0067,NHTSA-derived,NHTSA_WWD_0067,Wrong-way driving,coarse,,0,
NHTSA_WWD_0068,NHTSA-derived,NHTSA_WWD_0068,Wrong-way driving,coarse,,0,
NHTSA_WWD_0069,NHTSA-derived,NHTSA_WWD_0069,Wrong-way driving,coarse,,0,
NHTSA_WWD_0070,NHTSA-derived,NHTSA_WWD_0070,Wrong-way driving,coarse,,0,
NHTSA_WWD_0071,NHTSA-derived,NHTSA_WWD_0071,Wrong-way driving,coarse,,0,
NHTSA_WWD_0072,NHTSA-derived,NHTSA_WWD_0072,Wrong-way driving,coarse,,0,
NHTSA_WWD_0073,NHTSA-derived,NHTSA_WWD_0073,Wrong-way driving,coarse,,0,
NHTSA_WWD_0074,NHTSA-derived,NHTSA_WWD_0074,Wrong-way driving,coarse,,0,
NHTSA_WWD_0075,NHTSA-derived,NHTSA_WWD_0075,Wrong-way driving,coarse,,0,
NHTSA_WWD_0076,NHTSA-derived,NHTSA_WWD_0076,Wrong-way driving,coarse,,0,
NHTSA_WWD_0077,NHTSA-derived,NHTSA_WWD_0077,Wrong-way driving,coarse,,0,
NHTSA_WWD_0078,NHTSA-derived,NHTSA_WWD_0078,Wrong-way driving,coarse,,0,
NHTSA_WWD_0079,NHTSA-derived,NHTSA_WWD_0079,Wrong-way driving,coarse,,0,
NHTSA_WWD_0080,NHTSA-derived,NHTSA_WWD_0080,Wrong-way driving,coarse,,0,
NHTSA_WWD_0081,NHTSA-derived,NHTSA_WWD_0081,Wrong-way driving,coarse,,0,
NHTSA_WWD_0082,NHTSA-derived,NHTSA_WWD_0082,Wrong-way driving,coarse,,0,
NHTSA_WWD_0083,NHTSA-derived,NHTSA_WWD_0083,Wrong-way driving,coarse,,0,
NHTSA_WWD_0084,NHTSA-derived,NHTSA_WWD_0084,Wrong-way driving,coarse,,0,
SYNTH_WWD_0001,synthetic-topology-extension,,Wrong-way driving,fine,NHTSA_WWD_0001,1,716
SYNTH_WWD_0002,synthetic-topology-extension,,Wrong-way driving,fine,NHTSA_WWD_0002,1,716
SYNTH_WWD_0003,synthetic-topology-extension,,Wrong-way driving,fine,NHTSA_WWD_0003,1,716
SYNTH_WWD_0004,synthetic-topology-extension,,Wrong-way driving,fine,NHTSA_WWD_0004,1,716
SYNTH_WWD_0005,synthetic-topology-extension,,Wrong-way driving,fine,NHTSA_WWD_0005,1,716
SYNTH_WWD_0006,synthetic-topology-extension,,Wrong-way driving,fine,NHTSA_WWD_0006,1,716
SYNTH_WWD_0007,synthetic-topology-extension,,Wrong-way driving,fine,NHTSA_WWD_0007,1,716
SYNTH_WWD_0008,synthetic-topology-extension,,Wrong-way driving,fine,NHTSA_WWD_0008,1,716
SYNTH_WWD_0009,synthetic-topology-extension,,Wrong-way driving,fine,NHTSA_WWD_0009,1,716
SYNTH_WWD_0010,synthetic-topology-extension,,Wrong-way driving,fine,NHTSA_WWD_0010,1,716
SYNTH_WWD_0011,synthetic-topology-extension,,Wrong-way driving,fine,NHTSA_WWD_0011,1,716
SYNTH_WWD_0012,synthetic-topology-extension,,Wrong-way driving,fine,NHTSA_WWD_0012,1,716
SYNTH_WWD_0013,synthetic-topology-extension,,Wrong-way driving,fine,NHTSA_WWD_0013,1,716
SYNTH_WWD_0014,synthetic-topology-extension,,Wrong-way driving,fine,NHTSA_WWD_0014,1,716
SYNTH_WWD_0015,synthetic-topology-extension,,Wrong-way driving,fine,NHTSA_WWD_0015,1,716
SYNTH_WWD_0016,synthetic-topology-extension,,Wrong-way driving,fine,NHTSA_WWD_0016,1,716
SYNTH_WWD_0017,synthetic-topology-extension,,Wrong-way driving,fine,NHTSA_WWD_0017,1,716
SYNTH_WWD_0018,synthetic-topology-extension,,Wrong-way driving,fine,NHTSA_WWD_0018,1,716
SYNTH_WWD_0019,synthetic-topology-extension,,Wrong-way driving,fine,NHTSA_WWD_0019,1,716
SYNTH_WWD_0020,synthetic-topology-extension,,Wrong-way driving,fine,NHTSA_WWD_0020,1,716
SYNTH_WWD_0021,synthetic-topology-extension,,Wrong-way driving,fine,NHTSA_WWD_0021,1,716
SYNTH_WWD_0022,synthetic-topology-extension,,Wrong-way driving,fine,NHTSA_WWD_0022,1,716
SYNTH_WWD_0023,synthetic-topology-extension,,Wrong-way driving,fine,NHTSA_WWD_0023,1,716
SYNTH_WWD_0024,synthetic-topology-extension,,Wrong-way driving,fine,NHTSA_WWD_0024,1,716
SYNTH_WWD_0025,synthetic-topology-extension,,Wrong-way driving,fine,NHTSA_WWD_0025,1,716
SYNTH_WWD_0026,synthetic-topology-extension,,Wrong-way driving,fine,NHTSA_WWD_0026,1,716
SYNTH_WWD_0027,synthetic-topology-extension,,Wrong-way driving,fine,NHTSA_WWD_0027,1,716
SYNTH_WWD_0028,synthetic-topology-extension,,Wrong-way driving,fine,NHTSA_WWD_0028,1,716
SYNTH_WWD_0029,synthetic-topology-extension,,Wrong-way driving,fine,NHTSA_WWD_0029,1,716
SYNTH_WWD_0030,synthetic-topology-extension,,Wrong-way driving,fine,NHTSA_WWD_0030,1,716
SYNTH_WWD_0031,synthetic-topology-extension,,Wrong-way driving,fine,NHTSA_WWD_0031,1,716
SYNTH_WWD_0032,synthetic-topology-extension,,Wrong-way driving,fine,NHTSA_WWD_0032,1,716
SYNTH_WWD_0033,synthetic-topology-extension,,Wrong-way driving,fine,NHTSA_WWD_0033,1,716
SYNTH_WWD_0034,synthetic-topology-extension,,Wrong-way driving,fine,NHTSA_WWD_0034,1,716
SYNTH_WWD_0035,synthetic-topology-extension,,Wrong-way driving,fine,NHTSA_WWD_0035,1,716
SYNTH_WWD_0036,synthetic-topology-extension,,Wrong-way driving,fine,NHTSA_WWD_0036,1,716
SYNTH_WWD_0037,synthetic-topology-extension,,Wrong-way driving,fine,NHTSA_WWD_0037,1,716
SYNTH_WWD_0038,synthetic-topology-extension,,Wrong-way driving,fine,NHTSA_WWD_0038,1,716
SYNTH_WWD_0039,synthetic-topology-extension,,Wrong-way driving,fine,NHTSA_WWD_0039,1,716
SYNTH_WWD_0040,synthetic-topology-extension,,Wrong-way driving,fine,NHTSA_WWD_0040,1,716
SYNTH_WWD_0041,synthetic-topology-extension,,Wrong-way driving,fine,NHTSA_WWD_0041,1,716
SYNTH_WWD_0042,synthetic-topology-extension,,Wrong-way driving,fine,NHTSA_WWD_0042,1,716
SYNTH_WWD_0043,synthetic-topology-extension,,Wrong-way driving,fine,NHTSA_WWD_0043,1,716
SYNTH_WWD_0044,synthetic-topology-extension,,Wrong-way driving,fine,NHTSA_WWD_0044,1,716
SYNTH_WWD_0045,synthetic-topology-extension,,Wrong-way driving,fine,NHTSA_WWD_0045,1,716
SYNTH_WWD_0046,synthetic-topology-extension,,Wrong-way driving,fine,NHTSA_WWD_0046,1,716
SYNTH_WWD_0047,synthetic-topology-extension,,Wrong-way driving,fine,NHTSA_WWD_0047,1,716
SYNTH_WWD_0048,synthetic-topology-extension,,Wrong-way driving,fine,NHTSA_WWD_0048,1,716
SYNTH_WWD_0049,synthetic-topology-extension,,Wrong-way driving,fine,NHTSA_WWD_0049,1,716
SYNTH_WWD_0050,synthetic-topology-extension,,Wrong-way driving,fine,NHTSA_WWD_0050,1,716
SYNTH_WWD_0051,synthetic-topology-extension,,Wrong-way driving,fine,NHTSA_WWD_0051,1,716
SYNTH_WWD_0052,synthetic-topology-extension,,Wrong-way driving,fine,NHTSA_WWD_0052,1,716
SYNTH_WWD_0053,synthetic-topology-extension,,Wrong-way driving,fine,NHTSA_WWD_0053,1,716
SYNTH_WWD_0054,synthetic-topology-extension,,Wrong-way driving,fine,NHTSA_WWD_0054,1,716
SYNTH_WWD_0055,synthetic-topology-extension,,Wrong-way driving,fine,NHTSA_WWD_0055,1,716
SYNTH_WWD_0056,synthetic-topology-extension,,Wrong-way driving,fine,NHTSA_WWD_0056,1,716
SYNTH_WWD_0057,synthetic-topology-extension,,Wrong-way driving,fine,NHTSA_WWD_0057,1,716
SYNTH_WWD_0058,synthetic-topology-extension,,Wrong-way driving,fine,NHTSA_WWD_0058,1,716
SYNTH_WWD_0059,synthetic-topology-extension,,Wrong-way driving,fine,NHTSA_WWD_0059,1,716
SYNTH_WWD_0060,synthetic-topology-extension,,Wrong-way driving,fine,NHTSA_WWD_0060,1,716
NHTSA_ILC_0001,NHTSA-derived,NHTSA_ILC_0001,Illegal lane change,fine,,0,
NHTSA_ILC_0002,NHTSA-derived,NHTSA_ILC_0002,Illegal lane change,fine,,0,
NHTSA_ILC_0003,NHTSA-derived,NHTSA_ILC_0003,Illegal lane change,fine,,0,
NHTSA_ILC_0004,NHTSA-derived,NHTSA_ILC_0004,Illegal lane change,fine,,0,
NHTSA_ILC_0005,NHTSA-derived,NHTSA_ILC_0005,Illegal lane change,fine,,0,
NHTSA_ILC_0006,NHTSA-derived,NHTSA_ILC_0006,Illegal lane change,fine,,0,
NHTSA_ILC_0007,NHTSA-derived,NHTSA_ILC_0007,Illegal lane change,fine,,0,
NHTSA_ILC_0008,NHTSA-derived,NHTSA_ILC_0008,Illegal lane change,fine,,0,
NHTSA_ILC_0009,NHTSA-derived,NHTSA_ILC_0009,Illegal lane change,fine,,0,
NHTSA_ILC_0010,NHTSA-derived,NHTSA_ILC_0010,Illegal lane change,fine,,0,
NHTSA_ILC_0011,NHTSA-derived,NHTSA_ILC_0011,Illegal lane change,fine,,0,
NHTSA_ILC_0012,NHTSA-derived,NHTSA_ILC_0012,Illegal lane change,fine,,0,
NHTSA_ILC_0013,NHTSA-derived,NHTSA_ILC_0013,Illegal lane change,fine,,0,
NHTSA_ILC_0014,NHTSA-derived,NHTSA_ILC_0014,Illegal lane change,fine,,0,
NHTSA_ILC_0015,NHTSA-derived,NHTSA_ILC_0015,Illegal lane change,fine,,0,
NHTSA_ILC_0016,NHTSA-derived,NHTSA_ILC_0016,Illegal lane change,fine,,0,
NHTSA_ILC_0017,NHTSA-derived,NHTSA_ILC_0017,Illegal lane change,fine,,0,
NHTSA_ILC_0018,NHTSA-derived,NHTSA_ILC_0018,Illegal lane change,fine,,0,
NHTSA_ILC_0019,NHTSA-derived,NHTSA_ILC_0019,Illegal lane change,fine,,0,
NHTSA_ILC_0020,NHTSA-derived,NHTSA_ILC_0020,Illegal lane change,fine,,0,
NHTSA_ILC_0021,NHTSA-derived,NHTSA_ILC_0021,Illegal lane change,fine,,0,
NHTSA_ILC_0022,NHTSA-derived,NHTSA_ILC_0022,Illegal lane change,fine,,0,
NHTSA_ILC_0023,NHTSA-derived,NHTSA_ILC_0023,Illegal lane change,fine,,0,
NHTSA_ILC_0024,NHTSA-derived,NHTSA_ILC_0024,Illegal lane change,fine,,0,
NHTSA_ILC_0025,NHTSA-derived,NHTSA_ILC_0025,Illegal lane change,fine,,0,
NHTSA_ILC_0026,NHTSA-derived,NHTSA_ILC_0026,Illegal lane change,fine,,0,
NHTSA_ILC_0027,NHTSA-derived,NHTSA_ILC_0027,Illegal lane change,fine,,0,
NHTSA_ILC_0028,NHTSA-derived,NHTSA_ILC_0028,Illegal lane change,fine,,0,
NHTSA_ILC_0029,NHTSA-derived,NHTSA_ILC_0029,Illegal lane change,fine,,0,
NHTSA_ILC_0030,NHTSA-derived,NHTSA_ILC_0030,Illegal lane change,fine,,0,
NHTSA_ILC_0031,NHTSA-derived,NHTSA_ILC_0031,Illegal lane change,fine,,0,
NHTSA_ILC_0032,NHTSA-derived,NHTSA_ILC_0032,Illegal lane change,fine,,0,
NHTSA_ILC_0033,NHTSA-derived,NHTSA_ILC_0033,Illegal lane change,fine,,0,
NHTSA_ILC_0034,NHTSA-derived,NHTSA_ILC_0034,Illegal lane change,fine,,0,
NHTSA_ILC_0035,NHTSA-derived,NHTSA_ILC_0035,Illegal lane change,fine,,0,
NHTSA_ILC_0036,NHTSA-derived,NHTSA_ILC_0036,Illegal lane change,fine,,0,
NHTSA_ILC_0037,NHTSA-derived,NHTSA_ILC_0037,Illegal lane change,fine,,0,
NHTSA_ILC_0038,NHTSA-derived,NHTSA_ILC_0038,Illegal lane change,fine,,0,
NHTSA_ILC_0039,NHTSA-derived,NHTSA_ILC_0039,Illegal lane change,fine,,0,
NHTSA_ILC_0040,NHTSA-derived,NHTSA_ILC_0040,Illegal lane change,fine,,0,
NHTSA_ILC_0041,NHTSA-derived,NHTSA_ILC_0041,Illegal lane change,coarse,,0,
NHTSA_ILC_0042,NHTSA-derived,NHTSA_ILC_0042,Illegal lane change,coarse,,0,
NHTSA_ILC_0043,NHTSA-derived,NHTSA_ILC_0043,Illegal lane change,coarse,,0,
NHTSA_ILC_0044,NHTSA-derived,NHTSA_ILC_0044,Illegal lane change,coarse,,0,
NHTSA_ILC_0045,NHTSA-derived,NHTSA_ILC_0045,Illegal lane change,coarse,,0,
NHTSA_ILC_0046,NHTSA-derived,NHTSA_ILC_0046,Illegal lane change,coarse,,0,
NHTSA_ILC_0047,NHTSA-derived,NHTSA_ILC_0047,Illegal lane change,coarse,,0,
NHTSA_ILC_0048,NHTSA-derived,NHTSA_ILC_0048,Illegal lane change,coarse,,0,
NHTSA_ILC_0049,NHTSA-derived,NHTSA_ILC_0049,Illegal lane change,coarse,,0,
NHTSA_ILC_0050,NHTSA-derived,NHTSA_ILC_0050,Illegal lane change,coarse,,0,
NHTSA_ILC_0051,NHTSA-derived,NHTSA_ILC_0051,Illegal lane change,coarse,,0,
NHTSA_ILC_0052,NHTSA-derived,NHTSA_ILC_0052,Illegal lane change,coarse,,0,
NHTSA_ILC_0053,NHTSA-derived,NHTSA_ILC_0053,Illegal lane change,coarse,,0,
NHTSA_ILC_0054,NHTSA-derived,NHTSA_ILC_0054,Illegal lane change,coarse,,0,
NHTSA_ILC_0055,NHTSA-derived,NHTSA_ILC_0055,Illegal lane change,coarse,,0,
SYNTH_ILC_0001,synthetic-topology-extension,,Illegal lane change,fine,NHTSA_ILC_0001,1,716
SYNTH_ILC_0002,synthetic-topology-extension,,Illegal lane change,fine,NHTSA_ILC_0002,1,716
SYNTH_ILC_0003,synthetic-topology-extension,,Illegal lane change,fine,NHTSA_ILC_0003,1,716
SYNTH_ILC_0004,synthetic-topology-extension,,Illegal lane change,fine,NHTSA_ILC_0004,1,716
SYNTH_ILC_0005,synthetic-topology-extension,,Illegal lane change,fine,NHTSA_ILC_0005,1,716
SYNTH_ILC_0006,synthetic-topology-extension,,Illegal lane change,fine,NHTSA_ILC_0006,1,716
SYNTH_ILC_0007,synthetic-topology-extension,,Illegal lane change,fine,NHTSA_ILC_0007,1,716
SYNTH_ILC_0008,synthetic-topology-extension,,Illegal lane change,fine,NHTSA_ILC_0008,1,716
SYNTH_ILC_0009,synthetic-topology-extension,,Illegal lane change,fine,NHTSA_ILC_0009,1,716
SYNTH_ILC_0010,synthetic-topology-extension,,Illegal lane change,fine,NHTSA_ILC_0010,1,716
SYNTH_ILC_0011,synthetic-topology-extension,,Illegal lane change,fine,NHTSA_ILC_0011,1,716
SYNTH_ILC_0012,synthetic-topology-extension,,Illegal lane change,fine,NHTSA_ILC_0012,1,716
SYNTH_ILC_0013,synthetic-topology-extension,,Illegal lane change,fine,NHTSA_ILC_0013,1,716
SYNTH_ILC_0014,synthetic-topology-extension,,Illegal lane change,fine,NHTSA_ILC_0014,1,716
SYNTH_ILC_0015,synthetic-topology-extension,,Illegal lane change,fine,NHTSA_ILC_0015,1,716
SYNTH_ILC_0016,synthetic-topology-extension,,Illegal lane change,fine,NHTSA_ILC_0016,1,716
SYNTH_ILC_0017,synthetic-topology-extension,,Illegal lane change,fine,NHTSA_ILC_0017,1,716
SYNTH_ILC_0018,synthetic-topology-extension,,Illegal lane change,fine,NHTSA_ILC_0018,1,716
SYNTH_ILC_0019,synthetic-topology-extension,,Illegal lane change,fine,NHTSA_ILC_0019,1,716
SYNTH_ILC_0020,synthetic-topology-extension,,Illegal lane change,fine,NHTSA_ILC_0020,1,716
SYNTH_ILC_0021,synthetic-topology-extension,,Illegal lane change,fine,NHTSA_ILC_0021,1,716
SYNTH_ILC_0022,synthetic-topology-extension,,Illegal lane change,fine,NHTSA_ILC_0022,1,716
NHTSA_IOT_0001,NHTSA-derived,NHTSA_IOT_0001,Illegal overtaking,fine,,0,
NHTSA_IOT_0002,NHTSA-derived,NHTSA_IOT_0002,Illegal overtaking,fine,,0,
NHTSA_IOT_0003,NHTSA-derived,NHTSA_IOT_0003,Illegal overtaking,fine,,0,
NHTSA_IOT_0004,NHTSA-derived,NHTSA_IOT_0004,Illegal overtaking,fine,,0,
NHTSA_IOT_0005,NHTSA-derived,NHTSA_IOT_0005,Illegal overtaking,fine,,0,
NHTSA_IOT_0006,NHTSA-derived,NHTSA_IOT_0006,Illegal overtaking,fine,,0,
NHTSA_IOT_0007,NHTSA-derived,NHTSA_IOT_0007,Illegal overtaking,fine,,0,
NHTSA_IOT_0008,NHTSA-derived,NHTSA_IOT_0008,Illegal overtaking,fine,,0,
NHTSA_IOT_0009,NHTSA-derived,NHTSA_IOT_0009,Illegal overtaking,fine,,0,
NHTSA_IOT_0010,NHTSA-derived,NHTSA_IOT_0010,Illegal overtaking,fine,,0,
NHTSA_IOT_0011,NHTSA-derived,NHTSA_IOT_0011,Illegal overtaking,fine,,0,
NHTSA_IOT_0012,NHTSA-derived,NHTSA_IOT_0012,Illegal overtaking,fine,,0,
NHTSA_IOT_0013,NHTSA-derived,NHTSA_IOT_0013,Illegal overtaking,fine,,0,
NHTSA_IOT_0014,NHTSA-derived,NHTSA_IOT_0014,Illegal overtaking,fine,,0,
NHTSA_IOT_0015,NHTSA-derived,NHTSA_IOT_0015,Illegal overtaking,fine,,0,
NHTSA_IOT_0016,NHTSA-derived,NHTSA_IOT_0016,Illegal overtaking,fine,,0,
NHTSA_IOT_0017,NHTSA-derived,NHTSA_IOT_0017,Illegal overtaking,fine,,0,
NHTSA_IOT_0018,NHTSA-derived,NHTSA_IOT_0018,Illegal overtaking,fine,,0,
NHTSA_IOT_0019,NHTSA-derived,NHTSA_IOT_0019,Illegal overtaking,fine,,0,
NHTSA_IOT_0020,NHTSA-derived,NHTSA_IOT_0020,Illegal overtaking,fine,,0,
NHTSA_IOT_0021,NHTSA-derived,NHTSA_IOT_0021,Illegal overtaking,fine,,0,
NHTSA_IOT_0022,NHTSA-derived,NHTSA_IOT_0022,Illegal overtaking,fine,,0,
NHTSA_IOT_0023,NHTSA-derived,NHTSA_IOT_0023,Illegal overtaking,fine,,0,
NHTSA_IOT_0024,NHTSA-derived,NHTSA_IOT_0024,Illegal overtaking,fine,,0,
NHTSA_IOT_0025,NHTSA-derived,NHTSA_IOT_0025,Illegal overtaking,fine,,0,
NHTSA_IOT_0026,NHTSA-derived,NHTSA_IOT_0026,Illegal overtaking,fine,,0,
NHTSA_IOT_0027,NHTSA-derived,NHTSA_IOT_0027,Illegal overtaking,fine,,0,
NHTSA_IOT_0028,NHTSA-derived,NHTSA_IOT_0028,Illegal overtaking,fine,,0,
NHTSA_IOT_0029,NHTSA-derived,NHTSA_IOT_0029,Illegal overtaking,fine,,0,
NHTSA_IOT_0030,NHTSA-derived,NHTSA_IOT_0030,Illegal overtaking,fine,,0,
NHTSA_IOT_0031,NHTSA-derived,NHTSA_IOT_0031,Illegal overtaking,fine,,0,
NHTSA_IOT_0032,NHTSA-derived,NHTSA_IOT_0032,Illegal overtaking,fine,,0,
NHTSA_IOT_0033,NHTSA-derived,NHTSA_IOT_0033,Illegal overtaking,fine,,0,
NHTSA_IOT_0034,NHTSA-derived,NHTSA_IOT_0034,Illegal overtaking,fine,,0,
NHTSA_IOT_0035,NHTSA-derived,NHTSA_IOT_0035,Illegal overtaking,fine,,0,
NHTSA_IOT_0036,NHTSA-derived,NHTSA_IOT_0036,Illegal overtaking,fine,,0,
NHTSA_IOT_0037,NHTSA-derived,NHTSA_IOT_0037,Illegal overtaking,fine,,0,
NHTSA_IOT_0038,NHTSA-derived,NHTSA_IOT_0038,Illegal overtaking,fine,,0,
NHTSA_IOT_0039,NHTSA-derived,NHTSA_IOT_0039,Illegal overtaking,fine,,0,
NHTSA_IOT_0040,NHTSA-derived,NHTSA_IOT_0040,Illegal overtaking,fine,,0,
NHTSA_IOT_0041,NHTSA-derived,NHTSA_IOT_0041,Illegal overtaking,fine,,0,
NHTSA_IOT_0042,NHTSA-derived,NHTSA_IOT_0042,Illegal overtaking,fine,,0,
NHTSA_IOT_0043,NHTSA-derived,NHTSA_IOT_0043,Illegal overtaking,fine,,0,
NHTSA_IOT_0044,NHTSA-derived,NHTSA_IOT_0044,Illegal overtaking,coarse,,0,
NHTSA_IOT_0045,NHTSA-derived,NHTSA_IOT_0045,Illegal overtaking,coarse,,0,
NHTSA_IOT_0046,NHTSA-derived,NHTSA_IOT_0046,Illegal overtaking,coarse,,0,
NHTSA_IOT_0047,NHTSA-derived,NHTSA_IOT_0047,Illegal overtaking,coarse,,0,
NHTSA_IOT_0048,NHTSA-derived,NHTSA_IOT_0048,Illegal overtaking,coarse,,0,
NHTSA_IOT_0049,NHTSA-derived,NHTSA_IOT_0049,Illegal overtaking,coarse,,0,
NHTSA_IOT_0050,NHTSA-derived,NHTSA_IOT_0050,Illegal overtaking,coarse,,0,
NHTSA_IOT_0051,NHTSA-derived,NHTSA_IOT_0051,Illegal overtaking,coarse,,0,
NHTSA_IOT_0052,NHTSA-derived,NHTSA_IOT_0052,Illegal overtaking,coarse,,0,
SYNTH_IOT_0001,synthetic-topology-extension,,Illegal overtaking,fine,NHTSA_IOT_0001,1,716
SYNTH_IOT_0002,synthetic-topology-extension,,Illegal overtaking,fine,NHTSA_IOT_0002,1,716
SYNTH_IOT_0003,synthetic-topology-extension,,Illegal overtaking,fine,NHTSA_IOT_0003,1,716
SYNTH_IOT_0004,synthetic-topology-extension,,Illegal overtaking,fine,NHTSA_IOT_0004,1,716
SYNTH_IOT_0005,synthetic-topology-extension,,Illegal overtaking,fine,NHTSA_IOT_0005,1,716
SYNTH_IOT_0006,synthetic-topology-extension,,Illegal overtaking,fine,NHTSA_IOT_0006,1,716
SYNTH_IOT_0007,synthetic-topology-extension,,Illegal overtaking,fine,NHTSA_IOT_0007,1,716
SYNTH_IOT_0008,synthetic-topology-extension,,Illegal overtaking,fine,NHTSA_IOT_0008,1,716
SYNTH_IOT_0009,synthetic-topology-extension,,Illegal overtaking,fine,NHTSA_IOT_0009,1,716
SYNTH_IOT_0010,synthetic-topology-extension,,Illegal overtaking,fine,NHTSA_IOT_0010,1,716
SYNTH_IOT_0011,synthetic-topology-extension,,Illegal overtaking,fine,NHTSA_IOT_0011,1,716
SYNTH_IOT_0012,synthetic-topology-extension,,Illegal overtaking,fine,NHTSA_IOT_0012,1,716
SYNTH_IOT_0013,synthetic-topology-extension,,Illegal overtaking,fine,NHTSA_IOT_0013,1,716
SYNTH_IOT_0014,synthetic-topology-extension,,Illegal overtaking,fine,NHTSA_IOT_0014,1,716
SYNTH_IOT_0015,synthetic-topology-extension,,Illegal overtaking,fine,NHTSA_IOT_0015,1,716
