scenario_id,method,violation_type,source,difficulty,exec,trig,rem,c_road,c_env,c_role,c_lane,c_action,c_auto,c_noctrl,c_context,ms
NHTSA_INA_0001,RKGRScen,Inattention to the road ahead,NHTSA-derived,fine,1,1,1,1,1,1,1,1,1,1,1,1
NHTSA_INA_0002,RKGRScen,Inattention to the road ahead,NHTSA-derived,fine,1,1,0,1,1,0,1,1,1,1,0,0.8
NHTSA_INA_0003,RKGRScen,Inattention to the road ahead,NHTSA-derived,fine,1,1,1,1,1,1,1,1,1,1,1,1
NHTSA_INA_0004,RKGRScen,Inattention to the road ahead,NHTSA-derived,fine,1,1,1,1,1,1,1,1,1,1,1,1
NHTSA_INA_0005,RKGRScen,Inattention to the road ahead,NHTSA-derived,fine,1,1,1,1,1,1,1,1,1,1,1,1
NHTSA_INA_0006,RKGRScen,Inattention to the road ahead,NHTSA-derived,fine,1,1,0,1,1,0,1,1,1,1,0,0.8
NHTSA_INA_0007,RKGRScen,Inattention to the road ahead,NHTSA-derived,fine,1,1,1,1,1,1,1,1,1,1,1,1
NHTSA_INA_0008,RKGRScen,Inattention to the road ahead,NHTSA-derived,fine,1,1,1,1,1,1,1,1,1,1,1,1
NHTSA_INA_0009,RKGRScen,Inattention to the road ahead,NHTSA-derived,fine,1,1,1,1,1,1,1,1,1,1,1,1
NHTSA_INA_0010,RKGRScen,Inattention to the road ahead,NHTSA-derived,fine,1,1,1,1,1,1,1,1,1,1,1,1
NHTSA_INA_0011,RKGRScen,Inattention to the road ahead,NHTSA-derived,fine,1,1,1,1,1,1,1,1,1,1,1,1
NHTSA_INA_0012,RKGRScen,Inattention to the road ahead,NHTSA-derived,fine,1,1,1,1,1,1,1,1,1,1,1,1
NHTSA_INA_0013,RKGRScen,Inattention to the road ahead,NHTSA-derived,fine,1,1,1,1,1,1,1,1,1,1,1,1
NHTSA_INA_0014,RKGRScen,Inattention to the road ahead,NHTSA-derived,fine,1,1,1,1,1,1,1,1,1,1,1,1
NHTSA_INA_0015,RKGRScen,Inattention to the road ahead,NHTSA-derived,fine,1,1,1,1,1,1,1,1,1,1,1,1
NHTSA_INA_0016,RKGRScen,Inattention to the road ahead,NHTSA-derived,fine,1,1,0,1,1,0,1,1,1,1,0,0.8
NHTSA_INA_0017,RKGRScen,Inattention to the road ahead,NHTSA-derived,fine,1,1,1,1,1,1,1,1,1,1,1,1
NHTSA_INA_0018,RKGRScen,Inattention to the road ahead,NHTSA-derived,fine,1,1,1,1,1,1,1,1,1,1,1,1
NHTSA_INA_0019,RKGRScen,Inattention to the road ahead,NHTSA-derived,fine,1,1,0,1,1,0,1,1,1,1,0,0.8
NHTSA_INA_0020,RKGRScen,Inattention to the road ahead,NHTSA-derived,fine,1,1,1,1,1,1,1,1,1,1,1,1
NHTSA_INA_0021,RKGRScen,Inattention to the road ahead,NHTSA-derived,fine,1,1,1,1,1,1,1,1,1,1,1,1
NHTSA_INA_0022,RKGRScen,Inattention to the road ahead,NHTSA-derived,fine,1,1,0,1,1,0,1,1,1,1,0,0.8
NHTSA_INA_0023,RKGRScen,Inattention to the road ahead,NHTSA-derived,fine,1,1,1,1,1,1,1,1,1,1,1,1
NHTSA_INA_0024,RKGRScen,Inattention to the road ahead,NHTSA-derived,fine,1,1,1,1,1,1,1,1,1,1,1,1
NHTSA_INA_0025,RKGRScen,Inattention to the road ahead,NHTSA-derived,fine,1,1,1,1,1,1,1,1,1,1,1,1
NHTSA_INA_0026,RKGRScen,Inattention to the road ahead,NHTSA-derived,fine,1,1,1,1,1,1,1,1,1,1,1,1
NHTSA_INA_0027,RKGRScen,Inattention to the road ahead,NHTSA-derived,fine,1,1,0,1,1,0,1,1,1,1,0,0.8
NHTSA_INA_0028,RKGRScen,Inattention to the road ahead,NHTSA-derived,fine,1,1,1,1,1,1,1,1,1,1,1,1
NHTSA_INA_0029,RKGRScen,Inattention to the road ahead,NHTSA-derived,fine,1,1,1,1,1,1,1,1,1,1,1,1
NHTSA_INA_0030,RKGRScen,Inattention to the road ahead,NHTSA-derived,fine,1,1,1,1,1,1,1,1,1,1,1,1
NHTSA_INA_0031,RKGRScen,Inattention to the road ahead,NHTSA-derived,fine,1,1,1,1,1,1,1,1,1,1,1,1
NHTSA_INA_0032,RKGRScen,Inattention to the road ahead,NHTSA-derived,fine,1,1,1,1,1,1,1,1,1,1,1,1
NHTSA_INA_0033,RKGRScen,Inattention to the road ahead,NHTSA-derived,fine,1,1,1,1,1,1,1,1,1,1,1,1
NHTSA_INA_0034,RKGRScen,Inattention to the road ahead,NHTSA-derived,fine,1,1,1,1,1,1,1,1,1,1,1,1
NHTSA_INA_0035,RKGRScen,Inattention to the road ahead,NHTSA-derived,fine,1,1,0,1,1,0,1,1,1,1,0,0.8
NHTSA_INA_0036,RKGRScen,Inattention to the road ahead,NHTSA-derived,fine,1,1,1,1,1,1,1,1,1,1,1,1
NHTSA_INA_0037,RKGRScen,Inattention to the road ahead,NHTSA-derived,fine,1,1,1,1,1,1,1,1,1,1,1,1
NHTSA_INA_0038,RKGRScen,Inattention to the road ahead,NHTSA-derived,fine,1,1,1,1,1,1,1,1,1,1,1,1
NHTSA_INA_0039,RKGRScen,Inattention to the road ahead,NHTSA-derived,fine,1,1,1,1,1,1,1,1,1,1,1,1
NHTSA_INA_0040,RKGRScen,Inattention to the road ahead,NHTSA-derived,fine,1,1,1,1,1,1,1,1,1,1,1,1
NHTSA_INA_0041,RKGRScen,Inattention to the road ahead,NHTSA-derived,fine,1,1,1,1,1,1,1,1,1,1,1,1
NHTSA_INA_0042,RKGRScen,Inattention to the road ahead,NHTSA-derived,fine,1,1,1,1,1,1,1,1,1,1,1,1
NHTSA_INA_0043,RKGRScen,Inattention to the road ahead,NHTSA-derived,fine,1,1,1,1,1,1,1,1,1,1,1,1
NHTSA_INA_0044,RKGRScen,Inattention to the road ahead,NHTSA-derived,fine,1,1,1,1,1,1,1,1,1,1,1,1
NHTSA_INA_0045,RKGRScen,Inattention to the road ahead,NHTSA-derived,fine,1,1,1,1,1,1,1,1,1,1,1,1
NHTSA_INA_0046,RKGRScen,Inattention to the road ahead,NHTSA-derived,fine,1,1,1,1,1,1,1,1,1,1,1,1
NHTSA_INA_0047,RKGRScen,Inattention to the road ahead,NHTSA-derived,fine,1,1,1,1,1,1,1,1,1,1,1,1
NHTSA_INA_0048,RKGRScen,Inattention to the road ahead,NHTSA-derived,fine,1,1,1,1,1,1,1,1,1,1,1,1
NHTSA_INA_0049,RKGRScen,Inattention to the road ahead,NHTSA-derived,fine,1,1,1,1,1,1,1,1,1,1,1,1
NHTSA_INA_0050,RKGRScen,Inattention to the road ahead,NHTSA-derived,fine,1,1,1,1,1,1,1,1,1,1,1,1
NHTSA_INA_0051,RKGRScen,Inattention to the road ahead,NHTSA-derived,fine,1,1,1,1,1,1,1,1,1,1,1,1
NHTSA_INA_0052,RKGRScen,Inattention to the road ahead,NHTSA-derived,fine,1,1,1,1,1,1,1,1,1,1,1,1
NHTSA_INA_0053,RKGRScen,Inattention to the road ahead,NHTSA-derived,fine,1,1,1,1,1,1,1,1,1,1,1,1
NHTSA_INA_0054,RKGRScen,Inattention to the road ahead,NHTSA-derived,fine,1,1,1,1,1,1,1,1,1,1,1,1
NHTSA_INA_0055,RKGRScen,Inattention to the road ahead,NHTSA-derived,fine,1,1,1,1,1,1,1,1,1,1,1,1
NHTSA_INA_0056,RKGRScen,Inattention to the road ahead,NHTSA-derived,fine,1,1,1,1,1,1,1,1,1,1,1,1
NHTSA_INA_0057,RKGRScen,Inattention to the road ahead,NHTSA-derived,fine,1,1,1,1,1,1,1,1,1,1,1,1
NHTSA_INA_0058,RKGRScen,Inattention to the road ahead,NHTSA-derived,fine,1,1,1,1,1,1,1,1,1,1,1,1
NHTSA_INA_0059,RKGRScen,Inattention to the road ahead,NHTSA-derived,fine,1,1,1,1,1,1,1,1,1,1,1,1
NHTSA_INA_0060,RKGRScen,Inattention to the road ahead,NHTSA-derived,fine,1,1,1,1,1,1,1,1,1,1,1,1
NHTSA_INA_0061,RKGRScen,Inattention to the road ahead,NHTSA-derived,fine,1,1,1,1,1,1,1,1,1,1,1,1
NHTSA_INA_0062,RKGRScen,Inattention to the road ahead,NHTSA-derived,fine,1,1,1,1,1,1,1,1,1,1,1,1
NHTSA_INA_0063,RKGRScen,Inattention to the road ahead,NHTSA-derived,coarse,1,1,1,1,1,1,1,1,1,1,1,1
NHTSA_INA_0064,RKGRScen,Inattention to the road ahead,NHTSA-derived,coarse,1,1,1,1,1,1,1,1,1,1,1,1
NHTSA_INA_0065,RKGRScen,Inattention to the road ahead,NHTSA-derived,coarse,1,1,1,1,1,1,1,1,1,1,1,1
NHTSA_INA_0066,RKGRScen,Inattention to the road ahead,NHTSA-derived,coarse,1,1,1,1,1,1,1,1,1,1,1,1
NHTSA_INA_0067,RKGRScen,Inattention to the road ahead,NHTSA-derived,coarse,1,1,1,1,1,1,1,1,1,1,1,1
NHTSA_INA_0068,RKGRScen,Inattention to the road ahead,NHTSA-derived,coarse,1,1,0,1,1,0,1,1,1,1,0,0.8
NHTSA_INA_0069,RKGRScen,Inattention to the road ahead,NHTSA-derived,coarse,1,1,1,1,1,1,1,1,1,1,1,1
NHTSA_INA_0070,RKGRScen,Inattention to the road ahead,NHTSA-derived,coarse,1,1,1,1,1,1,1,1,1,1,1,1
NHTSA_INA_0071,RKGRScen,Inattention to the road ahead,NHTSA-derived,coarse,1,1,1,1,1,1,1,1,1,1,1,1
NHTSA_INA_0072,RKGRScen,Inattention to the road ahead,NHTSA-derived,coarse,1,0,1,1,1,1,1,1,1,1,1,1
NHTSA_INA_0073,RKGRScen,Inattention to the road ahead,NHTSA-derived,coarse,0,0,1,,,,,,,,,
NHTSA_INA_0074,RKGRScen,Inattention to the road ahead,NHTSA-derived,coarse,1,1,1,1,1,1,1,1,1,1,1,1
NHTSA_INA_0075,RKGRScen,Inattention to the road ahead,NHTSA-derived,coarse,1,0,1,1,1,1,1,1,1,1,1,1
NHTSA_INA_0076,RKGRScen,Inattention to the road ahead,NHTSA-derived,coarse,1,1,0,1,1,0,1,1,1,1,0,0.8
NHTSA_INA_0077,RKGRScen,Inattention to the road ahead,NHTSA-derived,coarse,1,0,1,1,1,0,1,1,1,1,0,0.8
NHTSA_INA_0078,RKGRScen,Inattention to the road ahead,NHTSA-derived,coarse,1,1,1,1,1,1,1,1,1,1,1,1
NHTSA_INA_0079,RKGRScen,Inattention to the road ahead,NHTSA-derived,coarse,1,1,1,1,1,1,1,1,1,1,1,1
NHTSA_INA_0080,RKGRScen,Inattention to the road ahead,NHTSA-derived,coarse,1,1,1,1,1,1,1,1,1,1,1,1
NHTSA_INA_0081,RKGRScen,Inattention to the road ahead,NHTSA-derived,coarse,1,1,1,1,1,1,1,1,1,1,1,1
NHTSA_INA_0082,RKGRScen,Inattention to the road ahead,NHTSA-derived,coarse,1,1,1,1,1,1,1,1,1,1,1,1
NHTSA_INA_0083,RKGRScen,Inattention to the road ahead,NHTSA-derived,coarse,1,1,1,1,1,1,1,1,1,1,1,1
NHTSA_INA_0084,RKGRScen,Inattention to the road ahead,NHTSA-derived,coarse,1,1,1,1,1,1,1,1,1,1,1,1
NHTSA_INA_0085,RKGRScen,Inattention to the road ahead,NHTSA-derived,coarse,1,1,1,1,1,1,1,1,1,1,1,1
NHTSA_INA_0086,RKGRScen,Inattention to the road ahead,NHTSA-derived,coarse,1,1,1,1,1,1,1,1,1,1,1,1
NHTSA_INA_0087,RKGRScen,Inattention to the road ahead,NHTSA-derived,coarse,1,1,1,1,1,1,1,1,1,1,1,1
NHTSA_INA_0088,RKGRScen,Inattention to the road ahead,NHTSA-derived,coarse,1,0,1,1,1,1,1,1,1,1,1,1
NHTSA_INA_0089,RKGRScen,Inattention to the road ahead,NHTSA-derived,coarse,1,1,1,1,1,1,1,1,1,1,1,1
NHTSA_INA_0090,RKGRScen,Inattention to the road ahead,NHTSA-derived,coarse,1,1,1,1,1,1,1,1,1,1,1,1
NHTSA_INA_0091,RKGRScen,Inattention to the road ahead,NHTSA-derived,coarse,1,1,1,1,1,1,1,1,1,1,1,1
NHTSA_INA_0092,RKGRScen,Inattention to the road ahead,NHTSA-derived,coarse,1,1,1,1,1,1,1,1,1,1,1,1
NHTSA_INA_0093,RKGRScen,Inattention to the road ahead,NHTSA-derived,coarse,1,1,1,1,1,1,1,1,1,1,1,1
NHTSA_INA_0094,RKGRScen,Inattention to the road ahead,NHTSA-derived,coarse,1,1,1,1,1,1,1,1,1,1,1,1
NHTSA_INA_0095,RKGRScen,Inattention to the road ahead,NHTSA-derived,coarse,1,1,1,1,1,1,1,1,1,1,1,1
NHTSA_INA_0096,RKGRScen,Inattention to the road ahead,NHTSA-derived,coarse,1,1,1,1,1,1,1,1,1,1,1,1
NHTSA_INA_0097,RKGRScen,Inattention to the road ahead,NHTSA-derived,coarse,1,0,1,1,1,1,1,1,1,1,1,1
NHTSA_INA_0098,RKGRScen,Inattention to the road ahead,NHTSA-derived,coarse,1,1,1,1,1,1,1,1,1,1,1,1
NHTSA_INA_0099,RKGRScen,Inattention to the road ahead,NHTSA-derived,coarse,1,1,1,1,1,1,1,1,1,1,1,1
NHTSA_INA_0100,RKGRScen,Inattention to the road ahead,NHTSA-derived,coarse,1,0,1,1,1,1,1,1,1,1,1,1
NHTSA_INA_0101,RKGRScen,Inattention to the road ahead,NHTSA-derived,coarse,1,1,1,1,1,1,1,1,1,1,1,1
NHTSA_INA_0102,RKGRScen,Inattention to the road ahead,NHTSA-derived,coarse,1,1,1,1,1,1,1,1,1,1,1,1
NHTSA_INA_0103,RKGRScen,Inattention to the road ahead,NHTSA-derived,coarse,1,1,1,1,1,1,1,1,1,1,1,1
NHTSA_INA_0104,RKGRScen,Inattention to the road ahead,NHTSA-derived,coarse,1,1,1,1,1,1,1,1,1,1,1,1
NHTSA_INA_0105,RKGRScen,Inattention to the road ahead,NHTSA-derived,coarse,1,1,1,1,1,1,1,1,1,1,1,1
NHTSA_INA_0106,RKGRScen,Inattention to the road ahead,NHTSA-derived,coarse,1,1,1,1,1,1,1,1,1,1,1,1
NHTSA_INA_0107,RKGRScen,Inattention to the road ahead,NHTSA-derived,coarse,1,1,1,1,1,1,1,1,1,1,1,1
NHTSA_INA_0108,RKGRScen,Inattention to the road ahead,NHTSA-derived,coarse,1,1,1,1,1,1,1,1,1,1,1,1
NHTSA_INA_0109,RKGRScen,Inattention to the road ahead,NHTSA-derived,coarse,1,1,1,1,1,1,1,1,1,1,1,1
NHTSA_INA_0110,RKGRScen,Inattention to the road ahead,NHTSA-derived,coarse,1,0,1,1,1,1,1,1,1,1,1,1
NHTSA_INA_0111,RKGRScen,Inattention to the road ahead,NHTSA-derived,coarse,1,1,1,1,1,1,1,1,1,1,1,1
NHTSA_INA_0112,RKGRScen,Inattention to the road ahead,NHTSA-derived,coarse,1,1,1,1,1,1,1,1,1,1,1,1
NHTSA_INA_0113,RKGRScen,Inattention to the road ahead,NHTSA-derived,coarse,1,0,1,1,1,1,1,1,1,1,1,1
NHTSA_INA_0114,RKGRScen,Inattention to the road ahead,NHTSA-derived,coarse,1,1,1,1,1,1,1,1,1,1,1,1
NHTSA_INA_0115,RKGRScen,Inattention to the road ahead,NHTSA-derived,coarse,1,1,1,1,1,1,1,1,1,1,1,1
NHTSA_INA_0116,RKGRScen,Inattention to the road ahead,NHTSA-derived,coarse,1,1,1,1,1,1,1,1,1,1,1,1
NHTSA_INA_0117,RKGRScen,Inattention to the road ahead,NHTSA-derived,coarse,1,0,1,1,1,1,1,1,1,1,1,1
NHTSA_INA_0118,RKGRScen,Inattention to the road ahead,NHTSA-derived,coarse,0,0,1,,,,,,,,,
NHTSA_INA_0119,RKGRScen,Inattention to the road ahead,NHTSA-derived,coarse,1,1,1,1,1,1,1,1,1,1,1,1
NHTSA_INA_0120,RKGRScen,Inattention to the road ahead,NHTSA-derived,coarse,1,0,1,1,1,0,1,1,1,1,0,0.8
NHTSA_INA_0121,RKGRScen,Inattention to the road ahead,NHTSA-derived,coarse,1,1,1,1,1,1,1,1,1,1,1,1
NHTSA_INA_0122,RKGRScen,Inattention to the road ahead,NHTSA-derived,coarse,1,1,1,1,1,1,1,1,1,1,1,1
NHTSA_INA_0123,RKGRScen,Inattention to the road ahead,NHTSA-derived,coarse,1,1,1,1,1,1,1,1,1,1,1,1
NHTSA_INA_0124,RKGRScen,Inattention to the road ahead,NHTSA-derived,coarse,0,0,1,,,,,,,,,
NHTSA_INA_0125,RKGRScen,Inattention to the road ahead,NHTSA-derived,coarse,0,0,1,,,,,,,,,
NHTSA_INA_0126,RKGRScen,Inattention to the road ahead,NHTSA-derived,coarse,1,1,1,1,1,1,1,1,1,1,1,1
NHTSA_INA_0127,RKGRScen,Inattention to the road ahead,NHTSA-derived,coarse,1,1,1,1,1,1,1,1,1,1,1,1
NHTSA_INA_0128,RKGRScen,Inattention to the road ahead,NHTSA-derived,coarse,1,1,1,1,1,1,1,1,1,1,1,1
NHTSA_INA_0129,RKGRScen,Inattention to the road ahead,NHTSA-derived,coarse,1,1,1,1,1,1,1,1,1,1,1,1
NHTSA_INA_0130,RKGRScen,Inattention to the road ahead,NHTSA-derived,coarse,1,1,1,1,1,1,1,1,1,1,1,1
NHTSA_INA_0131,RKGRScen,Inattention to the road ahead,NHTSA-derived,coarse,1,1,1,1,1,1,1,1,1,1,1,1
NHTSA_INA_0132,RKGRScen,Inattention to the road ahead,NHTSA-derived,coarse,1,1,0,1,1,0,1,1,1,1,0,0.8
NHTSA_INA_0133,RKGRScen,Inattention to the road ahead,NHTSA-derived,coarse,1,0,1,1,1,1,1,1,1,1,1,1
NHTSA_INA_0134,RKGRScen,Inattention to the road ahead,NHTSA-derived,coarse,1,1,1,1,1,1,1,1,1,1,1,1
NHTSA_INA_0135,RKGRScen,Inattention to the road ahead,NHTSA-derived,coarse,1,1,1,1,1,1,1,1,1,1,1,1
NHTSA_INA_0136,RKGRScen,Inattention to the road ahead,NHTSA-derived,coarse,1,1,1,1,1,1,1,1,1,1,1,1
NHTSA_INA_0137,RKGRScen,Inattention to the road ahead,NHTSA-derived,coarse,1,1,1,1,1,1,1,1,1,1,1,1
NHTSA_INA_0138,RKGRScen,Inattention to the road ahead,NHTSA-derived,coarse,1,1,1,1,1,1,1,1,1,1,1,1
NHTSA_INA_0139,RKGRScen,Inattention to the road ahead,NHTSA-derived,coarse,1,1,1,1,1,1,1,1,1,1,1,1
NHTSA_INA_0140,RKGRScen,Inattention to the road ahead,NHTSA-derived,coarse,1,1,1,1,1,1,1,1,1,1,1,1
NHTSA_INA_0141,RKGRScen,Inattention to the road ahead,NHTSA-derived,coarse,1,1,1,1,1,1,1,1,1,1,1,1
NHTSA_INA_0142,RKGRScen,Inattention to the road ahead,NHTSA-derived,coarse,1,1,1,1,1,1,1,1,1,1,1,1
NHTSA_INA_0143,RKGRScen,Inattention to the road ahead,NHTSA-derived,coarse,1,1,1,1,1,1,1,1,1,1,1,1
NHTSA_INA_0144,RKGRScen,Inattention to the road ahead,NHTSA-derived,coarse,1,1,1,1,1,1,1,1,1,1,1,1
NHTSA_INA_0145,RKGRScen,Inattention to the road ahead,NHTSA-derived,coarse,0,0,1,,,,,,,,,
NHTSA_INA_0146,RKGRScen,Inattention to the road ahead,NHTSA-derived,coarse,1,1,1,1,1,1,1,1,1,1,1,1
NHTSA_INA_0147,RKGRScen,Inattention to the road ahead,NHTSA-derived,coarse,1,1,1,1,1,1,1,1,1,1,1,1
NHTSA_INA_0148,RKGRScen,Inattention to the road ahead,NHTSA-derived,coarse,1,1,0,1,1,0,1,1,1,1,0,0.8
NHTSA_INA_0149,RKGRScen,Inattention to the road ahead,NHTSA-derived,coarse,1,0,1,1,1,1,1,1,1,1,1,1
NHTSA_INA_0150,RKGRScen,Inattention to the road ahead,NHTSA-derived,coarse,1,1,1,1,1,1,1,1,1,1,1,1
NHTSA_INA_0151,RKGRScen,Inattention to the road ahead,NHTSA-derived,coarse,1,1,1,1,1,1,1,1,1,1,1,1
NHTSA_INA_0152,RKGRScen,Inattention to the road ahead,NHTSA-derived,coarse,1,1,1,1,1,1,1,1,1,1,1,1
NHTSA_INA_0153,RKGRScen,Inattention to the road ahead,NHTSA-derived,coarse,1,1,1,1,1,1,1,1,1,1,1,1
NHTSA_INA_0154,RKGRScen,Inattention to the road ahead,NHTSA-derived,coarse,1,0,1,1,1,1,1,1,1,1,1,1
NHTSA_INA_0155,RKGRScen,Inattention to the road ahead,NHTSA-derived,coarse,1,0,1,1,1,1,1,1,1,1,1,1
NHTSA_INA_0156,RKGRScen,Inattention to the road ahead,NHTSA-derived,coarse,0,0,1,,,,,,,,,
NHTSA_INA_0157,RKGRScen,Inattention to the road ahead,NHTSA-derived,coarse,1,1,1,1,1,1,1,1,1,1,1,1
NHTSA_INA_0158,RKGRScen,Inattention to the road ahead,NHTSA-derived,coarse,1,0,1,1,1,0,1,1,1,1,0,0.8
NHTSA_INA_0159,RKGRScen,Inattention to the road ahead,NHTSA-derived,coarse,1,1,0,1,1,0,1,1,1,1,0,0.8
NHTSA_INA_0160,RKGRScen,Inattention to the road ahead,NHTSA-derived,coarse,1,0,1,1,1,1,1,1,1,1,1,1
NHTSA_INA_0161,RKGRScen,Inattention to the road ahead,NHTSA-derived,coarse,1,0,1,1,1,0,1,1,1,1,0,0.8
NHTSA_INA_0162,RKGRScen,Inattention to the road ahead,NHTSA-derived,coarse,1,1,1,1,1,1,1,1,1,1,1,1
NHTSA_INA_0163,RKGRScen,Inattention to the road ahead,NHTSA-derived,coarse,1,1,1,1,1,1,1,1,1,1,1,1
NHTSA_INA_0164,RKGRScen,Inattention to the road ahead,NHTSA-derived,coarse,1,0,1,1,1,1,1,1,1,1,1,1
NHTSA_INA_0165,RKGRScen,Inattention to the road ahead,NHTSA-derived,coarse,1,1,1,1,1,1,1,1,1,1,1,1
NHTSA_INA_0166,RKGRScen,Inattention to the road ahead,NHTSA-derived,coarse,1,1,1,1,1,1,1,1,1,1,1,1
NHTSA_INA_0167,RKGRScen,Inattention to the road ahead,NHTSA-derived,coarse,1,0,1,1,1,1,1,1,1,1,1,1
NHTSA_INA_0168,RKGRScen,Inattention to the road ahead,NHTSA-derived,coarse,0,0,1,,,,,,,,,
NHTSA_INA_0169,RKGRScen,Inattention to the road ahead,NHTSA-derived,coarse,1,1,1,1,1,1,1,1,1,1,1,1
NHTSA_INA_0170,RKGRScen,Inattention to the road ahead,NHTSA-derived,coarse,1,1,1,1,1,1,1,1,1,1,1,1
NHTSA_INA_0171,RKGRScen,Inattention to the road ahead,NHTSA-derived,coarse,1,0,0,1,1,0,1,1,1,1,0,0.8
NHTSA_INA_0172,RKGRScen,Inattention to the road ahead,NHTSA-derived,coarse,0,0,1,,,,,,,,,
NHTSA_INA_0173,RKGRScen,Inattention to the road ahead,NHTSA-derived,coarse,1,1,1,1,1,1,1,1,1,1,1,1
NHTSA_INA_0174,RKGRScen,Inattention to the road ahead,NHTSA-derived,coarse,1,1,1,1,1,1,1,1,1,1,1,1
NHTSA_INA_0175,RKGRScen,Inattention to the road ahead,NHTSA-derived,coarse,1,1,1,1,1,1,1,1,1,1,1,1
NHTSA_INA_0176,RKGRScen,Inattention to the road ahead,NHTSA-derived,coarse,1,1,1,1,1,1,1,1,1,1,1,1
NHTSA_INA_0177,RKGRScen,Inattention to the road ahead,NHTSA-derived,coarse,1,0,1,1,1,1,1,1,1,1,1,1
NHTSA_INA_0178,RKGRScen,Inattention to the road ahead,NHTSA-derived,coarse,1,1,1,1,1,1,1,1,1,1,1,1
NHTSA_INA_0179,RKGRScen,Inattention to the road ahead,NHTSA-derived,coarse,1,1,1,1,1,1,1,1,1,1,1,1
NHTSA_INA_0180,RKGRScen,Inattention to the road ahead,NHTSA-derived,coarse,1,1,1,1,1,1,1,1,1,1,1,1
NHTSA_INA_0181,RKGRScen,Inattention to the road ahead,NHTSA-derived,coarse,1,0,1,1,1,0,1,1,1,1,0,0.8
NHTSA_INA_0182,RKGRScen,Inattention to the road ahead,NHTSA-derived,coarse,1,1,1,1,1,1,1,1,1,1,1,1
NHTSA_INA_0183,RKGRScen,Inattention to the road ahead,NHTSA-derived,coarse,1,1,1,1,1,1,1,1,1,1,1,1
NHTSA_INA_0184,RKGRScen,Inattention to the road ahead,NHTSA-derived,coarse,1,1,1,1,1,1,1,1,1,1,1,1
NHTSA_INA_0185,RKGRScen,Inattention to the road ahead,NHTSA-derived,coarse,1,1,1,1,1,1,1,1,1,1,1,1
NHTSA_INA_0186,RKGRScen,Inattention to the road ahead,NHTSA-derived,coarse,1,1,1,1,1,1,1,1,1,1,1,1
NHTSA_INA_0187,RKGRScen,Inattention to the road ahead,NHTSA-derived,coarse,1,1,1,1,1,1,1,1,1,1,1,1
NHTSA_INA_0188,RKGRScen,Inattention to the road ahead,NHTSA-derived,coarse,1,1,1,1,1,1,1,1,1,1,1,1
NHTSA_INA_0189,RKGRScen,Inattention to the road ahead,NHTSA-derived,coarse,1,1,1,1,1,1,1,1,1,1,1,1
NHTSA_INA_0190,RKGRScen,Inattention to the road ahead,NHTSA-derived,coarse,1,1,1,1,1,1,1,1,1,1,1,1
NHTSA_INA_0191,RKGRScen,Inattention to the road ahead,NHTSA-derived,coarse,1,1,1,1,1,1,1,1,1,1,1,1
NHTSA_INA_0192,RKGRScen,Inattention to the road ahead,NHTSA-derived,coarse,1,0,1,1,1,1,1,1,1,1,1,1
NHTSA_INA_0193,RKGRScen,Inattention to the road ahead,NHTSA-derived,coarse,1,1,1,1,1,1,1,1,1,1,1,1
NHTSA_INA_0194,RKGRScen,Inattention to the road ahead,NHTSA-derived,coarse,1,1,1,1,1,1,1,1,1,1,1,1
NHTSA_INA_0195,RKGRScen,Inattention to the road ahead,NHTSA-derived,coarse,1,1,1,1,1,1,1,1,1,1,1,1
NHTSA_INA_0196,RKGRScen,Inattention to the road ahead,NHTSA-derived,coarse,1,1,1,1,1,1,1,1,1,1,1,1
NHTSA_INA_0197,RKGRScen,Inattention to the road ahead,NHTSA-derived,coarse,1,1,1,1,1,1,1,1,1,1,1,1
NHTSA_INA_0198,RKGRScen,Inattention to the road ahead,NHTSA-derived,coarse,1,1,1,1,1,1,1,1,1,1,1,1
NHTSA_INA_0199,RKGRScen,Inattention to the road ahead,NHTSA-derived,coarse,1,1,1,1,1,1,1,1,1,1,1,1
NHTSA_INA_0200,RKGRScen,Inattention to the road ahead,NHTSA-derived,coarse,1,1,1,1,1,1,1,1,1,1,1,1
NHTSA_INA_0201,RKGRScen,Inattention to the road ahead,NHTSA-derived,coarse,1,0,1,1,1,0,1,1,1,1,0,0.8
NHTSA_INA_0202,RKGRScen,Inattention to the road ahead,NHTSA-derived,coarse,1,1,1,1,1,1,1,1,1,1,1,1
NHTSA_INA_0203,RKGRScen,Inattention to the road ahead,NHTSA-derived,coarse,1,1,1,1,1,1,1,1,1,1,1,1
NHTSA_INA_0204,RKGRScen,Inattention to the road ahead,NHTSA-derived,coarse,1,1,1,1,1,1,1,1,1,1,1,1
NHTSA_INA_0205,RKGRScen,Inattention to the road ahead,NHTSA-derived,coarse,1,1,1,1,1,1,1,1,1,1,1,1
NHTSA_INA_0206,RKGRScen,Inattention to the road ahead,NHTSA-derived,coarse,1,1,1,1,1,1,1,1,1,1,1,1
NHTSA_INA_0207,RKGRScen,Inattention to the road ahead,NHTSA-derived,coarse,1,0,1,1,1,0,1,1,1,1,0,0.8
NHTSA_INA_0208,RKGRScen,Inattention to the road ahead,NHTSA-derived,coarse,1,1,1,1,1,1,1,1,1,1,1,1
NHTSA_INA_0209,RKGRScen,Inattention to the road ahead,NHTSA-derived,coarse,1,1,1,1,1,1,1,1,1,1,1,1
NHTSA_INA_0210,RKGRScen,Inattention to the road ahead,NHTSA-derived,coarse,1,0,1,1,1,0,1,1,1,1,0,0.8
NHTSA_INA_0211,RKGRScen,Inattention to the road ahead,NHTSA-derived,coarse,1,0,1,1,1,1,1,1,1,1,1,1
NHTSA_INA_0212,RKGRScen,Inattention to the road ahead,NHTSA-derived,coarse,1,1,0,1,1,0,1,1,1,1,0,0.8
NHTSA_INA_0213,RKGRScen,Inattention to the road ahead,NHTSA-derived,coarse,1,1,1,1,1,1,1,1,1,1,1,1
NHTSA_INA_0214,RKGRScen,Inattention to the road ahead,NHTSA-derived,coarse,1,0,1,1,1,0,1,1,1,1,0,0.8
NHTSA_INA_0215,RKGRScen,Inattention to the road ahead,NHTSA-derived,coarse,1,1,1,1,1,1,1,1,1,1,1,1
NHTSA_INA_0216,RKGRScen,Inattention to the road ahead,NHTSA-derived,coarse,1,1,1,1,1,1,1,1,1,1,1,1
NHTSA_INA_0217,RKGRScen,Inattention to the road ahead,NHTSA-derived,coarse,1,0,1,1,1,0,1,1,1,1,0,0.8
NHTSA_INA_0218,RKGRScen,Inattention to the road ahead,NHTSA-derived,coarse,1,1,1,1,1,1,1,1,1,1,1,1
NHTSA_INA_0219,RKGRScen,Inattention to the road ahead,NHTSA-derived,coarse,1,1,0,1,1,0,1,1,1,1,0,0.8
NHTSA_INA_0220,RKGRScen,Inattention to the road ahead,NHTSA-derived,coarse,1,1,1,1,1,1,1,1,1,1,1,1
NHTSA_INA_0221,RKGRScen,Inattention to the road ahead,NHTSA-derived,coarse,1,1,1,1,1,1,1,1,1,1,1,1
NHTSA_INA_0222,RKGRScen,Inattention to the road ahead,NHTSA-derived,coarse,1,1,1,1,1,1,1,1,1,1,1,1
NHTSA_INA_0223,RKGRScen,Inattention to the road ahead,NHTSA-derived,coarse,1,1,1,1,1,1,1,1,1,1,1,1
NHTSA_INA_0224,RKGRScen,Inattention to the road ahead,NHTSA-derived,coarse,1,1,1,1,1,1,1,1,1,1,1,1
NHTSA_INA_0225,RKGRScen,Inattention to the road ahead,NHTSA-derived,coarse,1,1,1,1,1,1,1,1,1,1,1,1
NHTSA_INA_0226,RKGRScen,Inattention to the road ahead,NHTSA-derived,coarse,1,1,1,1,1,1,1,1,1,1,1,1
NHTSA_INA_0227,RKGRScen,Inattention to the road ahead,NHTSA-derived,coarse,1,1,1,1,1,1,1,1,1,1,1,1
NHTSA_INA_0228,RKGRScen,Inattention to the road ahead,NHTSA-derived,coarse,1,1,1,1,1,1,1,1,1,1,1,1
NHTSA_INA_0229,RKGRScen,Inattention to the road ahead,NHTSA-derived,coarse,1,1,1,1,1,1,1,1,1,1,1,1
NHTSA_INA_0230,RKGRScen,Inattention to the road ahead,NHTSA-derived,coarse,1,1,1,1,1,1,1,1,1,1,1,1
NHTSA_INA_0231,RKGRScen,Inattention to the road ahead,NHTSA-derived,coarse,1,1,1,1,1,1,1,1,1,1,1,1
NHTSA_INA_0232,RKGRScen,Inattention to the road ahead,NHTSA-derived,coarse,1,1,1,1,1,1,1,1,1,1,1,1
NHTSA_INA_0233,RKGRScen,Inattention to the road ahead,NHTSA-derived,coarse,1,1,1,1,1,1,1,1,1,1,1,1
NHTSA_INA_0234,RKGRScen,Inattention to the road ahead,NHTSA-derived,coarse,1,0,1,1,1,0,1,1,1,1,0,0.8
NHTSA_INA_0235,RKGRScen,Inattention to the road ahead,NHTSA-derived,coarse,1,1,1,1,1,1,1,1,1,1,1,1
NHTSA_INA_0236,RKGRScen,Inattention to the road ahead,NHTSA-derived,coarse,1,1,0,1,1,0,1,1,1,1,0,0.8
NHTSA_INA_0237,RKGRScen,Inattention to the road ahead,NHTSA-derived,coarse,1,1,1,1,1,1,1,1,1,1,1,1
NHTSA_INA_0238,RKGRScen,Inattention to the road ahead,NHTSA-derived,coarse,1,1,1,1,1,1,1,1,1,1,1,1
NHTSA_INA_0239,RKGRScen,Inattention to the road ahead,NHTSA-derived,coarse,1,1,1,1,1,1,1,1,1,1,1,1
NHTSA_INA_0240,RKGRScen,Inattention to the road ahead,NHTSA-derived,coarse,1,1,1,1,1,1,1,1,1,1,1,1
NHTSA_INA_0241,RKGRScen,Inattention to the road ahead,NHTSA-derived,coarse,1,1,1,1,1,1,1,1,1,1,1,1
NHTSA_INA_0242,RKGRScen,Inattention to the road ahead,NHTSA-derived,coarse,1,1,1,1,1,1,1,1,1,1,1,1
NHTSA_INA_0243,RKGRScen,Inattention to the road ahead,NHTSA-derived,coarse,1,0,1,1,1,1,1,1,1,1,1,1
NHTSA_INA_0244,RKGRScen,Inattention to the road ahead,NHTSA-derived,coarse,1,1,1,1,1,1,1,1,1,1,1,1
NHTSA_INA_0245,RKGRScen,Inattention to the road ahead,NHTSA-derived,coarse,1,1,1,1,1,1,1,1,1,1,1,1
NHTSA_INA_0246,RKGRScen,Inattention to the road ahead,NHTSA-derived,coarse,1,0,1,1,1,0,1,1,1,1,0,0.8
NHTSA_INA_0247,RKGRScen,Inattention to the road ahead,NHTSA-derived,coarse,1,1,1,1,1,1,1,1,1,1,1,1
NHTSA_INA_0248,RKGRScen,Inattention to the road ahead,NHTSA-derived,coarse,1,1,1,1,1,1,1,1,1,1,1,1
NHTSA_INA_0249,RKGRScen,Inattention to the road ahead,NHTSA-derived,coarse,1,1,1,1,1,1,1,1,1,1,1,1
NHTSA_INA_0250,RKGRScen,Inattention to the road ahead,NHTSA-derived,coarse,1,1,1,1,1,1,1,1,1,1,1,1
NHTSA_INA_0251,RKGRScen,Inattention to the road ahead,NHTSA-derived,coarse,1,1,1,1,1,1,1,1,1,1,1,1
NHTSA_INA_0252,RKGRScen,Inattention to the road ahead,NHTSA-derived,coarse,1,1,1,1,1,1,1,1,1,1,1,1
NHTSA_INA_0253,RKGRScen,Inattention to the road ahead,NHTSA-derived,coarse,1,1,1,1,1,1,1,1,1,1,1,1
NHTSA_INA_0254,RKGRScen,Inattention to the road ahead,NHTSA-derived,coarse,1,1,1,1,1,1,1,1,1,1,1,1
NHTSA_INA_0255,RKGRScen,Inattention to the road ahead,NHTSA-derived,coarse,1,1,1,1,1,1,1,1,1,1,1,1
NHTSA_INA_0256,RKGRScen,Inattention to the road ahead,NHTSA-derived,coarse,1,1,1,1,1,1,1,1,1,1,1,1
NHTSA_INA_0257,RKGRScen,Inattention to the road ahead,NHTSA-derived,coarse,1,1,1,1,1,1,1,1,1,1,1,1
NHTSA_INA_0258,RKGRScen,Inattention to the road ahead,NHTSA-derived,coarse,1,1,1,1,1,1,1,1,1,1,1,1
NHTSA_INA_0259,RKGRScen,Inattention to the road ahead,NHTSA-derived,coarse,1,1,1,1,1,1,1,1,1,1,1,1
NHTSA_INA_0260,RKGRScen,Inattention to the road ahead,NHTSA-derived,coarse,1,1,1,1,1,1,1,1,1,1,1,1
NHTSA_INA_0261,RKGRScen,Inattention to the road ahead,NHTSA-derived,coarse,1,1,1,1,1,1,1,1,1,1,1,1
NHTSA_INA_0262,RKGRScen,Inattention to the road ahead,NHTSA-derived,coarse,1,1,1,1,1,1,1,1,1,1,1,1
NHTSA_INA_0263,RKGRScen,Inattention to the road ahead,NHTSA-derived,coarse,1,1,1,1,1,1,1,1,1,1,1,1
NHTSA_INA_0264,RKGRScen,Inattention to the road ahead,NHTSA-derived,coarse,1,1,1,1,1,1,1,1,1,1,1,1
NHTSA_INA_0265,RKGRScen,Inattention to the road ahead,NHTSA-derived,coarse,0,0,1,,,,,,,,,
NHTSA_INA_0266,RKGRScen,Inattention to the road ahead,NHTSA-derived,coarse,1,1,1,1,1,1,1,1,1,1,1,1
NHTSA_INA_0267,RKGRScen,Inattention to the road ahead,NHTSA-derived,coarse,1,1,1,1,1,1,1,1,1,1,1,1
NHTSA_INA_0268,RKGRScen,Inattention to the road ahead,NHTSA-derived,coarse,1,1,1,1,1,1,1,1,1,1,1,1
NHTSA_INA_0269,RKGRScen,Inattention to the road ahead,NHTSA-derived,coarse,1,1,1,1,1,1,1,1,1,1,1,1
NHTSA_INA_0270,RKGRScen,Inattention to the road ahead,NHTSA-derived,coarse,1,1,1,1,1,1,1,1,1,1,1,1
NHTSA_INA_0271,RKGRScen,Inattention to the road ahead,NHTSA-derived,coarse,1,0,1,1,1,0,1,1,1,1,0,0.8
NHTSA_INA_0272,RKGRScen,Inattention to the road ahead,NHTSA-derived,coarse,1,0,1,1,1,1,1,1,1,1,1,1
NHTSA_INA_0273,RKGRScen,Inattention to the road ahead,NHTSA-derived,coarse,0,0,1,,,,,,,,,
NHTSA_INA_0274,RKGRScen,Inattention to the road ahead,NHTSA-derived,coarse,1,0,1,1,1,0,1,1,1,1,0,0.8
NHTSA_INA_0275,RKGRScen,Inattention to the road ahead,NHTSA-derived,coarse,1,1,1,1,1,1,1,1,1,1,1,1
NHTSA_INA_0276,RKGRScen,Inattention to the road ahead,NHTSA-derived,coarse,1,1,1,1,1,1,1,1,1,1,1,1
NHTSA_INA_0277,RKGRScen,Inattention to the road ahead,NHTSA-derived,coarse,1,1,1,1,1,1,1,1,1,1,1,1
NHTSA_INA_0278,RKGRScen,Inattention to the road ahead,NHTSA-derived,coarse,1,1,1,1,1,1,1,1,1,1,1,1
NHTSA_INA_0279,RKGRScen,Inattention to the road ahead,NHTSA-derived,coarse,1,1,1,1,1,1,1,1,1,1,1,1
NHTSA_INA_0280,RKGRScen,Inattention to the road ahead,NHTSA-derived,coarse,1,1,1,1,1,1,1,1,1,1,1,1
NHTSA_INA_0281,RKGRScen,Inattention to the road ahead,NHTSA-derived,coarse,1,1,1,1,1,1,1,1,1,1,1,1
NHTSA_INA_0282,RKGRScen,Inattention to the road ahead,NHTSA-derived,coarse,1,1,1,1,1,1,1,1,1,1,1,1
NHTSA_INA_0283,RKGRScen,Inattention to the road ahead,NHTSA-derived,coarse,1,1,1,1,1,1,1,1,1,1,1,1
NHTSA_INA_0284,RKGRScen,Inattention to the road ahead,NHTSA-derived,coarse,1,1,1,1,1,1,1,1,1,1,1,1
NHTSA_INA_0285,RKGRScen,Inattention to the road ahead,NHTSA-derived,coarse,1,1,1,1,1,1,1,1,1,1,1,1
NHTSA_INA_0286,RKGRScen,Inattention to the road ahead,NHTSA-derived,coarse,1,0,1,1,1,1,1,1,1,1,1,1
NHTSA_INA_0287,RKGRScen,Inattention to the road ahead,NHTSA-derived,coarse,1,0,1,1,1,1,1,1,1,1,1,1
NHTSA_INA_0288,RKGRScen,Inattention to the road ahead,NHTSA-derived,coarse,1,0,1,1,1,0,1,1,1,1,0,0.8
NHTSA_INA_0289,RKGRScen,Inattention to the road ahead,NHTSA-derived,coarse,1,0,1,1,1,1,1,1,1,1,1,1
NHTSA_INA_0290,RKGRScen,Inattention to the road ahead,NHTSA-derived,coarse,1,1,1,1,1,1,1,1,1,1,1,1
NHTSA_INA_0291,RKGRScen,Inattention to the road ahead,NHTSA-derived,coarse,1,1,1,1,1,1,1,1,1,1,1,1
NHTSA_INA_0292,RKGRScen,Inattention to the road ahead,NHTSA-derived,coarse,1,1,1,1,1,1,1,1,1,1,1,1
NHTSA_INA_0293,RKGRScen,Inattention to the road ahead,NHTSA-derived,coarse,1,1,1,1,1,1,1,1,1,1,1,1
NHTSA_INA_0294,RKGRScen,Inattention to the road ahead,NHTSA-derived,coarse,1,1,1,1,1,1,1,1,1,1,1,1
NHTSA_INA_0295,RKGRScen,Inattention to the road ahead,NHTSA-derived,coarse,1,1,1,1,1,1,1,1,1,1,1,1
NHTSA_INA_0296,RKGRScen,Inattention to the road ahead,NHTSA-derived,coarse,1,1,1,1,1,1,1,1,1,1,1,1
NHTSA_INA_0297,RKGRScen,Inattention to the road ahead,NHTSA-derived,coarse,1,1,1,1,1,1,1,1,1,1,1,1
NHTSA_INA_0298,RKGRScen,Inattention to the road ahead,NHTSA-derived,coarse,1,1,0,1,1,0,1,1,1,1,0,0.8
NHTSA_INA_0299,RKGRScen,Inattention to the road ahead,NHTSA-derived,coarse,1,1,1,1,1,1,1,1,1,1,1,1
NHTSA_INA_0300,RKGRScen,Inattention to the road ahead,NHTSA-derived,coarse,1,1,1,1,1,1,1,1,1,1,1,1
NHTSA_INA_0301,RKGRScen,Inattention to the road ahead,NHTSA-derived,coarse,1,1,1,1,1,1,1,1,1,1,1,1
NHTSA_INA_0302,RKGRScen,Inattention to the road ahead,NHTSA-derived,coarse,1,1,0,1,1,0,1,1,1,1,0,0.8
NHTSA_INA_0303,RKGRScen,Inattention to the road ahead,NHTSA-derived,coarse,1,1,1,1,1,1,1,1,1,1,1,1
NHTSA_INA_0304,RKGRScen,Inattention to the road ahead,NHTSA-derived,coarse,1,1,1,1,1,1,1,1,1,1,1,1
NHTSA_INA_0305,RKGRScen,Inattention to the road ahead,NHTSA-derived,coarse,1,1,1,1,1,1,1,1,1,1,1,1
NHTSA_INA_0306,RKGRScen,Inattention to the road ahead,NHTSA-derived,coarse,1,0,1,1,1,1,1,1,1,1,1,1
NHTSA_INA_0307,RKGRScen,Inattention to the road ahead,NHTSA-derived,coarse,1,1,1,1,1,1,1,1,1,1,1,1
NHTSA_INA_0308,RKGRScen,Inattention to the road ahead,NHTSA-derived,coarse,1,1,1,1,1,1,1,1,1,1,1,1
NHTSA_INA_0309,RKGRScen,Inattention to the road ahead,NHTSA-derived,coarse,1,1,1,1,1,1,1,1,1,1,1,1
NHTSA_INA_0310,RKGRScen,Inattention to the road ahead,NHTSA-derived,coarse,1,1,1,1,1,1,1,1,1,1,1,1
NHTSA_INA_0311,RKGRScen,Inattention to the road ahead,NHTSA-derived,coarse,1,1,1,1,1,1,1,1,1,1,1,1
NHTSA_INA_0312,RKGRScen,Inattention to the road ahead,NHTSA-derived,coarse,1,1,1,1,1,1,1,1,1,1,1,1
NHTSA_INA_0313,RKGRScen,Inattention to the road ahead,NHTSA-derived,coarse,1,1,1,1,1,1,1,1,1,1,1,1
NHTSA_INA_0314,RKGRScen,Inattention to the road ahead,NHTSA-derived,coarse,1,1,1,1,1,1,1,1,1,1,1,1
NHTSA_INA_0315,RKGRScen,Inattention to the road ahead,NHTSA-derived,coarse,1,0,1,1,1,0,1,1,1,1,0,0.8
NHTSA_INA_0316,RKGRScen,Inattention to the road ahead,NHTSA-derived,coarse,1,1,1,1,1,1,1,1,1,1,1,1
NHTSA_INA_0317,RKGRScen,Inattention to the road ahead,NHTSA-derived,coarse,1,1,0,1,1,0,1,1,1,1,0,0.8
NHTSA_INA_0318,RKGRScen,Inattention to the road ahead,NHTSA-derived,coarse,0,0,1,,,,,,,,,
NHTSA_INA_0319,RKGRScen,Inattention to the road ahead,NHTSA-derived,coarse,1,1,1,1,1,1,1,1,1,1,1,1
NHTSA_INA_0320,RKGRScen,Inattention to the road ahead,NHTSA-derived,coarse,1,0,1,1,1,1,1,1,1,1,1,1
NHTSA_INA_0321,RKGRScen,Inattention to the road ahead,NHTSA-derived,coarse,1,1,1,1,1,1,1,1,1,1,1,1
NHTSA_INA_0322,RKGRScen,Inattention to the road ahead,NHTSA-derived,coarse,1,1,1,1,1,1,1,1,1,1,1,1
NHTSA_INA_0323,RKGRScen,Inattention to the road ahead,NHTSA-derived,coarse,1,1,1,1,1,1,1,1,1,1,1,1
NHTSA_INA_0324,RKGRScen,Inattention to the road ahead,NHTSA-derived,coarse,1,1,1,1,1,1,1,1,1,1,1,1
NHTSA_INA_0325,RKGRScen,Inattention to the road ahead,NHTSA-derived,coarse,1,1,1,1,1,1,1,1,1,1,1,1
NHTSA_INA_0326,RKGRScen,Inattention to the road ahead,NHTSA-derived,coarse,1,1,1,1,1,1,1,1,1,1,1,1
NHTSA_INA_0327,RKGRScen,Inattention to the road ahead,NHTSA-derived,coarse,1,1,1,1,1,1,1,1,1,1,1,1
NHTSA_INA_0328,RKGRScen,Inattention to the road ahead,NHTSA-derived,coarse,1,1,1,1,1,1,1,1,1,1,1,1
NHTSA_INA_0329,RKGRScen,Inattention to the road ahead,NHTSA-derived,coarse,1,1,1,1,1,1,1,1,1,1,1,1
NHTSA_INA_0330,RKGRScen,Inattention to the road ahead,NHTSA-derived,coarse,1,1,1,1,1,1,1,1,1,1,1,1
NHTSA_INA_0331,RKGRScen,Inattention to the road ahead,NHTSA-derived,coarse,1,1,1,1,1,1,1,1,1,1,1,1
NHTSA_INA_0332,RKGRScen,Inattention to the road ahead,NHTSA-derived,coarse,1,1,1,1,1,1,1,1,1,1,1,1
NHTSA_INA_0333,RKGRScen,Inattention to the road ahead,NHTSA-derived,coarse,1,0,1,1,1,1,1,1,1,1,1,1
NHTSA_INA_0334,RKGRScen,Inattention to the road ahead,NHTSA-derived,coarse,1,0,1,1,1,0,1,1,1,1,0,0.8
NHTSA_INA_0335,RKGRScen,Inattention to the road ahead,NHTSA-derived,coarse,1,1,1,1,1,1,1,1,1,1,1,1
NHTSA_INA_0336,RKGRScen,Inattention to the road ahead,NHTSA-derived,coarse,1,1,1,1,1,1,1,1,1,1,1,1
NHTSA_INA_0337,RKGRScen,Inattention to the road ahead,NHTSA-derived,coarse,1,1,1,1,1,1,1,1,1,1,1,1
NHTSA_INA_0338,RKGRScen,Inattention to the road ahead,NHTSA-derived,coarse,1,1,0,1,1,0,1,1,1,1,0,0.8
NHTSA_INA_0339,RKGRScen,Inattention to the road ahead,NHTSA-derived,coarse,1,0,1,1,1,1,1,1,1,1,1,1
NHTSA_INA_0340,RKGRScen,Inattention to the road ahead,NHTSA-derived,coarse,1,0,1,1,1,0,1,1,1,1,0,0.8
NHTSA_INA_0341,RKGRScen,Inattention to the road ahead,NHTSA-derived,coarse,1,1,1,1,1,1,1,1,1,1,1,1
NHTSA_INA_0342,RKGRScen,Inattention to the road ahead,NHTSA-derived,coarse,1,1,1,1,1,1,1,1,1,1,1,1
NHTSA_INA_0343,RKGRScen,Inattention to the road ahead,NHTSA-derived,coarse,1,1,1,1,1,1,1,1,1,1,1,1
NHTSA_INA_0344,RKGRScen,Inattention to the road ahead,NHTSA-derived,coarse,1,1,1,1,1,1,1,1,1,1,1,1
NHTSA_INA_0345,RKGRScen,Inattention to the road ahead,NHTSA-derived,coarse,1,1,1,1,1,1,1,1,1,1,1,1
NHTSA_INA_0346,RKGRScen,Inattention to the road ahead,NHTSA-derived,coarse,1,1,1,1,1,1,1,1,1,1,1,1
NHTSA_INA_0347,RKGRScen,Inattention to the road ahead,NHTSA-derived,coarse,1,0,1,1,1,1,1,1,1,1,1,1
NHTSA_INA_0348,RKGRScen,Inattention to the road ahead,NHTSA-derived,coarse,1,0,1,1,1,1,1,1,1,1,1,1
NHTSA_INA_0349,RKGRScen,Inattention to the road ahead,NHTSA-derived,coarse,1,0,1,1,1,1,1,1,1,1,0,0.9600000000000001
NHTSA_INA_0350,RKGRScen,Inattention to the road ahead,NHTSA-derived,coarse,1,1,1,1,1,1,1,1,1,1,1,1
NHTSA_INA_0351,RKGRScen,Inattention to the road ahead,NHTSA-derived,coarse,1,0,1,1,1,0,1,1,1,1,0,0.8
NHTSA_INA_0352,RKGRScen,Inattention to the road ahead,NHTSA-derived,coarse,1,1,1,1,1,1,1,1,1,1,1,1
NHTSA_INA_0353,RKGRScen,Inattention to the road ahead,NHTSA-derived,coarse,1,1,1,1,1,1,1,1,1,1,1,1
NHTSA_INA_0354,RKGRScen,Inattention to the road ahead,NHTSA-derived,coarse,1,1,1,1,1,1,1,1,1,1,1,1
NHTSA_INA_0355,RKGRScen,Inattention to the road ahead,NHTSA-derived,coarse,0,0,1,,,,,,,,,
NHTSA_INA_0356,RKGRScen,Inattention to the road ahead,NHTSA-derived,coarse,1,1,1,1,1,1,1,1,1,1,1,1
NHTSA_INA_0357,RKGRScen,Inattention to the road ahead,NHTSA-derived,coarse,1,1,1,1,1,1,1,1,1,1,1,1
NHTSA_INA_0358,RKGRScen,Inattention to the road ahead,NHTSA-derived,coarse,1,1,1,1,1,1,1,1,1,1,1,1
NHTSA_INA_0359,RKGRScen,Inattention to the road ahead,NHTSA-derived,coarse,1,1,1,1,1,1,1,1,1,1,1,1
NHTSA_INA_0360,RKGRScen,Inattention to the road ahead,NHTSA-derived,coarse,1,0,1,1,1,1,1,1,1,1,1,1
NHTSA_INA_0361,RKGRScen,Inattention to the road ahead,NHTSA-derived,coarse,1,1,1,1,1,1,1,1,1,1,1,1
NHTSA_INA_0362,RKGRScen,Inattention to the road ahead,NHTSA-derived,coarse,1,1,1,1,1,1,1,1,1,1,1,1
NHTSA_INA_0363,RKGRScen,Inattention to the road ahead,NHTSA-derived,coarse,1,1,1,1,1,1,1,1,1,1,1,1
NHTSA_INA_0364,RKGRScen,Inattention to the road ahead,NHTSA-derived,coarse,1,1,1,1,1,1,1,1,1,1,1,1
NHTSA_INA_0365,RKGRScen,Inattention to the road ahead,NHTSA-derived,coarse,1,1,1,1,1,1,1,1,1,1,1,1
NHTSA_INA_0366,RKGRScen,Inattention to the road ahead,NHTSA-derived,coarse,1,1,1,1,1,1,1,1,1,1,1,1
NHTSA_INA_0367,RKGRScen,Inattention to the road ahead,NHTSA-derived,coarse,1,1,1,1,1,1,1,1,1,1,1,1
NHTSA_INA_0368,RKGRScen,Inattention to the road ahead,NHTSA-derived,coarse,1,1,1,1,1,1,1,1,1,1,1,1
NHTSA_INA_0369,RKGRScen,Inattention to the road ahead,NHTSA-derived,coarse,1,0,1,1,1,0,1,1,1,1,0,0.8
NHTSA_INA_0370,RKGRScen,Inattention to the road ahead,NHTSA-derived,coarse,1,1,1,1,1,1,1,1,1,1,1,1
NHTSA_INA_0371,RKGRScen,Inattention to the road ahead,NHTSA-derived,coarse,1,1,1,1,1,1,1,1,1,1,1,1
NHTSA_INA_0372,RKGRScen,Inattention to the road ahead,NHTSA-derived,coarse,1,0,1,1,1,1,1,1,1,1,1,1
NHTSA_INA_0373,RKGRScen,Inattention to the road ahead,NHTSA-derived,coarse,1,1,1,1,1,1,1,1,1,1,1,1
NHTSA_INA_0374,RKGRScen,Inattention to the road ahead,NHTSA-derived,coarse,1,0,1,1,1,1,1,1,1,1,1,1
NHTSA_INA_0375,RKGRScen,Inattention to the road ahead,NHTSA-derived,coarse,1,1,1,1,1,1,1,1,1,1,1,1
NHTSA_INA_0376,RKGRScen,Inattention to the road ahead,NHTSA-derived,coarse,1,1,1,1,1,1,1,1,1,1,1,1
NHTSA_INA_0377,RKGRScen,Inattention to the road ahead,NHTSA-derived,coarse,1,0,1,1,1,1,1,1,1,1,1,1
NHTSA_INA_0378,RKGRScen,Inattention to the road ahead,NHTSA-derived,coarse,1,1,1,1,1,1,1,1,1,1,1,1
NHTSA_INA_0379,RKGRScen,Inattention to the road ahead,NHTSA-derived,coarse,1,1,1,1,1,1,1,1,1,1,1,1
NHTSA_INA_0380,RKGRScen,Inattention to the road ahead,NHTSA-derived,coarse,1,1,1,1,1,1,1,1,1,1,1,1
NHTSA_INA_0381,RKGRScen,Inattention to the road ahead,NHTSA-derived,coarse,1,1,1,1,1,1,1,1,1,1,1,1
NHTSA_INA_0382,RKGRScen,Inattention to the road ahead,NHTSA-derived,coarse,1,1,1,1,1,1,1,1,1,1,1,1
NHTSA_INA_0383,RKGRScen,Inattention to the road ahead,NHTSA-derived,coarse,1,1,0,1,1,0,1,1,1,1,0,0.8
NHTSA_INA_0384,RKGRScen,Inattention to the road ahead,NHTSA-derived,coarse,1,1,1,1,1,1,1,1,1,1,1,1
NHTSA_INA_0385,RKGRScen,Inattention to the road ahead,NHTSA-derived,coarse,1,1,1,1,1,1,1,1,1,1,1,1
NHTSA_INA_0386,RKGRScen,Inattention to the road ahead,NHTSA-derived,coarse,1,1,1,1,1,1,1,1,1,1,1,1
NHTSA_INA_0387,RKGRScen,Inattention to the road ahead,NHTSA-derived,coarse,1,1,1,1,1,1,1,1,1,1,1,1
NHTSA_INA_0388,RKGRScen,Inattention to the road ahead,NHTSA-derived,coarse,1,1,1,1,1,1,1,1,1,1,1,1
NHTSA_INA_0389,RKGRScen,Inattention to the road ahead,NHTSA-derived,coarse,1,1,1,1,1,1,1,1,1,1,1,1
NHTSA_INA_0390,RKGRScen,Inattention to the road ahead,NHTSA-derived,coarse,1,1,1,1,1,1,1,1,1,1,1,1
NHTSA_INA_0391,RKGRScen,Inattention to the road ahead,NHTSA-derived,coarse,1,1,1,1,1,1,1,1,1,1,1,1
NHTSA_INA_0392,RKGRScen,Inattention to the road ahead,NHTSA-derived,coarse,1,1,1,1,1,1,1,1,1,1,1,1
NHTSA_INA_0393,RKGRScen,Inattention to the road ahead,NHTSA-derived,coarse,1,1,1,1,1,1,1,1,1,1,1,1
NHTSA_INA_0394,RKGRScen,Inattention to the road ahead,NHTSA-derived,coarse,1,1,1,1,1,1,1,1,1,1,1,1
NHTSA_INA_0395,RKGRScen,Inattention to the road ahead,NHTSA-derived,coarse,1,1,1,1,1,1,1,1,1,1,1,1
NHTSA_INA_0396,RKGRScen,Inattention to the road ahead,NHTSA-derived,coarse,1,1,1,1,1,1,1,1,1,1,1,1
NHTSA_INA_0397,RKGRScen,Inattention to the road ahead,NHTSA-derived,coarse,1,1,1,1,1,1,1,1,1,1,1,1
NHTSA_INA_0398,RKGRScen,Inattention to the road ahead,NHTSA-derived,coarse,1,1,1,1,1,1,1,1,1,1,1,1
NHTSA_INA_0399,RKGRScen,Inattention to the road ahead,NHTSA-derived,coarse,1,1,1,1,1,1,1,1,1,1,1,1
NHTSA_INA_0400,RKGRScen,Inattention to the road ahead,NHTSA-derived,coarse,1,1,1,1,1,1,1,1,1,1,1,1
NHTSA_INA_0401,RKGRScen,Inattention to the road ahead,NHTSA-derived,coarse,1,0,1,1,1,0,1,1,1,1,0,0.8
NHTSA_INA_0402,RKGRScen,Inattention to the road ahead,NHTSA-derived,coarse,1,0,1,1,1,1,1,1,1,1,1,1
NHTSA_INA_0403,RKGRScen,Inattention to the road ahead,NHTSA-derived,coarse,1,1,1,1,1,1,1,1,1,1,1,1
NHTSA_INA_0404,RKGRScen,Inattention to the road ahead,NHTSA-derived,coarse,1,0,1,1,1,1,1,1,1,1,1,1
NHTSA_INA_0405,RKGRScen,Inattention to the road ahead,NHTSA-derived,coarse,1,1,1,1,1,1,1,1,1,1,1,1
NHTSA_INA_0406,RKGRScen,Inattention to the road ahead,NHTSA-derived,coarse,1,1,1,1,1,1,1,1,1,1,1,1
NHTSA_INA_0407,RKGRScen,Inattention to the road ahead,NHTSA-derived,coarse,1,1,1,1,1,1,1,1,1,1,1,1
NHTSA_INA_0408,RKGRScen,Inattention to the road ahead,NHTSA-derived,coarse,1,0,1,1,1,1,1,1,1,1,1,1
NHTSA_INA_0409,RKGRScen,Inattention to the road ahead,NHTSA-derived,coarse,1,1,1,1,1,1,1,1,1,1,1,1
NHTSA_INA_0410,RKGRScen,Inattention to the road ahead,NHTSA-derived,coarse,1,1,1,1,1,1,1,1,1,1,1,1
NHTSA_INA_0411,RKGRScen,Inattention to the road ahead,NHTSA-derived,coarse,1,1,1,1,1,1,1,1,1,1,1,1
NHTSA_INA_0412,RKGRScen,Inattention to the road ahead,NHTSA-derived,coarse,1,0,1,1,1,0,1,1,1,1,0,0.8
NHTSA_INA_0413,RKGRScen,Inattention to the road ahead,NHTSA-derived,coarse,1,1,1,1,1,1,1,1,1,1,1,1
NHTSA_INA_0414,RKGRScen,Inattention to the road ahead,NHTSA-derived,coarse,1,0,1,1,1,0,1,1,1,1,0,0.8
NHTSA_INA_0415,RKGRScen,Inattention to the road ahead,NHTSA-derived,coarse,1,1,1,1,1,1,1,1,1,1,1,1
NHTSA_INA_0416,RKGRScen,Inattention to the road ahead,NHTSA-derived,coarse,1,1,1,1,1,1,1,1,1,1,1,1
NHTSA_INA_0417,RKGRScen,Inattention to the road ahead,NHTSA-derived,coarse,1,1,1,1,1,1,1,1,1,1,1,1
NHTSA_INA_0418,RKGRScen,Inattention to the road ahead,NHTSA-derived,coarse,1,1,1,1,1,1,1,1,1,1,1,1
NHTSA_INA_0419,RKGRScen,Inattention to the road ahead,NHTSA-derived,coarse,1,1,1,1,1,1,1,1,1,1,1,1
NHTSA_INA_0420,RKGRScen,Inattention to the road ahead,NHTSA-derived,coarse,1,1,1,1,1,1,1,1,1,1,1,1
NHTSA_INA_0421,RKGRScen,Inattention to the road ahead,NHTSA-derived,coarse,1,1,1,1,1,1,1,1,1,1,1,1
NHTSA_INA_0422,RKGRScen,Inattention to the road ahead,NHTSA-derived,coarse,1,0,1,1,1,0,1,1,1,1,0,0.8
NHTSA_INA_0423,RKGRScen,Inattention to the road ahead,NHTSA-derived,coarse,1,1,0,1,1,0,1,1,1,1,0,0.8
NHTSA_INA_0424,RKGRScen,Inattention to the road ahead,NHTSA-derived,coarse,1,1,1,1,1,1,1,1,1,1,1,1
NHTSA_INA_0425,RKGRScen,Inattention to the road ahead,NHTSA-derived,coarse,1,1,1,1,1,1,1,1,1,1,1,1
NHTSA_INA_0426,RKGRScen,Inattention to the road ahead,NHTSA-derived,coarse,1,1,1,1,1,1,1,1,1,1,1,1
NHTSA_INA_0427,RKGRScen,Inattention to the road ahead,NHTSA-derived,coarse,1,1,1,1,1,1,1,1,1,1,1,1
NHTSA_INA_0428,RKGRScen,Inattention to the road ahead,NHTSA-derived,coarse,1,1,1,1,1,1,1,1,1,1,1,1
NHTSA_INA_0429,RKGRScen,Inattention to the road ahead,NHTSA-derived,coarse,1,1,1,1,1,1,1,1,1,1,1,1
NHTSA_INA_0430,RKGRScen,Inattention to the road ahead,NHTSA-derived,coarse,1,1,1,1,1,1,1,1,1,1,1,1
NHTSA_INA_0431,RKGRScen,Inattention to the road ahead,NHTSA-derived,coarse,1,1,1,1,1,1,1,1,1,1,1,1
NHTSA_INA_0432,RKGRScen,Inattention to the road ahead,NHTSA-derived,coarse,1,1,1,1,1,1,1,1,1,1,1,1
NHTSA_INA_0433,RKGRScen,Inattention to the road ahead,NHTSA-derived,coarse,0,0,1,,,,,,,,,
NHTSA_INA_0434,RKGRScen,Inattention to the road ahead,NHTSA-derived,coarse,1,1,1,1,1,1,1,1,1,1,1,1
NHTSA_INA_0435,RKGRScen,Inattention to the road ahead,NHTSA-derived,coarse,1,1,1,1,1,1,1,1,1,1,1,1
NHTSA_INA_0436,RKGRScen,Inattention to the road ahead,NHTSA-derived,coarse,1,1,1,1,1,1,1,1,1,1,1,1
NHTSA_INA_0437,RKGRScen,Inattention to the road ahead,NHTSA-derived,coarse,1,1,1,1,1,1,1,1,1,1,1,1
NHTSA_INA_0438,RKGRScen,Inattention to the road ahead,NHTSA-derived,coarse,1,1,1,1,1,1,1,1,1,1,1,1
NHTSA_INA_0439,RKGRScen,Inattention to the road ahead,NHTSA-derived,coarse,1,1,1,1,1,1,1,1,1,1,1,1
NHTSA_INA_0440,RKGRScen,Inattention to the road ahead,NHTSA-derived,coarse,1,0,1,1,1,1,1,1,1,1,1,1
NHTSA_INA_0441,RKGRScen,Inattention to the road ahead,NHTSA-derived,coarse,1,1,1,1,1,1,1,1,1,1,1,1
NHTSA_INA_0442,RKGRScen,Inattention to the road ahead,NHTSA-derived,coarse,1,1,1,1,1,1,1,1,1,1,1,1
NHTSA_INA_0443,RKGRScen,Inattention to the road ahead,NHTSA-derived,coarse,1,0,0,1,1,0,1,1,1,1,0,0.8
NHTSA_INA_0444,RKGRScen,Inattention to the road ahead,NHTSA-derived,coarse,0,0,1,,,,,,,,,
NHTSA_INA_0445,RKGRScen,Inattention to the road ahead,NHTSA-derived,coarse,1,1,1,1,1,1,1,1,1,1,1,1
NHTSA_INA_0446,RKGRScen,Inattention to the road ahead,NHTSA-derived,coarse,1,1,1,1,1,1,1,1,1,1,1,1
NHTSA_INA_0447,RKGRScen,Inattention to the road ahead,NHTSA-derived,coarse,1,1,1,1,1,1,1,1,1,1,1,1
NHTSA_INA_0448,RKGRScen,Inattention to the road ahead,NHTSA-derived,coarse,1,1,1,1,1,1,1,1,1,1,1,1
NHTSA_INA_0449,RKGRScen,Inattention to the road ahead,NHTSA-derived,coarse,1,1,1,1,1,1,1,1,1,1,1,1
NHTSA_INA_0450,RKGRScen,Inattention to the road ahead,NHTSA-derived,coarse,1,1,1,1,1,1,1,1,1,1,1,1
NHTSA_INA_0451,RKGRScen,Inattention to the road ahead,NHTSA-derived,coarse,1,1,1,1,1,1,1,1,1,1,1,1
NHTSA_INA_0452,RKGRScen,Inattention to the road ahead,NHTSA-derived,coarse,1,1,1,1,1,1,1,1,1,1,1,1
NHTSA_INA_0453,RKGRScen,Inattention to the road ahead,NHTSA-derived,coarse,1,1,1,1,1,1,1,1,1,1,1,1
NHTSA_INA_0454,RKGRScen,Inattention to the road ahead,NHTSA-derived,coarse,1,1,1,1,1,1,1,1,1,1,1,1
NHTSA_INA_0455,RKGRScen,Inattention to the road ahead,NHTSA-derived,coarse,1,0,1,1,1,0,1,1,1,1,0,0.8
NHTSA_INA_0456,RKGRScen,Inattention to the road ahead,NHTSA-derived,coarse,1,1,1,1,1,1,1,1,1,1,1,1
NHTSA_INA_0457,RKGRScen,Inattention to the road ahead,NHTSA-derived,coarse,1,1,1,1,1,1,1,1,1,1,1,1
NHTSA_INA_0458,RKGRScen,Inattention to the road ahead,NHTSA-derived,coarse,1,1,1,1,1,1,1,1,1,1,1,1
NHTSA_INA_0459,RKGRScen,Inattention to the road ahead,NHTSA-derived,coarse,1,1,1,1,1,1,1,1,1,1,1,1
NHTSA_INA_0460,RKGRScen,Inattention to the road ahead,NHTSA-derived,coarse,1,1,1,1,1,1,1,1,1,1,1,1
NHTSA_INA_0461,RKGRScen,Inattention to the road ahead,NHTSA-derived,coarse,1,1,1,1,1,1,1,1,1,1,1,1
NHTSA_INA_0462,RKGRScen,Inattention to the road ahead,NHTSA-derived,coarse,1,0,1,1,1,0,1,1,1,1,0,0.8
NHTSA_INA_0463,RKGRScen,Inattention to the road ahead,NHTSA-derived,coarse,1,1,1,1,1,1,1,1,1,1,1,1
NHTSA_INA_0464,RKGRScen,Inattention to the road ahead,NHTSA-derived,coarse,0,0,1,,,,,,,,,
NHTSA_INA_0465,RKGRScen,Inattention to the road ahead,NHTSA-derived,coarse,1,1,1,1,1,1,1,1,1,1,1,1
NHTSA_INA_0466,RKGRScen,Inattention to the road ahead,NHTSA-derived,coarse,1,1,1,1,1,1,1,1,1,1,1,1
NHTSA_INA_0467,RKGRScen,Inattention to the road ahead,NHTSA-derived,coarse,1,1,1,1,1,1,1,1,1,1,1,1
NHTSA_INA_0468,RKGRScen,Inattention to the road ahead,NHTSA-derived,coarse,1,1,1,1,1,1,1,1,1,1,1,1
NHTSA_INA_0469,RKGRScen,Inattention to the road ahead,NHTSA-derived,coarse,0,0,1,,,,,,,,,
NHTSA_INA_0470,RKGRScen,Inattention to the road ahead,NHTSA-derived,coarse,1,1,1,1,1,1,1,1,1,1,1,1
NHTSA_INA_0471,RKGRScen,Inattention to the road ahead,NHTSA-derived,coarse,1,1,1,1,1,1,1,1,1,1,1,1
NHTSA_INA_0472,RKGRScen,Inattention to the road ahead,NHTSA-derived,coarse,1,1,1,1,1,1,1,1,1,1,1,1
NHTSA_INA_0473,RKGRScen,Inattention to the road ahead,NHTSA-derived,coarse,1,1,1,1,1,1,1,1,1,1,1,1
NHTSA_INA_0474,RKGRScen,Inattention to the road ahead,NHTSA-derived,coarse,1,1,1,1,1,1,1,1,1,1,1,1
NHTSA_INA_0475,RKGRScen,Inattention to the road ahead,NHTSA-derived,coarse,1,1,1,1,1,1,1,1,1,1,1,1
NHTSA_INA_0476,RKGRScen,Inattention to the road ahead,NHTSA-derived,coarse,0,0,1,,,,,,,,,
NHTSA_INA_0477,RKGRScen,Inattention to the road ahead,NHTSA-derived,coarse,1,1,1,1,1,1,1,1,1,1,1,1
NHTSA_INA_0478,RKGRScen,Inattention to the road ahead,NHTSA-derived,coarse,1,1,1,1,1,1,1,1,1,1,1,1
NHTSA_INA_0479,RKGRScen,Inattention to the road ahead,NHTSA-derived,coarse,1,1,1,1,1,1,1,1,1,1,1,1
NHTSA_INA_0480,RKGRScen,Inattention to the road ahead,NHTSA-derived,coarse,0,0,1,,,,,,,,,
NHTSA_INA_0481,RKGRScen,Inattention to the road ahead,NHTSA-derived,coarse,1,1,1,1,1,1,1,1,1,1,1,1
NHTSA_INA_0482,RKGRScen,Inattention to the road ahead,NHTSA-derived,coarse,1,0,1,1,1,0,1,1,1,1,0,0.8
NHTSA_INA_0483,RKGRScen,Inattention to the road ahead,NHTSA-derived,coarse,1,1,1,1,1,1,1,1,1,1,1,1
NHTSA_INA_0484,RKGRScen,Inattention to the road ahead,NHTSA-derived,coarse,1,1,1,1,1,1,1,1,1,1,1,1
NHTSA_INA_0485,RKGRScen,Inattention to the road ahead,NHTSA-derived,coarse,1,0,1,1,1,0,1,1,1,1,0,0.8
NHTSA_INA_0486,RKGRScen,Inattention to the road ahead,NHTSA-derived,coarse,1,1,1,1,1,1,1,1,1,1,1,1
NHTSA_INA_0487,RKGRScen,Inattention to the road ahead,NHTSA-derived,coarse,1,0,0,1,1,0,1,1,1,1,0,0.8
NHTSA_INA_0488,RKGRScen,Inattention to the road ahead,NHTSA-derived,coarse,1,1,1,1,1,1,1,1,1,1,1,1
NHTSA_INA_0489,RKGRScen,Inattention to the road ahead,NHTSA-derived,coarse,1,1,1,1,1,1,1,1,1,1,1,1
NHTSA_INA_0490,RKGRScen,Inattention to the road ahead,NHTSA-derived,coarse,1,1,1,1,1,1,1,1,1,1,1,1
NHTSA_INA_0491,RKGRScen,Inattention to the road ahead,NHTSA-derived,coarse,1,0,1,1,1,1,1,1,1,1,1,1
NHTSA_INA_0492,RKGRScen,Inattention to the road ahead,NHTSA-derived,coarse,1,1,1,1,1,1,1,1,1,1,1,1
NHTSA_INA_0493,RKGRScen,Inattention to the road ahead,NHTSA-derived,coarse,1,1,1,1,1,1,1,1,1,1,1,1
NHTSA_INA_0494,RKGRScen,Inattention to the road ahead,NHTSA-derived,coarse,1,1,1,1,1,1,1,1,1,1,1,1
NHTSA_INA_0495,RKGRScen,Inattention to the road ahead,NHTSA-derived,coarse,1,0,1,1,1,0,1,1,1,1,0,0.8
NHTSA_INA_0496,RKGRScen,Inattention to the road ahead,NHTSA-derived,coarse,1,1,1,1,1,1,1,1,1,1,1,1
NHTSA_INA_0497,RKGRScen,Inattention to the road ahead,NHTSA-derived,coarse,1,1,1,1,1,1,1,1,1,1,1,1
NHTSA_INA_0498,RKGRScen,Inattention to the road ahead,NHTSA-derived,coarse,1,1,1,1,1,1,1,1,1,1,1,1
NHTSA_INA_0499,RKGRScen,Inattention to the road ahead,NHTSA-derived,coarse,1,0,1,1,1,1,1,1,1,1,1,1
NHTSA_INA_0500,RKGRScen,Inattention to the road ahead,NHTSA-derived,coarse,1,1,1,1,1,1,1,1,1,1,1,1
NHTSA_INA_0501,RKGRScen,Inattention to the road ahead,NHTSA-derived,coarse,1,1,1,1,1,1,1,1,1,1,1,1
NHTSA_INA_0502,RKGRScen,Inattention to the road ahead,NHTSA-derived,coarse,1,1,1,1,1,1,1,1,1,1,1,1
NHTSA_INA_0503,RKGRScen,Inattention to the road ahead,NHTSA-derived,coarse,1,1,1,1,1,1,1,1,1,1,1,1
NHTSA_INA_0504,RKGRScen,Inattention to the road ahead,NHTSA-derived,coarse,1,1,1,1,1,1,1,1,1,1,1,1
NHTSA_INA_0505,RKGRScen,Inattention to the road ahead,NHTSA-derived,coarse,1,1,1,1,1,1,1,1,1,1,1,1
NHTSA_INA_0506,RKGRScen,Inattention to the road ahead,NHTSA-derived,coarse,1,1,1,1,1,1,1,1,1,1,1,1
NHTSA_INA_0507,RKGRScen,Inattention to the road ahead,NHTSA-derived,coarse,1,1,1,1,1,1,1,1,1,1,1,1
NHTSA_INA_0508,RKGRScen,Inattention to the road ahead,NHTSA-derived,coarse,1,0,1,1,1,1,1,1,1,1,1,1
NHTSA_INA_0509,RKGRScen,Inattention to the road ahead,NHTSA-derived,coarse,1,1,1,1,1,1,1,1,1,1,1,1
NHTSA_INA_0510,RKGRScen,Inattention to the road ahead,NHTSA-derived,coarse,1,1,1,1,1,1,1,1,1,1,1,1
NHTSA_INA_0511,RKGRScen,Inattention to the road ahead,NHTSA-derived,coarse,1,1,0,1,1,0,1,1,1,1,0,0.8
NHTSA_INA_0512,RKGRScen,Inattention to the road ahead,NHTSA-derived,coarse,1,1,1,1,1,1,1,1,1,1,1,1
NHTSA_INA_0513,RKGRScen,Inattention to the road ahead,NHTSA-derived,coarse,1,1,1,1,1,1,1,1,1,1,1,1
NHTSA_INA_0514,RKGRScen,Inattention to the road ahead,NHTSA-derived,coarse,1,1,1,1,1,1,1,1,1,1,1,1
NHTSA_INA_0515,RKGRScen,Inattention to the road ahead,NHTSA-derived,coarse,1,1,1,1,1,1,1,1,1,1,1,1
NHTSA_INA_0516,RKGRScen,Inattention to the road ahead,NHTSA-derived,coarse,1,1,1,1,1,1,1,1,1,1,1,1
NHTSA_INA_0517,RKGRScen,Inattention to the road ahead,NHTSA-derived,coarse,1,1,1,1,1,1,1,1,1,1,1,1
NHTSA_INA_0518,RKGRScen,Inattention to the road ahead,NHTSA-derived,coarse,1,0,1,1,1,0,1,1,1,1,0,0.8
NHTSA_INA_0519,RKGRScen,Inattention to the road ahead,NHTSA-derived,coarse,1,1,0,1,1,0,1,1,1,1,0,0.8
NHTSA_INA_0520,RKGRScen,Inattention to the road ahead,NHTSA-derived,coarse,1,0,1,1,1,1,1,1,1,1,1,1
NHTSA_INA_0521,RKGRScen,Inattention to the road ahead,NHTSA-derived,coarse,1,1,1,1,1,1,1,1,1,1,1,1
NHTSA_INA_0522,RKGRScen,Inattention to the road ahead,NHTSA-derived,coarse,1,1,1,1,1,1,1,1,1,1,1,1
NHTSA_INA_0523,RKGRScen,Inattention to the road ahead,NHTSA-derived,coarse,1,1,1,1,1,1,1,1,1,1,1,1
NHTSA_INA_0524,RKGRScen,Inattention to the road ahead,NHTSA-derived,coarse,1,1,1,1,1,1,1,1,1,1,1,1
NHTSA_INA_0525,RKGRScen,Inattention to the road ahead,NHTSA-derived,coarse,1,1,1,1,1,1,1,1,1,1,1,1
NHTSA_INA_0526,RKGRScen,Inattention to the road ahead,NHTSA-derived,coarse,1,1,1,1,1,1,1,1,1,1,1,1
NHTSA_INA_0527,RKGRScen,Inattention to the road ahead,NHTSA-derived,coarse,1,1,1,1,1,1,1,1,1,1,1,1
NHTSA_INA_0528,RKGRScen,Inattention to the road ahead,NHTSA-derived,coarse,1,1,1,1,1,1,1,1,1,1,1,1
NHTSA_INA_0529,RKGRScen,Inattention to the road ahead,NHTSA-derived,coarse,1,0,1,1,1,0,1,1,1,1,0,0.8
NHTSA_INA_0530,RKGRScen,Inattention to the road ahead,NHTSA-derived,coarse,1,1,1,1,1,1,1,1,1,1,1,1
NHTSA_INA_0531,RKGRScen,Inattention to the road ahead,NHTSA-derived,coarse,1,1,1,1,1,1,1,1,1,1,1,1
NHTSA_INA_0532,RKGRScen,Inattention to the road ahead,NHTSA-derived,coarse,1,1,1,1,1,1,1,1,1,1,1,1
NHTSA_INA_0533,RKGRScen,Inattention to the road ahead,NHTSA-derived,coarse,1,1,0,1,1,0,1,1,1,1,0,0.8
NHTSA_INA_0534,RKGRScen,Inattention to the road ahead,NHTSA-derived,coarse,1,1,1,1,1,1,1,1,1,1,1,1
NHTSA_INA_0535,RKGRScen,Inattention to the road ahead,NHTSA-derived,coarse,1,1,1,1,1,1,1,1,1,1,1,1
NHTSA_INA_0536,RKGRScen,Inattention to the road ahead,NHTSA-derived,coarse,1,1,1,1,1,1,1,1,1,1,1,1
NHTSA_INA_0537,RKGRScen,Inattention to the road ahead,NHTSA-derived,coarse,1,1,0,1,1,0,1,1,1,1,0,0.8
NHTSA_INA_0538,RKGRScen,Inattention to the road ahead,NHTSA-derived,coarse,1,1,1,1,1,1,1,1,1,1,1,1
NHTSA_INA_0539,RKGRScen,Inattention to the road ahead,NHTSA-derived,coarse,1,1,1,1,1,1,1,1,1,1,1,1
NHTSA_INA_0540,RKGRScen,Inattention to the road ahead,NHTSA-derived,coarse,1,1,1,1,1,1,1,1,1,1,1,1
NHTSA_INA_0541,RKGRScen,Inattention to the road ahead,NHTSA-derived,coarse,1,1,1,1,1,1,1,1,1,1,1,1
NHTSA_INA_0542,RKGRScen,Inattention to the road ahead,NHTSA-derived,coarse,1,1,1,1,1,1,1,1,1,1,1,1
NHTSA_INA_0543,RKGRScen,Inattention to the road ahead,NHTSA-derived,coarse,1,1,1,1,1,1,1,1,1,1,1,1
NHTSA_INA_0544,RKGRScen,Inattention to the road ahead,NHTSA-derived,coarse,1,1,1,1,1,1,1,1,1,1,1,1
NHTSA_INA_0545,RKGRScen,Inattention to the road ahead,NHTSA-derived,coarse,1,1,1,1,1,1,1,1,1,1,1,1
NHTSA_INA_0546,RKGRScen,Inattention to the road ahead,NHTSA-derived,coarse,1,1,1,1,1,1,1,1,1,1,1,1
NHTSA_INA_0547,RKGRScen,Inattention to the road ahead,NHTSA-derived,coarse,1,1,1,1,1,1,1,1,1,1,1,1
NHTSA_INA_0548,RKGRScen,Inattention to the road ahead,NHTSA-derived,coarse,0,0,1,,,,,,,,,
NHTSA_INA_0549,RKGRScen,Inattention to the road ahead,NHTSA-derived,coarse,1,1,1,1,1,1,1,1,1,1,1,1
NHTSA_INA_0550,RKGRScen,Inattention to the road ahead,NHTSA-derived,coarse,1,1,1,1,1,1,1,1,1,1,1,1
NHTSA_INA_0551,RKGRScen,Inattention to the road ahead,NHTSA-derived,coarse,1,1,1,1,1,1,1,1,1,1,1,1
NHTSA_INA_0552,RKGRScen,Inattention to the road ahead,NHTSA-derived,coarse,1,1,1,1,1,1,1,1,1,1,1,1
NHTSA_INA_0553,RKGRScen,Inattention to the road ahead,NHTSA-derived,coarse,1,0,1,1,1,1,1,1,1,1,1,1
NHTSA_INA_0554,RKGRScen,Inattention to the road ahead,NHTSA-derived,coarse,1,1,1,1,1,1,1,1,1,1,1,1
NHTSA_INA_0555,RKGRScen,Inattention to the road ahead,NHTSA-derived,coarse,1,1,1,1,1,1,1,1,1,1,1,1
NHTSA_INA_0556,RKGRScen,Inattention to the road ahead,NHTSA-derived,coarse,1,1,1,1,1,1,1,1,1,1,1,1
NHTSA_INA_0557,RKGRScen,Inattention to the road ahead,NHTSA-derived,coarse,1,1,1,1,1,1,1,1,1,1,1,1
NHTSA_INA_0558,RKGRScen,Inattention to the road ahead,NHTSA-derived,coarse,1,0,1,1,1,0,1,1,1,1,0,0.8
NHTSA_INA_0559,RKGRScen,Inattention to the road ahead,NHTSA-derived,coarse,1,1,1,1,1,1,1,1,1,1,1,1
NHTSA_INA_0560,RKGRScen,Inattention to the road ahead,NHTSA-derived,coarse,1,1,0,1,1,0,1,1,1,1,0,0.8
NHTSA_INA_0561,RKGRScen,Inattention to the road ahead,NHTSA-derived,coarse,1,1,1,1,1,1,1,1,1,1,1,1
NHTSA_INA_0562,RKGRScen,Inattention to the road ahead,NHTSA-derived,coarse,1,1,1,1,1,1,1,1,1,1,1,1
NHTSA_INA_0563,RKGRScen,Inattention to the road ahead,NHTSA-derived,coarse,1,1,0,1,1,0,1,1,1,1,0,0.8
NHTSA_INA_0564,RKGRScen,Inattention to the road ahead,NHTSA-derived,coarse,1,1,1,1,1,1,1,1,1,1,1,1
NHTSA_INA_0565,RKGRScen,Inattention to the road ahead,NHTSA-derived,coarse,1,1,1,1,1,1,1,1,1,1,1,1
NHTSA_INA_0566,RKGRScen,Inattention to the road ahead,NHTSA-derived,coarse,1,1,1,1,1,1,1,1,1,1,1,1
NHTSA_INA_0567,RKGRScen,Inattention to the road ahead,NHTSA-derived,coarse,1,0,1,1,1,1,1,1,1,1,1,1
NHTSA_INA_0568,RKGRScen,Inattention to the road ahead,NHTSA-derived,coarse,1,1,1,1,1,1,1,1,1,1,1,1
NHTSA_INA_0569,RKGRScen,Inattention to the road ahead,NHTSA-derived,coarse,0,0,0,,,,,,,,,
NHTSA_INA_0570,RKGRScen,Inattention to the road ahead,NHTSA-derived,coarse,1,1,1,1,1,1,1,1,1,1,1,1
NHTSA_INA_0571,RKGRScen,Inattention to the road ahead,NHTSA-derived,coarse,1,1,1,1,1,1,1,1,1,1,1,1
NHTSA_INA_0572,RKGRScen,Inattention to the road ahead,NHTSA-derived,coarse,1,1,1,1,1,1,1,1,1,1,1,1
NHTSA_INA_0573,RKGRScen,Inattention to the road ahead,NHTSA-derived,coarse,1,1,1,1,1,1,1,1,1,1,1,1
NHTSA_INA_0574,RKGRScen,Inattention to the road ahead,NHTSA-derived,coarse,1,1,1,1,1,1,1,1,1,1,1,1
NHTSA_INA_0575,RKGRScen,Inattention to the road ahead,NHTSA-derived,coarse,1,0,1,1,1,0,1,1,1,1,0,0.8
NHTSA_INA_0576,RKGRScen,Inattention to the road ahead,NHTSA-derived,coarse,1,0,1,1,1,0,1,1,1,1,0,0.8
NHTSA_INA_0577,RKGRScen,Inattention to the road ahead,NHTSA-derived,coarse,1,0,1,1,1,0,1,1,1,1,0,0.8
NHTSA_INA_0578,RKGRScen,Inattention to the road ahead,NHTSA-derived,coarse,1,1,1,1,1,1,1,1,1,1,1,1
NHTSA_INA_0579,RKGRScen,Inattention to the road ahead,NHTSA-derived,coarse,1,1,1,1,1,1,1,1,1,1,1,1
NHTSA_INA_0580,RKGRScen,Inattention to the road ahead,NHTSA-derived,coarse,1,1,1,1,1,1,1,1,1,1,1,1
NHTSA_INA_0581,RKGRScen,Inattention to the road ahead,NHTSA-derived,coarse,1,1,1,1,1,1,1,1,1,1,1,1
NHTSA_INA_0582,RKGRScen,Inattention to the road ahead,NHTSA-derived,coarse,1,1,1,1,1,1,1,1,1,1,1,1
NHTSA_INA_0583,RKGRScen,Inattention to the road ahead,NHTSA-derived,coarse,1,1,1,1,1,1,1,1,1,1,1,1
NHTSA_INA_0584,RKGRScen,Inattention to the road ahead,NHTSA-derived,coarse,1,1,1,1,1,1,1,1,1,1,1,1
NHTSA_INA_0585,RKGRScen,Inattention to the road ahead,NHTSA-derived,coarse,1,1,1,1,1,1,1,1,1,1,1,1
NHTSA_INA_0586,RKGRScen,Inattention to the road ahead,NHTSA-derived,coarse,1,1,1,1,1,1,1,1,1,1,1,1
NHTSA_INA_0587,RKGRScen,Inattention to the road ahead,NHTSA-derived,coarse,1,1,1,1,1,1,1,1,1,1,1,1
NHTSA_INA_0588,RKGRScen,Inattention to the road ahead,NHTSA-derived,coarse,0,0,1,,,,,,,,,
NHTSA_INA_0589,RKGRScen,Inattention to the road ahead,NHTSA-derived,coarse,1,1,1,1,1,1,1,1,1,1,1,1
NHTSA_INA_0590,RKGRScen,Inattention to the road ahead,NHTSA-derived,coarse,1,1,1,1,1,1,1,1,1,1,1,1
NHTSA_INA_0591,RKGRScen,Inattention to the road ahead,NHTSA-derived,coarse,1,1,1,1,1,1,1,1,1,1,1,1
NHTSA_INA_0592,RKGRScen,Inattention to the road ahead,NHTSA-derived,coarse,1,1,1,1,1,1,1,1,1,1,1,1
NHTSA_INA_0593,RKGRScen,Inattention to the road ahead,NHTSA-derived,coarse,1,1,1,1,1,1,1,1,1,1,1,1
NHTSA_INA_0594,RKGRScen,Inattention to the road ahead,NHTSA-derived,coarse,1,1,1,1,1,1,1,1,1,1,1,1
NHTSA_INA_0595,RKGRScen,Inattention to the road ahead,NHTSA-derived,coarse,1,1,1,1,1,1,1,1,1,1,1,1
NHTSA_INA_0596,RKGRScen,Inattention to the road ahead,NHTSA-derived,coarse,1,1,1,1,1,1,1,1,1,1,1,1
NHTSA_INA_0597,RKGRScen,Inattention to the road ahead,NHTSA-derived,coarse,1,1,1,1,1,1,1,1,1,1,1,1
NHTSA_INA_0598,RKGRScen,Inattention to the road ahead,NHTSA-derived,coarse,1,1,1,1,1,1,1,1,1,1,1,1
NHTSA_INA_0599,RKGRScen,Inattention to the road ahead,NHTSA-derived,coarse,1,0,1,1,1,1,1,1,1,1,1,1
NHTSA_INA_0600,RKGRScen,Inattention to the road ahead,NHTSA-derived,coarse,1,1,1,1,1,1,1,1,1,1,1,1
NHTSA_INA_0601,RKGRScen,Inattention to the road ahead,NHTSA-derived,coarse,1,1,1,1,1,1,1,1,1,1,1,1
NHTSA_INA_0602,RKGRScen,Inattention to the road ahead,NHTSA-derived,coarse,1,1,1,1,1,1,1,1,1,1,1,1
NHTSA_INA_0603,RKGRScen,Inattention to the road ahead,NHTSA-derived,coarse,1,1,1,1,1,1,1,1,1,1,1,1
NHTSA_INA_0604,RKGRScen,Inattention to the road ahead,NHTSA-derived,coarse,1,1,1,1,1,1,1,1,1,1,1,1
NHTSA_INA_0605,RKGRScen,Inattention to the road ahead,NHTSA-derived,coarse,1,1,1,1,1,1,1,1,1,1,1,1
NHTSA_INA_0606,RKGRScen,Inattention to the road ahead,NHTSA-derived,coarse,1,1,1,1,1,1,1,1,1,1,1,1
NHTSA_INA_0607,RKGRScen,Inattention to the road ahead,NHTSA-derived,coarse,1,1,1,1,1,1,1,1,1,1,1,1
NHTSA_INA_0608,RKGRScen,Inattention to the road ahead,NHTSA-derived,coarse,0,0,1,,,,,,,,,
NHTSA_INA_0609,RKGRScen,Inattention to the road ahead,NHTSA-derived,coarse,1,1,1,1,1,1,1,1,1,1,1,1
NHTSA_INA_0610,RKGRScen,Inattention to the road ahead,NHTSA-derived,coarse,1,1,1,1,1,1,1,1,1,1,1,1
NHTSA_INA_0611,RKGRScen,Inattention to the road ahead,NHTSA-derived,coarse,1,1,1,1,1,1,1,1,1,1,1,1
NHTSA_INA_0612,RKGRScen,Inattention to the road ahead,NHTSA-derived,coarse,1,1,1,1,1,1,1,1,1,1,1,1
NHTSA_INA_0613,RKGRScen,Inattention to the road ahead,NHTSA-derived,coarse,1,1,1,1,1,1,1,1,1,1,1,1
NHTSA_INA_0614,RKGRScen,Inattention to the road ahead,NHTSA-derived,coarse,1,1,1,1,1,1,1,1,1,1,1,1
NHTSA_INA_0615,RKGRScen,Inattention to the road ahead,NHTSA-derived,coarse,1,1,1,1,1,1,1,1,1,1,1,1
NHTSA_INA_0616,RKGRScen,Inattention to the road ahead,NHTSA-derived,coarse,1,1,0,1,1,0,1,1,1,1,0,0.8
NHTSA_INA_0617,RKGRScen,Inattention to the road ahead,NHTSA-derived,coarse,1,1,1,1,1,1,1,1,1,1,1,1
NHTSA_INA_0618,RKGRScen,Inattention to the road ahead,NHTSA-derived,coarse,1,1,1,1,1,1,1,1,1,1,1,1
NHTSA_INA_0619,RKGRScen,Inattention to the road ahead,NHTSA-derived,coarse,1,1,1,1,1,1,1,1,1,1,1,1
NHTSA_INA_0620,RKGRScen,Inattention to the road ahead,NHTSA-derived,coarse,1,1,1,1,1,1,1,1,1,1,1,1
NHTSA_INA_0621,RKGRScen,Inattention to the road ahead,NHTSA-derived,coarse,1,1,1,1,1,1,1,1,1,1,1,1
NHTSA_INA_0622,RKGRScen,Inattention to the road ahead,NHTSA-derived,coarse,1,1,1,1,1,1,1,1,1,1,1,1
NHTSA_INA_0623,RKGRScen,Inattention to the road ahead,NHTSA-derived,coarse,1,1,1,1,1,1,1,1,1,1,1,1
NHTSA_INA_0624,RKGRScen,Inattention to the road ahead,NHTSA-derived,coarse,1,1,1,1,1,1,1,1,1,1,1,1
NHTSA_INA_0625,RKGRScen,Inattention to the road ahead,NHTSA-derived,coarse,1,1,1,1,1,1,1,1,1,1,1,1
NHTSA_INA_0626,RKGRScen,Inattention to the road ahead,NHTSA-derived,coarse,1,1,1,1,1,1,1,1,1,1,1,1
NHTSA_INA_0627,RKGRScen,Inattention to the road ahead,NHTSA-derived,coarse,1,1,1,1,1,1,1,1,1,1,1,1
NHTSA_INA_0628,RKGRScen,Inattention to the road ahead,NHTSA-derived,coarse,1,1,1,1,1,1,1,1,1,1,1,1
NHTSA_INA_0629,RKGRScen,Inattention to the road ahead,NHTSA-derived,coarse,1,1,1,1,1,1,1,1,1,1,1,1
NHTSA_INA_0630,RKGRScen,Inattention to the road ahead,NHTSA-derived,coarse,1,1,1,1,1,1,1,1,1,1,1,1
NHTSA_INA_0631,RKGRScen,Inattention to the road ahead,NHTSA-derived,coarse,1,1,1,1,1,1,1,1,1,1,1,1
NHTSA_INA_0632,RKGRScen,Inattention to the road ahead,NHTSA-derived,coarse,1,1,1,1,1,1,1,1,1,1,1,1
NHTSA_INA_0633,RKGRScen,Inattention to the road ahead,NHTSA-derived,coarse,1,1,1,1,1,1,1,1,1,1,1,1
NHTSA_INA_0634,RKGRScen,Inattention to the road ahead,NHTSA-derived,coarse,1,1,1,1,1,1,1,1,1,1,1,1
NHTSA_INA_0635,RKGRScen,Inattention to the road ahead,NHTSA-derived,coarse,1,1,1,1,1,1,1,1,1,1,1,1
NHTSA_INA_0636,RKGRScen,Inattention to the road ahead,NHTSA-derived,coarse,1,1,1,1,1,1,1,1,1,1,1,1
NHTSA_INA_0637,RKGRScen,Inattention to the road ahead,NHTSA-derived,coarse,1,0,1,1,1,0,1,1,1,1,1,0.8400000000000001
NHTSA_INA_0638,RKGRScen,Inattention to the road ahead,NHTSA-derived,coarse,1,1,1,1,1,1,1,1,1,1,1,1
NHTSA_INA_0639,RKGRScen,Inattention to the road ahead,NHTSA-derived,coarse,1,1,1,1,1,1,1,1,1,1,1,1
NHTSA_INA_0640,RKGRScen,Inattention to the road ahead,NHTSA-derived,coarse,1,1,1,1,1,1,1,1,1,1,1,1
NHTSA_INA_0641,RKGRScen,Inattention to the road ahead,NHTSA-derived,coarse,0,0,1,,,,,,,,,
NHTSA_INA_0642,RKGRScen,Inattention to the road ahead,NHTSA-derived,coarse,1,1,1,1,1,1,1,1,1,1,1,1
NHTSA_INA_0643,RKGRScen,Inattention to the road ahead,NHTSA-derived,coarse,1,1,0,1,1,0,1,1,1,1,0,0.8
NHTSA_INA_0644,RKGRScen,Inattention to the road ahead,NHTSA-derived,coarse,1,1,0,1,1,0,1,1,1,1,0,0.8
NHTSA_INA_0645,RKGRScen,Inattention to the road ahead,NHTSA-derived,coarse,1,1,0,1,1,0,1,1,1,1,0,0.8
NHTSA_INA_0646,RKGRScen,Inattention to the road ahead,NHTSA-derived,coarse,1,1,1,1,1,1,1,1,1,1,1,1
SYNTH_INA_0001,RKGRScen,Inattention to the road ahead,synthetic-topology-extension,fine,0,0,1,,,,,,,,,
SYNTH_INA_0002,RKGRScen,Inattention to the road ahead,synthetic-topology-extension,fine,1,1,1,1,1,1,1,1,1,1,1,1
SYNTH_INA_0003,RKGRScen,Inattention to the road ahead,synthetic-topology-extension,fine,1,0,1,1,1,1,1,1,1,1,1,1
SYNTH_INA_0004,RKGRScen,Inattention to the road ahead,synthetic-topology-extension,fine,1,0,1,1,1,1,1,1,1,1,1,1
SYNTH_INA_0005,RKGRScen,Inattention to the road ahead,synthetic-topology-extension,fine,1,0,1,1,1,0,1,1,1,1,1,0.8400000000000001
SYNTH_INA_0006,RKGRScen,Inattention to the road ahead,synthetic-topology-extension,fine,1,1,1,1,1,1,1,1,1,1,1,1
SYNTH_INA_0007,RKGRScen,Inattention to the road ahead,synthetic-topology-extension,fine,1,1,1,1,1,1,1,1,1,1,1,1
SYNTH_INA_0008,RKGRScen,Inattention to the road ahead,synthetic-topology-extension,fine,1,1,1,1,1,1,1,1,1,1,1,1
SYNTH_INA_0009,RKGRScen,Inattention to the road ahead,synthetic-topology-extension,fine,1,0,0,1,1,0,1,1,1,1,0,0.8
SYNTH_INA_0010,RKGRScen,Inattention to the road ahead,synthetic-topology-extension,fine,1,1,1,1,1,1,1,1,1,1,1,1
SYNTH_INA_0011,RKGRScen,Inattention to the road ahead,synthetic-topology-extension,fine,1,1,1,1,1,1,1,1,1,1,1,1
SYNTH_INA_0012,RKGRScen,Inattention to the road ahead,synthetic-topology-extension,fine,1,1,0,1,1,0,1,1,1,1,0,0.8
SYNTH_INA_0013,RKGRScen,Inattention to the road ahead,synthetic-topology-extension,fine,1,0,0,1,1,0,1,1,1,1,0,0.8
SYNTH_INA_0014,RKGRScen,Inattention to the road ahead,synthetic-topology-extension,fine,1,1,0,1,1,0,1,1,1,1,0,0.8
SYNTH_INA_0015,RKGRScen,Inattention to the road ahead,synthetic-topology-extension,fine,1,1,0,1,1,0,1,1,1,1,0,0.8
SYNTH_INA_0016,RKGRScen,Inattention to the road ahead,synthetic-topology-extension,fine,1,1,1,1,1,1,1,1,1,1,1,1
SYNTH_INA_0017,RKGRScen,Inattention to the road ahead,synthetic-topology-extension,fine,0,0,1,,,,,,,,,
SYNTH_INA_0018,RKGRScen,Inattention to the road ahead,synthetic-topology-extension,fine,1,1,1,1,1,1,1,1,1,1,1,1
SYNTH_INA_0019,RKGRScen,Inattention to the road ahead,synthetic-topology-extension,fine,1,1,0,1,1,0,1,1,1,1,0,0.8
SYNTH_INA_0020,RKGRScen,Inattention to the road ahead,synthetic-topology-extension,fine,1,1,1,1,1,1,1,1,1,1,1,1
SYNTH_INA_0021,RKGRScen,Inattention to the road ahead,synthetic-topology-extension,fine,1,1,1,1,1,1,1,1,1,1,1,1
SYNTH_INA_0022,RKGRScen,Inattention to the road ahead,synthetic-topology-extension,fine,0,0,1,,,,,,,,,
SYNTH_INA_0023,RKGRScen,Inattention to the road ahead,synthetic-topology-extension,fine,1,1,1,1,1,1,1,1,1,1,1,1
SYNTH_INA_0024,RKGRScen,Inattention to the road ahead,synthetic-topology-extension,fine,1,1,0,1,1,0,1,1,1,1,0,0.8
SYNTH_INA_0025,RKGRScen,Inattention to the road ahead,synthetic-topology-extension,fine,1,1,0,1,1,0,1,1,1,1,0,0.8
SYNTH_INA_0026,RKGRScen,Inattention to the road ahead,synthetic-topology-extension,fine,1,1,1,1,1,1,1,1,1,1,1,1
SYNTH_INA_0027,RKGRScen,Inattention to the road ahead,synthetic-topology-extension,fine,1,1,1,1,1,1,1,1,1,1,1,1
SYNTH_INA_0028,RKGRScen,Inattention to the road ahead,synthetic-topology-extension,fine,1,1,0,1,1,0,1,1,1,1,0,0.8
SYNTH_INA_0029,RKGRScen,Inattention to the road ahead,synthetic-topology-extension,fine,1,1,1,1,1,1,1,1,1,1,1,1
SYNTH_INA_0030,RKGRScen,Inattention to the road ahead,synthetic-topology-extension,fine,1,1,1,1,1,1,1,1,1,1,1,1
SYNTH_INA_0031,RKGRScen,Inattention to the road ahead,synthetic-topology-extension,fine,0,0,1,,,,,,,,,
SYNTH_INA_0032,RKGRScen,Inattention to the road ahead,synthetic-topology-extension,fine,1,1,1,1,1,1,1,1,1,1,1,1
SYNTH_INA_0033,RKGRScen,Inattention to the road ahead,synthetic-topology-extension,fine,1,1,1,1,1,1,1,1,1,1,1,1
SYNTH_INA_0034,RKGRScen,Inattention to the road ahead,synthetic-topology-extension,fine,1,0,1,1,1,0,1,1,1,1,1,0.8400000000000001
SYNTH_INA_0035,RKGRScen,Inattention to the road ahead,synthetic-topology-extension,fine,1,1,0,1,1,0,1,1,1,1,0,0.8
SYNTH_INA_0036,RKGRScen,Inattention to the road ahead,synthetic-topology-extension,fine,1,0,0,1,1,0,1,1,1,1,0,0.8
SYNTH_INA_0037,RKGRScen,Inattention to the road ahead,synthetic-topology-extension,fine,1,0,1,1,1,1,1,1,1,1,1,1
SYNTH_INA_0038,RKGRScen,Inattention to the road ahead,synthetic-topology-extension,fine,1,0,1,1,1,0,1,1,1,1,0,0.8
SYNTH_INA_0039,RKGRScen,Inattention to the road ahead,synthetic-topology-extension,fine,1,1,1,1,1,1,1,1,1,1,1,1
SYNTH_INA_0040,RKGRScen,Inattention to the road ahead,synthetic-topology-extension,fine,1,1,1,1,1,1,1,1,1,1,1,1
SYNTH_INA_0041,RKGRScen,Inattention to the road ahead,synthetic-topology-extension,fine,1,1,1,1,1,1,1,1,1,1,1,1
SYNTH_INA_0042,RKGRScen,Inattention to the road ahead,synthetic-topology-extension,fine,1,1,0,1,1,0,1,1,1,1,0,0.8
SYNTH_INA_0043,RKGRScen,Inattention to the road ahead,synthetic-topology-extension,fine,1,1,1,1,1,1,1,1,1,1,1,1
SYNTH_INA_0044,RKGRScen,Inattention to the road ahead,synthetic-topology-extension,fine,1,1,1,1,1,1,1,1,1,1,1,1
SYNTH_INA_0045,RKGRScen,Inattention to the road ahead,synthetic-topology-extension,fine,1,1,1,1,1,1,1,1,1,1,1,1
SYNTH_INA_0046,RKGRScen,Inattention to the road ahead,synthetic-topology-extension,fine,1,1,1,1,1,1,1,1,1,1,1,1
SYNTH_INA_0047,RKGRScen,Inattention to the road ahead,synthetic-topology-extension,fine,1,1,0,1,1,0,1,1,1,1,0,0.8
SYNTH_INA_0048,RKGRScen,Inattention to the road ahead,synthetic-topology-extension,fine,1,0,1,1,1,1,1,1,1,1,1,1
SYNTH_INA_0049,RKGRScen,Inattention to the road ahead,synthetic-topology-extension,fine,1,0,1,1,1,1,1,1,1,1,1,1
SYNTH_INA_0050,RKGRScen,Inattention to the road ahead,synthetic-topology-extension,fine,1,1,1,1,1,1,1,1,1,1,1,1
SYNTH_INA_0051,RKGRScen,Inattention to the road ahead,synthetic-topology-extension,fine,1,1,1,1,1,1,1,1,1,1,1,1
SYNTH_INA_0052,RKGRScen,Inattention to the road ahead,synthetic-topology-extension,fine,1,1,1,1,1,1,1,1,1,1,1,1
SYNTH_INA_0053,RKGRScen,Inattention to the road ahead,synthetic-topology-extension,fine,1,1,1,1,1,1,1,1,1,1,1,1
SYNTH_INA_0054,RKGRScen,Inattention to the road ahead,synthetic-topology-extension,fine,1,1,1,1,1,1,1,1,1,1,1,1
SYNTH_INA_0055,RKGRScen,Inattention to the road ahead,synthetic-topology-extension,fine,1,1,1,1,1,1,1,1,1,1,1,1
SYNTH_INA_0056,RKGRScen,Inattention to the road ahead,synthetic-topology-extension,fine,1,1,1,1,1,1,1,1,1,1,1,1
SYNTH_INA_0057,RKGRScen,Inattention to the road ahead,synthetic-topology-extension,fine,1,0,1,1,1,1,1,1,1,1,1,1
SYNTH_INA_0058,RKGRScen,Inattention to the road ahead,synthetic-topology-extension,fine,1,1,1,1,1,1,1,1,1,1,1,1
SYNTH_INA_0059,RKGRScen,Inattention to the road ahead,synthetic-topology-extension,fine,1,1,1,1,1,1,1,1,1,1,1,1
SYNTH_INA_0060,RKGRScen,Inattention to the road ahead,synthetic-topology-extension,fine,1,1,0,1,1,0,1,1,1,1,0,0.8
SYNTH_INA_0061,RKGRScen,Inattention to the road ahead,synthetic-topology-extension,fine,1,0,1,1,1,0,1,1,1,1,0,0.8
SYNTH_INA_0062,RKGRScen,Inattention to the road ahead,synthetic-topology-extension,fine,1,1,1,1,1,1,1,1,1,1,1,1
SYNTH_INA_0063,RKGRScen,Inattention to the road ahead,synthetic-topology-extension,fine,1,0,1,1,1,1,1,1,1,1,1,1
SYNTH_INA_0064,RKGRScen,Inattention to the road ahead,synthetic-topology-extension,fine,1,1,1,1,1,1,1,1,1,1,1,1
SYNTH_INA_0065,RKGRScen,Inattention to the road ahead,synthetic-topology-extension,fine,0,0,1,,,,,,,,,
SYNTH_INA_0066,RKGRScen,Inattention to the road ahead,synthetic-topology-extension,fine,1,1,1,1,1,1,1,1,1,1,1,1
SYNTH_INA_0067,RKGRScen,Inattention to the road ahead,synthetic-topology-extension,fine,1,0,0,1,1,0,1,1,1,1,0,0.8
SYNTH_INA_0068,RKGRScen,Inattention to the road ahead,synthetic-topology-extension,fine,1,1,1,1,1,1,1,1,1,1,1,1
SYNTH_INA_0069,RKGRScen,Inattention to the road ahead,synthetic-topology-extension,fine,1,1,0,1,1,0,1,1,1,1,0,0.8
SYNTH_INA_0070,RKGRScen,Inattention to the road ahead,synthetic-topology-extension,fine,1,1,1,1,1,1,1,1,1,1,1,1
SYNTH_INA_0071,RKGRScen,Inattention to the road ahead,synthetic-topology-extension,fine,1,1,1,1,1,1,1,1,1,1,1,1
SYNTH_INA_0072,RKGRScen,Inattention to the road ahead,synthetic-topology-extension,fine,1,1,0,1,1,0,1,1,1,1,0,0.8
SYNTH_INA_0073,RKGRScen,Inattention to the road ahead,synthetic-topology-extension,fine,1,1,1,1,1,1,1,1,1,1,1,1
SYNTH_INA_0074,RKGRScen,Inattention to the road ahead,synthetic-topology-extension,fine,1,1,0,1,1,0,1,1,1,1,0,0.8
SYNTH_INA_0075,RKGRScen,Inattention to the road ahead,synthetic-topology-extension,fine,1,0,1,1,1,1,1,1,1,1,1,1
SYNTH_INA_0076,RKGRScen,Inattention to the road ahead,synthetic-topology-extension,fine,1,1,1,1,1,1,1,1,1,1,1,1
SYNTH_INA_0077,RKGRScen,Inattention to the road ahead,synthetic-topology-extension,fine,1,1,1,1,1,1,1,1,1,1,1,1
SYNTH_INA_0078,RKGRScen,Inattention to the road ahead,synthetic-topology-extension,fine,1,1,1,1,1,1,1,1,1,1,1,1
SYNTH_INA_0079,RKGRScen,Inattention to the road ahead,synthetic-topology-extension,fine,1,0,1,1,1,0,1,1,1,1,0,0.8
SYNTH_INA_0080,RKGRScen,Inattention to the road ahead,synthetic-topology-extension,fine,1,1,1,1,1,1,1,1,1,1,1,1
SYNTH_INA_0081,RKGRScen,Inattention to the road ahead,synthetic-topology-extension,fine,1,1,1,1,1,1,1,1,1,1,1,1
SYNTH_INA_0082,RKGRScen,Inattention to the road ahead,synthetic-topology-extension,fine,1,1,1,1,1,1,1,1,1,1,1,1
SYNTH_INA_0083,RKGRScen,Inattention to the road ahead,synthetic-topology-extension,fine,1,1,1,1,1,1,1,1,1,1,1,1
SYNTH_INA_0084,RKGRScen,Inattention to the road ahead,synthetic-topology-extension,fine,0,0,1,,,,,,,,,
SYNTH_INA_0085,RKGRScen,Inattention to the road ahead,synthetic-topology-extension,fine,1,0,1,1,1,0,1,1,1,1,0,0.8
SYNTH_INA_0086,RKGRScen,Inattention to the road ahead,synthetic-topology-extension,fine,0,0,1,,,,,,,,,
SYNTH_INA_0087,RKGRScen,Inattention to the road ahead,synthetic-topology-extension,fine,1,1,1,1,1,1,1,1,1,1,1,1
SYNTH_INA_0088,RKGRScen,Inattention to the road ahead,synthetic-topology-extension,fine,1,1,1,1,1,1,1,1,1,1,1,1
SYNTH_INA_0089,RKGRScen,Inattention to the road ahead,synthetic-topology-extension,fine,1,1,1,1,1,1,1,1,1,1,1,1
SYNTH_INA_0090,RKGRScen,Inattention to the road ahead,synthetic-topology-extension,fine,1,0,1,1,1,1,1,1,1,1,1,1
SYNTH_INA_0091,RKGRScen,Inattention to the road ahead,synthetic-topology-extension,fine,1,1,1,1,1,1,1,1,1,1,1,1
SYNTH_INA_0092,RKGRScen,Inattention to the road ahead,synthetic-topology-extension,fine,1,0,0,1,1,0,1,1,1,1,0,0.8
SYNTH_INA_0093,RKGRScen,Inattention to the road ahead,synthetic-topology-extension,fine,1,1,1,1,1,1,1,1,1,1,1,1
SYNTH_INA_0094,RKGRScen,Inattention to the road ahead,synthetic-topology-extension,fine,1,1,1,1,1,1,1,1,1,1,1,1
SYNTH_INA_0095,RKGRScen,Inattention to the road ahead,synthetic-topology-extension,fine,1,1,1,1,1,1,1,1,1,1,1,1
SYNTH_INA_0096,RKGRScen,Inattention to the road ahead,synthetic-topology-extension,fine,1,1,1,1,1,1,1,1,1,1,1,1
SYNTH_INA_0097,RKGRScen,Inattention to the road ahead,synthetic-topology-extension,fine,1,1,1,1,1,1,1,1,1,1,1,1
SYNTH_INA_0098,RKGRScen,Inattention to the road ahead,synthetic-topology-extension,fine,1,1,1,1,1,1,1,1,1,1,1,1
SYNTH_INA_0099,RKGRScen,Inattention to the road ahead,synthetic-topology-extension,fine,0,0,1,,,,,,,,,
SYNTH_INA_0100,RKGRScen,Inattention to the road ahead,synthetic-topology-extension,fine,1,1,1,1,1,1,1,1,1,1,1,1
SYNTH_INA_0101,RKGRScen,Inattention to the road ahead,synthetic-topology-extension,fine,1,0,1,1,1,1,1,1,1,1,1,1
SYNTH_INA_0102,RKGRScen,Inattention to the road ahead,synthetic-topology-extension,fine,1,1,1,1,1,1,1,1,1,1,1,1
SYNTH_INA_0103,RKGRScen,Inattention to the road ahead,synthetic-topology-extension,fine,1,1,1,1,1,1,1,1,1,1,1,1
SYNTH_INA_0104,RKGRScen,Inattention to the road ahead,synthetic-topology-extension,fine,1,0,1,1,1,1,1,1,1,1,1,1
SYNTH_INA_0105,RKGRScen,Inattention to the road ahead,synthetic-topology-extension,fine,1,1,1,1,1,1,1,1,1,1,1,1
SYNTH_INA_0106,RKGRScen,Inattention to the road ahead,synthetic-topology-extension,fine,1,1,1,1,1,1,1,1,1,1,1,1
SYNTH_INA_0107,RKGRScen,Inattention to the road ahead,synthetic-topology-extension,fine,1,0,1,1,1,1,1,1,1,1,1,1
SYNTH_INA_0108,RKGRScen,Inattention to the road ahead,synthetic-topology-extension,fine,1,0,1,1,1,1,1,1,1,1,1,1
SYNTH_INA_0109,RKGRScen,Inattention to the road ahead,synthetic-topology-extension,fine,1,1,1,1,1,1,1,1,1,1,1,1
SYNTH_INA_0110,RKGRScen,Inattention to the road ahead,synthetic-topology-extension,fine,1,0,1,1,1,0,1,1,1,1,0,0.8
SYNTH_INA_0111,RKGRScen,Inattention to the road ahead,synthetic-topology-extension,fine,1,1,1,1,1,1,1,1,1,1,1,1
SYNTH_INA_0112,RKGRScen,Inattention to the road ahead,synthetic-topology-extension,fine,1,1,1,1,1,1,1,1,1,1,1,1
SYNTH_INA_0113,RKGRScen,Inattention to the road ahead,synthetic-topology-extension,fine,1,1,1,1,1,1,1,1,1,1,1,1
SYNTH_INA_0114,RKGRScen,Inattention to the road ahead,synthetic-topology-extension,fine,1,1,1,1,1,1,1,1,1,1,1,1
SYNTH_INA_0115,RKGRScen,Inattention to the road ahead,synthetic-topology-extension,fine,1,1,1,1,1,1,1,1,1,1,1,1
SYNTH_INA_0116,RKGRScen,Inattention to the road ahead,synthetic-topology-extension,fine,1,1,1,1,1,1,1,1,1,1,1,1
SYNTH_INA_0117,RKGRScen,Inattention to the road ahead,synthetic-topology-extension,fine,1,0,1,1,1,0,1,1,1,1,0,0.8
SYNTH_INA_0118,RKGRScen,Inattention to the road ahead,synthetic-topology-extension,fine,1,1,0,1,1,0,1,1,1,1,0,0.8
SYNTH_INA_0119,RKGRScen,Inattention to the road ahead,synthetic-topology-extension,fine,1,1,1,1,1,1,1,1,1,1,1,1
SYNTH_INA_0120,RKGRScen,Inattention to the road ahead,synthetic-topology-extension,fine,1,1,1,1,1,1,1,1,1,1,1,1
SYNTH_INA_0121,RKGRScen,Inattention to the road ahead,synthetic-topology-extension,fine,1,1,1,1,1,1,1,1,1,1,1,1
SYNTH_INA_0122,RKGRScen,Inattention to the road ahead,synthetic-topology-extension,fine,1,1,1,1,1,1,1,1,1,1,1,1
SYNTH_INA_0123,RKGRScen,Inattention to the road ahead,synthetic-topology-extension,fine,1,1,1,1,1,1,1,1,1,1,1,1
SYNTH_INA_0124,RKGRScen,Inattention to the road ahead,synthetic-topology-extension,fine,1,1,1,1,1,1,1,1,1,1,1,1
SYNTH_INA_0125,RKGRScen,Inattention to the road ahead,synthetic-topology-extension,fine,1,1,0,1,1,0,1,1,1,1,0,0.8
SYNTH_INA_0126,RKGRScen,Inattention to the road ahead,synthetic-topology-extension,fine,1,1,1,1,1,1,1,1,1,1,1,1
SYNTH_INA_0127,RKGRScen,Inattention to the road ahead,synthetic-topology-extension,fine,1,1,1,1,1,1,1,1,1,1,1,1
SYNTH_INA_0128,RKGRScen,Inattention to the road ahead,synthetic-topology-extension,fine,1,1,1,1,1,1,1,1,1,1,1,1
SYNTH_INA_0129,RKGRScen,Inattention to the road ahead,synthetic-topology-extension,fine,1,1,1,1,1,1,1,1,1,1,1,1
SYNTH_INA_0130,RKGRScen,Inattention to the road ahead,synthetic-topology-extension,fine,1,1,1,1,1,1,1,1,1,1,1,1
SYNTH_INA_0131,RKGRScen,Inattention to the road ahead,synthetic-topology-extension,fine,1,1,1,1,1,1,1,1,1,1,1,1
SYNTH_INA_0132,RKGRScen,Inattention to the road ahead,synthetic-topology-extension,fine,1,1,1,1,1,1,1,1,1,1,1,1
SYNTH_INA_0133,RKGRScen,Inattention to the road ahead,synthetic-topology-extension,fine,1,1,1,1,1,1,1,1,1,1,1,1
SYNTH_INA_0134,RKGRScen,Inattention to the road ahead,synthetic-topology-extension,fine,1,1,1,1,1,1,1,1,1,1,1,1
SYNTH_INA_0135,RKGRScen,Inattention to the road ahead,synthetic-topology-extension,fine,1,1,1,1,1,1,1,1,1,1,1,1
SYNTH_INA_0136,RKGRScen,Inattention to the road ahead,synthetic-topology-extension,fine,1,1,1,1,1,1,1,1,1,1,1,1
SYNTH_INA_0137,RKGRScen,Inattention to the road ahead,synthetic-topology-extension,fine,1,1,1,1,1,1,1,1,1,1,1,1
SYNTH_INA_0138,RKGRScen,Inattention to the road ahead,synthetic-topology-extension,fine,1,1,1,1,1,1,1,1,1,1,1,1
SYNTH_INA_0139,RKGRScen,Inattention to the road ahead,synthetic-topology-extension,fine,1,0,1,1,1,0,1,1,1,1,0,0.8
SYNTH_INA_0140,RKGRScen,Inattention to the road ahead,synthetic-topology-extension,fine,1,1,1,1,1,1,1,1,1,1,1,1
SYNTH_INA_0141,RKGRScen,Inattention to the road ahead,synthetic-topology-extension,fine,1,1,1,1,1,1,1,1,1,1,1,1
SYNTH_INA_0142,RKGRScen,Inattention to the road ahead,synthetic-topology-extension,fine,1,1,1,1,1,1,1,1,1,1,1,1
SYNTH_INA_0143,RKGRScen,Inattention to the road ahead,synthetic-topology-extension,fine,1,1,1,1,1,1,1,1,1,1,1,1
SYNTH_INA_0144,RKGRScen,Inattention to the road ahead,synthetic-topology-extension,fine,1,1,1,1,1,1,1,1,1,1,1,1
SYNTH_INA_0145,RKGRScen,Inattention to the road ahead,synthetic-topology-extension,fine,1,1,1,1,1,1,1,1,1,1,1,1
SYNTH_INA_0146,RKGRScen,Inattention to the road ahead,synthetic-topology-extension,fine,1,1,1,1,1,1,1,1,1,1,1,1
SYNTH_INA_0147,RKGRScen,Inattention to the road ahead,synthetic-topology-extension,fine,1,1,1,1,1,1,1,1,1,1,1,1
SYNTH_INA_0148,RKGRScen,Inattention to the road ahead,synthetic-topology-extension,fine,1,0,0,1,1,0,1,1,1,1,0,0.8
SYNTH_INA_0149,RKGRScen,Inattention to the road ahead,synthetic-topology-extension,fine,1,1,1,1,1,1,1,1,1,1,1,1
SYNTH_INA_0150,RKGRScen,Inattention to the road ahead,synthetic-topology-extension,fine,1,1,1,1,1,1,1,1,1,1,1,1
SYNTH_INA_0151,RKGRScen,Inattention to the road ahead,synthetic-topology-extension,fine,1,1,1,1,1,1,1,1,1,1,1,1
SYNTH_INA_0152,RKGRScen,Inattention to the road ahead,synthetic-topology-extension,fine,1,1,1,1,1,1,1,1,1,1,1,1
SYNTH_INA_0153,RKGRScen,Inattention to the road ahead,synthetic-topology-extension,fine,1,1,1,1,1,1,1,1,1,1,1,1
SYNTH_INA_0154,RKGRScen,Inattention to the road ahead,synthetic-topology-extension,fine,1,1,1,1,1,1,1,1,1,1,1,1
SYNTH_INA_0155,RKGRScen,Inattention to the road ahead,synthetic-topology-extension,fine,1,1,1,1,1,1,1,1,1,1,1,1
SYNTH_INA_0156,RKGRScen,Inattention to the road ahead,synthetic-topology-extension,fine,1,1,1,1,1,1,1,1,1,1,1,1
SYNTH_INA_0157,RKGRScen,Inattention to the road ahead,synthetic-topology-extension,fine,1,1,1,1,1,1,1,1,1,1,1,1
SYNTH_INA_0158,RKGRScen,Inattention to the road ahead,synthetic-topology-extension,fine,1,1,0,1,1,0,1,1,1,1,0,0.8
SYNTH_INA_0159,RKGRScen,Inattention to the road ahead,synthetic-topology-extension,fine,1,1,1,1,1,1,1,1,1,1,1,1
SYNTH_INA_0160,RKGRScen,Inattention to the road ahead,synthetic-topology-extension,fine,1,1,1,1,1,1,1,1,1,1,1,1
SYNTH_INA_0161,RKGRScen,Inattention to the road ahead,synthetic-topology-extension,fine,1,1,1,1,1,1,1,1,1,1,1,1
SYNTH_INA_0162,RKGRScen,Inattention to the road ahead,synthetic-topology-extension,fine,1,1,0,1,1,0,1,1,1,1,0,0.8
SYNTH_INA_0163,RKGRScen,Inattention to the road ahead,synthetic-topology-extension,fine,1,0,1,1,1,0,1,1,1,1,0,0.8
SYNTH_INA_0164,RKGRScen,Inattention to the road ahead,synthetic-topology-extension,fine,1,0,1,1,1,1,1,1,1,1,1,1
SYNTH_INA_0165,RKGRScen,Inattention to the road ahead,synthetic-topology-extension,fine,1,1,1,1,1,1,1,1,1,1,1,1
SYNTH_INA_0166,RKGRScen,Inattention to the road ahead,synthetic-topology-extension,fine,1,1,1,1,1,1,1,1,1,1,1,1
SYNTH_INA_0167,RKGRScen,Inattention to the road ahead,synthetic-topology-extension,fine,1,0,1,1,1,1,1,1,1,1,1,1
SYNTH_INA_0168,RKGRScen,Inattention to the road ahead,synthetic-topology-extension,fine,1,0,1,1,1,0,1,1,1,1,0,0.8
SYNTH_INA_0169,RKGRScen,Inattention to the road ahead,synthetic-topology-extension,fine,1,1,1,1,1,1,1,1,1,1,1,1
SYNTH_INA_0170,RKGRScen,Inattention to the road ahead,synthetic-topology-extension,fine,1,1,1,1,1,1,1,1,1,1,1,1
SYNTH_INA_0171,RKGRScen,Inattention to the road ahead,synthetic-topology-extension,fine,1,1,0,1,1,0,1,1,1,1,0,0.8
SYNTH_INA_0172,RKGRScen,Inattention to the road ahead,synthetic-topology-extension,fine,1,1,1,1,1,1,1,1,1,1,1,1
SYNTH_INA_0173,RKGRScen,Inattention to the road ahead,synthetic-topology-extension,fine,1,1,1,1,1,1,1,1,1,1,1,1
SYNTH_INA_0174,RKGRScen,Inattention to the road ahead,synthetic-topology-extension,fine,1,1,1,1,1,1,1,1,1,1,1,1
SYNTH_INA_0175,RKGRScen,Inattention to the road ahead,synthetic-topology-extension,fine,1,1,1,1,1,1,1,1,1,1,1,1
SYNTH_INA_0176,RKGRScen,Inattention to the road ahead,synthetic-topology-extension,fine,1,1,1,1,1,1,1,1,1,1,1,1
SYNTH_INA_0177,RKGRScen,Inattention to the road ahead,synthetic-topology-extension,fine,1,1,1,1,1,1,1,1,1,1,1,1
SYNTH_INA_0178,RKGRScen,Inattention to the road ahead,synthetic-topology-extension,fine,1,0,1,1,1,1,1,1,1,1,1,1
SYNTH_INA_0179,RKGRScen,Inattention to the road ahead,synthetic-topology-extension,fine,1,1,1,1,1,1,1,1,1,1,1,1
SYNTH_INA_0180,RKGRScen,Inattention to the road ahead,synthetic-topology-extension,fine,1,1,1,1,1,1,1,1,1,1,1,1
SYNTH_INA_0181,RKGRScen,Inattention to the road ahead,synthetic-topology-extension,fine,1,1,1,1,1,1,1,1,1,1,1,1
SYNTH_INA_0182,RKGRScen,Inattention to the road ahead,synthetic-topology-extension,fine,1,1,1,1,1,1,1,1,1,1,1,1
SYNTH_INA_0183,RKGRScen,Inattention to the road ahead,synthetic-topology-extension,fine,1,1,0,1,1,0,1,1,1,1,0,0.8
SYNTH_INA_0184,RKGRScen,Inattention to the road ahead,synthetic-topology-extension,fine,1,1,1,1,1,1,1,1,1,1,1,1
SYNTH_INA_0185,RKGRScen,Inattention to the road ahead,synthetic-topology-extension,fine,1,1,1,1,1,1,1,1,1,1,1,1
SYNTH_INA_0186,RKGRScen,Inattention to the road ahead,synthetic-topology-extension,fine,1,1,1,1,1,1,1,1,1,1,1,1
SYNTH_INA_0187,RKGRScen,Inattention to the road ahead,synthetic-topology-extension,fine,1,0,1,1,1,1,1,1,1,1,1,1
SYNTH_INA_0188,RKGRScen,Inattention to the road ahead,synthetic-topology-extension,fine,1,1,1,1,1,1,1,1,1,1,1,1
SYNTH_INA_0189,RKGRScen,Inattention to the road ahead,synthetic-topology-extension,fine,1,0,1,1,1,0,1,1,1,1,0,0.8
SYNTH_INA_0190,RKGRScen,Inattention to the road ahead,synthetic-topology-extension,fine,1,1,1,1,1,1,1,1,1,1,1,1
SYNTH_INA_0191,RKGRScen,Inattention to the road ahead,synthetic-topology-extension,fine,0,0,1,,,,,,,,,
SYNTH_INA_0192,RKGRScen,Inattention to the road ahead,synthetic-topology-extension,fine,1,1,1,1,1,1,1,1,1,1,1,1
SYNTH_INA_0193,RKGRScen,Inattention to the road ahead,synthetic-topology-extension,fine,1,1,1,1,1,1,1,1,1,1,1,1
SYNTH_INA_0194,RKGRScen,Inattention to the road ahead,synthetic-topology-extension,fine,1,1,1,1,1,1,1,1,1,1,1,1
SYNTH_INA_0195,RKGRScen,Inattention to the road ahead,synthetic-topology-extension,fine,1,1,1,1,1,1,1,1,1,1,1,1
SYNTH_INA_0196,RKGRScen,Inattention to the road ahead,synthetic-topology-extension,fine,1,1,0,1,1,0,1,1,1,1,0,0.8
SYNTH_INA_0197,RKGRScen,Inattention to the road ahead,synthetic-topology-extension,fine,1,1,1,1,1,1,1,1,1,1,1,1
SYNTH_INA_0198,RKGRScen,Inattention to the road ahead,synthetic-topology-extension,fine,1,0,1,1,1,0,1,1,1,1,1,0.8400000000000001
SYNTH_INA_0199,RKGRScen,Inattention to the road ahead,synthetic-topology-extension,fine,0,0,0,,,,,,,,,
SYNTH_INA_0200,RKGRScen,Inattention to the road ahead,synthetic-topology-extension,fine,1,1,1,1,1,1,1,1,1,1,1,1
SYNTH_INA_0201,RKGRScen,Inattention to the road ahead,synthetic-topology-extension,fine,1,1,1,1,1,1,1,1,1,1,1,1
SYNTH_INA_0202,RKGRScen,Inattention to the road ahead,synthetic-topology-extension,fine,1,0,1,1,1,0,1,1,1,1,0,0.8
SYNTH_INA_0203,RKGRScen,Inattention to the road ahead,synthetic-topology-extension,fine,1,0,1,1,1,1,1,1,1,1,1,1
SYNTH_INA_0204,RKGRScen,Inattention to the road ahead,synthetic-topology-extension,fine,1,1,1,1,1,1,1,1,1,1,1,1
SYNTH_INA_0205,RKGRScen,Inattention to the road ahead,synthetic-topology-extension,fine,1,1,1,1,1,1,1,1,1,1,1,1
SYNTH_INA_0206,RKGRScen,Inattention to the road ahead,synthetic-topology-extension,fine,1,1,1,1,1,1,1,1,1,1,1,1
SYNTH_INA_0207,RKGRScen,Inattention to the road ahead,synthetic-topology-extension,fine,1,1,0,1,1,0,1,1,1,1,0,0.8
SYNTH_INA_0208,RKGRScen,Inattention to the road ahead,synthetic-topology-extension,fine,1,1,1,1,1,1,1,1,1,1,1,1
SYNTH_INA_0209,RKGRScen,Inattention to the road ahead,synthetic-topology-extension,fine,1,1,1,1,1,1,1,1,1,1,1,1
SYNTH_INA_0210,RKGRScen,Inattention to the road ahead,synthetic-topology-extension,fine,1,1,1,1,1,1,1,1,1,1,1,1
SYNTH_INA_0211,RKGRScen,Inattention to the road ahead,synthetic-topology-extension,fine,1,1,0,1,1,0,1,1,1,1,0,0.8
SYNTH_INA_0212,RKGRScen,Inattention to the road ahead,synthetic-topology-extension,fine,1,1,1,1,1,1,1,1,1,1,1,1
SYNTH_INA_0213,RKGRScen,Inattention to the road ahead,synthetic-topology-extension,fine,1,1,1,1,1,1,1,1,1,1,1,1
SYNTH_INA_0214,RKGRScen,Inattention to the road ahead,synthetic-topology-extension,fine,1,1,0,1,1,0,1,1,1,1,0,0.8
SYNTH_INA_0215,RKGRScen,Inattention to the road ahead,synthetic-topology-extension,fine,1,1,1,1,1,1,1,1,1,1,1,1
SYNTH_INA_0216,RKGRScen,Inattention to the road ahead,synthetic-topology-extension,fine,1,0,1,1,1,0,1,1,1,1,0,0.8
SYNTH_INA_0217,RKGRScen,Inattention to the road ahead,synthetic-topology-extension,fine,1,1,0,1,1,0,1,1,1,1,0,0.8
NHTSA_FTY_0001,RKGRScen,Failure to yield,NHTSA-derived,fine,1,1,1,1,1,1,1,1,1,1,1,1
NHTSA_FTY_0002,RKGRScen,Failure to yield,NHTSA-derived,fine,1,1,1,1,1,1,1,1,1,1,1,1
NHTSA_FTY_0003,RKGRScen,Failure to yield,NHTSA-derived,fine,1,1,1,1,1,1,1,1,1,1,1,1
NHTSA_FTY_0004,RKGRScen,Failure to yield,NHTSA-derived,fine,1,1,1,1,1,1,1,1,1,1,1,1
NHTSA_FTY_0005,RKGRScen,Failure to yield,NHTSA-derived,fine,1,1,1,1,1,1,1,1,1,1,1,1
NHTSA_FTY_0006,RKGRScen,Failure to yield,NHTSA-derived,fine,1,1,0,1,1,0,1,1,1,1,0,0.8
NHTSA_FTY_0007,RKGRScen,Failure to yield,NHTSA-derived,coarse,1,1,0,1,1,0,1,1,1,1,0,0.8
NHTSA_FTY_0008,RKGRScen,Failure to yield,NHTSA-derived,coarse,0,0,1,,,,,,,,,
NHTSA_FTY_0009,RKGRScen,Failure to yield,NHTSA-derived,coarse,1,0,1,1,1,1,1,1,1,1,1,1
NHTSA_FTY_0010,RKGRScen,Failure to yield,NHTSA-derived,coarse,1,1,1,1,1,1,1,1,1,1,1,1
NHTSA_FTY_0011,RKGRScen,Failure to yield,NHTSA-derived,coarse,1,1,1,1,1,1,1,1,1,1,1,1
NHTSA_FTY_0012,RKGRScen,Failure to yield,NHTSA-derived,coarse,1,0,1,1,1,1,1,1,1,1,1,1
NHTSA_FTY_0013,RKGRScen,Failure to yield,NHTSA-derived,coarse,1,1,1,1,1,1,1,1,1,1,1,1
NHTSA_FTY_0014,RKGRScen,Failure to yield,NHTSA-derived,coarse,1,1,1,1,1,1,1,1,1,1,1,1
NHTSA_FTY_0015,RKGRScen,Failure to yield,NHTSA-derived,coarse,1,1,1,1,1,1,1,1,1,1,1,1
NHTSA_FTY_0016,RKGRScen,Failure to yield,NHTSA-derived,coarse,1,1,0,1,1,0,1,1,1,1,0,0.8
NHTSA_FTY_0017,RKGRScen,Failure to yield,NHTSA-derived,coarse,1,1,1,1,1,1,1,1,1,1,1,1
NHTSA_FTY_0018,RKGRScen,Failure to yield,NHTSA-derived,coarse,1,0,1,1,1,1,1,1,1,1,1,1
NHTSA_FTY_0019,RKGRScen,Failure to yield,NHTSA-derived,coarse,1,0,1,1,1,0,1,1,1,1,0,0.8
NHTSA_FTY_0020,RKGRScen,Failure to yield,NHTSA-derived,coarse,1,0,1,1,1,1,1,1,1,1,1,1
NHTSA_FTY_0021,RKGRScen,Failure to yield,NHTSA-derived,coarse,1,1,1,1,1,1,1,1,1,1,1,1
NHTSA_FTY_0022,RKGRScen,Failure to yield,NHTSA-derived,coarse,1,1,1,1,1,1,1,1,1,1,1,1
NHTSA_FTY_0023,RKGRScen,Failure to yield,NHTSA-derived,coarse,1,0,1,1,1,0,1,1,1,1,0,0.8
NHTSA_FTY_0024,RKGRScen,Failure to yield,NHTSA-derived,coarse,1,1,1,1,1,1,1,1,1,1,1,1
NHTSA_FTY_0025,RKGRScen,Failure to yield,NHTSA-derived,coarse,1,1,1,1,1,1,1,1,1,1,1,1
NHTSA_FTY_0026,RKGRScen,Failure to yield,NHTSA-derived,coarse,1,0,1,1,1,1,1,1,1,1,1,1
NHTSA_FTY_0027,RKGRScen,Failure to yield,NHTSA-derived,coarse,1,1,1,1,1,1,1,1,1,1,1,1
NHTSA_FTY_0028,RKGRScen,Failure to yield,NHTSA-derived,coarse,1,1,1,1,1,1,1,1,1,1,1,1
NHTSA_FTY_0029,RKGRScen,Failure to yield,NHTSA-derived,coarse,1,1,0,1,1,0,1,1,1,1,0,0.8
NHTSA_FTY_0030,RKGRScen,Failure to yield,NHTSA-derived,coarse,1,1,1,1,1,1,1,1,1,1,1,1
NHTSA_FTY_0031,RKGRScen,Failure to yield,NHTSA-derived,coarse,1,1,1,1,1,1,1,1,1,1,1,1
NHTSA_FTY_0032,RKGRScen,Failure to yield,NHTSA-derived,coarse,1,1,1,1,1,1,1,1,1,1,1,1
NHTSA_FTY_0033,RKGRScen,Failure to yield,NHTSA-derived,coarse,1,1,1,1,1,1,1,1,1,1,1,1
NHTSA_FTY_0034,RKGRScen,Failure to yield,NHTSA-derived,coarse,1,1,1,1,1,1,1,1,1,1,1,1
NHTSA_FTY_0035,RKGRScen,Failure to yield,NHTSA-derived,coarse,1,1,1,1,1,1,1,1,1,1,1,1
NHTSA_FTY_0036,RKGRScen,Failure to yield,NHTSA-derived,coarse,1,0,1,1,1,1,1,1,1,1,1,1
NHTSA_FTY_0037,RKGRScen,Failure to yield,NHTSA-derived,coarse,1,0,1,1,1,0,1,1,1,1,0,0.8
NHTSA_FTY_0038,RKGRScen,Failure to yield,NHTSA-derived,coarse,1,0,1,1,1,1,1,1,1,1,1,1
NHTSA_FTY_0039,RKGRScen,Failure to yield,NHTSA-derived,coarse,0,0,1,,,,,,,,,
NHTSA_FTY_0040,RKGRScen,Failure to yield,NHTSA-derived,coarse,1,1,1,1,1,1,1,1,1,1,1,1
NHTSA_FTY_0041,RKGRScen,Failure to yield,NHTSA-derived,coarse,1,0,1,1,1,0,1,1,1,1,0,0.8
NHTSA_FTY_0042,RKGRScen,Failure to yield,NHTSA-derived,coarse,1,1,1,1,1,1,1,1,1,1,1,1
NHTSA_FTY_0043,RKGRScen,Failure to yield,NHTSA-derived,coarse,1,0,1,1,1,0,1,1,1,1,0,0.8
NHTSA_FTY_0044,RKGRScen,Failure to yield,NHTSA-derived,coarse,1,0,1,1,1,1,1,1,1,1,1,1
NHTSA_FTY_0045,RKGRScen,Failure to yield,NHTSA-derived,coarse,1,1,1,1,1,1,1,1,1,1,1,1
NHTSA_FTY_0046,RKGRScen,Failure to yield,NHTSA-derived,coarse,1,1,1,1,1,1,1,1,1,1,1,1
NHTSA_FTY_0047,RKGRScen,Failure to yield,NHTSA-derived,coarse,0,0,1,,,,,,,,,
NHTSA_FTY_0048,RKGRScen,Failure to yield,NHTSA-derived,coarse,1,0,1,1,1,1,1,1,1,1,1,1
NHTSA_FTY_0049,RKGRScen,Failure to yield,NHTSA-derived,coarse,0,0,1,,,,,,,,,
NHTSA_FTY_0050,RKGRScen,Failure to yield,NHTSA-derived,coarse,1,1,1,1,1,1,1,1,1,1,1,1
NHTSA_FTY_0051,RKGRScen,Failure to yield,NHTSA-derived,coarse,1,1,1,1,1,1,1,1,1,1,1,1
NHTSA_FTY_0052,RKGRScen,Failure to yield,NHTSA-derived,coarse,1,1,1,1,1,1,1,1,1,1,1,1
NHTSA_FTY_0053,RKGRScen,Failure to yield,NHTSA-derived,coarse,1,0,1,1,1,0,1,1,1,1,0,0.8
NHTSA_FTY_0054,RKGRScen,Failure to yield,NHTSA-derived,coarse,1,1,1,1,1,1,1,1,1,1,1,1
NHTSA_FTY_0055,RKGRScen,Failure to yield,NHTSA-derived,coarse,1,1,1,1,1,1,1,1,1,1,1,1
NHTSA_FTY_0056,RKGRScen,Failure to yield,NHTSA-derived,coarse,1,1,0,1,1,0,1,1,1,1,0,0.8
NHTSA_FTY_0057,RKGRScen,Failure to yield,NHTSA-derived,coarse,1,0,1,1,1,0,1,1,1,1,0,0.8
NHTSA_FTY_0058,RKGRScen,Failure to yield,NHTSA-derived,coarse,1,0,0,1,1,0,1,1,1,1,0,0.8
NHTSA_FTY_0059,RKGRScen,Failure to yield,NHTSA-derived,coarse,1,1,1,1,1,1,1,1,1,1,1,1
NHTSA_FTY_0060,RKGRScen,Failure to yield,NHTSA-derived,coarse,0,0,1,,,,,,,,,
NHTSA_FTY_0061,RKGRScen,Failure to yield,NHTSA-derived,coarse,1,1,1,1,1,1,1,1,1,1,1,1
NHTSA_FTY_0062,RKGRScen,Failure to yield,NHTSA-derived,coarse,1,1,0,1,1,0,1,1,1,1,0,0.8
NHTSA_FTY_0063,RKGRScen,Failure to yield,NHTSA-derived,coarse,1,1,1,1,1,1,1,1,1,1,1,1
NHTSA_FTY_0064,RKGRScen,Failure to yield,NHTSA-derived,coarse,1,1,0,1,1,0,1,1,1,1,0,0.8
NHTSA_FTY_0065,RKGRScen,Failure to yield,NHTSA-derived,coarse,1,1,1,1,1,1,1,1,1,1,1,1
NHTSA_FTY_0066,RKGRScen,Failure to yield,NHTSA-derived,coarse,1,1,1,1,1,1,1,1,1,1,1,1
NHTSA_FTY_0067,RKGRScen,Failure to yield,NHTSA-derived,coarse,1,1,1,1,1,1,1,1,1,1,1,1
NHTSA_FTY_0068,RKGRScen,Failure to yield,NHTSA-derived,coarse,1,1,1,1,1,1,1,1,1,1,1,1
NHTSA_FTY_0069,RKGRScen,Failure to yield,NHTSA-derived,coarse,1,0,1,1,1,1,1,1,1,1,1,1
NHTSA_FTY_0070,RKGRScen,Failure to yield,NHTSA-derived,coarse,1,0,1,1,1,1,1,1,1,1,1,1
NHTSA_FTY_0071,RKGRScen,Failure to yield,NHTSA-derived,coarse,1,1,1,1,1,1,1,1,1,1,1,1
NHTSA_FTY_0072,RKGRScen,Failure to yield,NHTSA-derived,coarse,1,1,1,1,1,1,1,1,1,1,1,1
NHTSA_FTY_0073,RKGRScen,Failure to yield,NHTSA-derived,coarse,1,1,1,1,1,1,1,1,1,1,1,1
NHTSA_FTY_0074,RKGRScen,Failure to yield,NHTSA-derived,coarse,1,1,1,1,1,1,1,1,1,1,1,1
NHTSA_FTY_0075,RKGRScen,Failure to yield,NHTSA-derived,coarse,1,1,1,1,1,1,1,1,1,1,1,1
NHTSA_FTY_0076,RKGRScen,Failure to yield,NHTSA-derived,coarse,1,1,1,1,1,1,1,1,1,1,1,1
NHTSA_FTY_0077,RKGRScen,Failure to yield,NHTSA-derived,coarse,1,0,1,1,1,1,1,1,1,1,1,1
NHTSA_FTY_0078,RKGRScen,Failure to yield,NHTSA-derived,coarse,1,1,1,1,1,1,1,1,1,1,1,1
NHTSA_FTY_0079,RKGRScen,Failure to yield,NHTSA-derived,coarse,1,0,1,1,1,0,1,1,1,1,0,0.8
NHTSA_FTY_0080,RKGRScen,Failure to yield,NHTSA-derived,coarse,1,1,1,1,1,1,1,1,1,1,1,1
NHTSA_FTY_0081,RKGRScen,Failure to yield,NHTSA-derived,coarse,1,1,1,1,1,1,1,1,1,1,1,1
NHTSA_FTY_0082,RKGRScen,Failure to yield,NHTSA-derived,coarse,1,1,1,1,1,1,1,1,1,1,1,1
NHTSA_FTY_0083,RKGRScen,Failure to yield,NHTSA-derived,coarse,1,1,1,1,1,1,1,1,1,1,1,1
NHTSA_FTY_0084,RKGRScen,Failure to yield,NHTSA-derived,coarse,1,0,1,1,1,1,1,1,1,1,1,1
NHTSA_FTY_0085,RKGRScen,Failure to yield,NHTSA-derived,coarse,1,0,1,1,1,0,1,1,1,1,0,0.8
NHTSA_FTY_0086,RKGRScen,Failure to yield,NHTSA-derived,coarse,1,1,1,1,1,1,1,1,1,1,1,1
NHTSA_FTY_0087,RKGRScen,Failure to yield,NHTSA-derived,coarse,1,1,1,1,1,1,1,1,1,1,1,1
NHTSA_FTY_0088,RKGRScen,Failure to yield,NHTSA-derived,coarse,0,0,1,,,,,,,,,
NHTSA_FTY_0089,RKGRScen,Failure to yield,NHTSA-derived,coarse,1,1,1,1,1,1,1,1,1,1,1,1
NHTSA_FTY_0090,RKGRScen,Failure to yield,NHTSA-derived,coarse,1,1,1,1,1,1,1,1,1,1,1,1
NHTSA_FTY_0091,RKGRScen,Failure to yield,NHTSA-derived,coarse,1,1,1,1,1,1,1,1,1,1,1,1
NHTSA_FTY_0092,RKGRScen,Failure to yield,NHTSA-derived,coarse,1,0,1,1,1,0,1,1,1,1,0,0.8
NHTSA_FTY_0093,RKGRScen,Failure to yield,NHTSA-derived,coarse,1,1,1,1,1,1,1,1,1,1,1,1
NHTSA_FTY_0094,RKGRScen,Failure to yield,NHTSA-derived,coarse,0,0,0,,,,,,,,,
NHTSA_FTY_0095,RKGRScen,Failure to yield,NHTSA-derived,coarse,1,1,1,1,1,1,1,1,1,1,1,1
NHTSA_FTY_0096,RKGRScen,Failure to yield,NHTSA-derived,coarse,1,1,1,1,1,1,1,1,1,1,1,1
NHTSA_FTY_0097,RKGRScen,Failure to yield,NHTSA-derived,coarse,1,0,1,1,1,1,1,1,1,1,1,1
NHTSA_FTY_0098,RKGRScen,Failure to yield,NHTSA-derived,coarse,1,1,0,1,1,0,1,1,1,1,0,0.8
NHTSA_FTY_0099,RKGRScen,Failure to yield,NHTSA-derived,coarse,1,1,1,1,1,1,1,1,1,1,1,1
NHTSA_FTY_0100,RKGRScen,Failure to yield,NHTSA-derived,coarse,1,1,1,1,1,1,1,1,1,1,1,1
NHTSA_FTY_0101,RKGRScen,Failure to yield,NHTSA-derived,coarse,1,0,1,1,1,1,1,1,1,1,1,1
NHTSA_FTY_0102,RKGRScen,Failure to yield,NHTSA-derived,coarse,1,0,1,1,1,0,1,1,1,1,0,0.8
NHTSA_FTY_0103,RKGRScen,Failure to yield,NHTSA-derived,coarse,1,1,1,1,1,1,1,1,1,1,1,1
NHTSA_FTY_0104,RKGRScen,Failure to yield,NHTSA-derived,coarse,1,1,1,1,1,1,1,1,1,1,1,1
NHTSA_FTY_0105,RKGRScen,Failure to yield,NHTSA-derived,coarse,1,0,1,1,1,1,1,1,1,1,1,1
NHTSA_FTY_0106,RKGRScen,Failure to yield,NHTSA-derived,coarse,1,1,1,1,1,1,1,1,1,1,1,1
NHTSA_FTY_0107,RKGRScen,Failure to yield,NHTSA-derived,coarse,1,1,1,1,1,1,1,1,1,1,1,1
NHTSA_FTY_0108,RKGRScen,Failure to yield,NHTSA-derived,coarse,1,0,1,1,1,0,1,1,1,1,0,0.8
NHTSA_FTY_0109,RKGRScen,Failure to yield,NHTSA-derived,coarse,1,1,1,1,1,1,1,1,1,1,1,1
NHTSA_FTY_0110,RKGRScen,Failure to yield,NHTSA-derived,coarse,1,1,1,1,1,1,1,1,1,1,1,1
NHTSA_FTY_0111,RKGRScen,Failure to yield,NHTSA-derived,coarse,0,0,1,,,,,,,,,
NHTSA_FTY_0112,RKGRScen,Failure to yield,NHTSA-derived,coarse,1,1,1,1,1,1,1,1,1,1,1,1
NHTSA_FTY_0113,RKGRScen,Failure to yield,NHTSA-derived,coarse,1,1,1,1,1,1,1,1,1,1,1,1
NHTSA_FTY_0114,RKGRScen,Failure to yield,NHTSA-derived,coarse,1,0,1,1,1,0,1,1,1,1,0,0.8
NHTSA_FTY_0115,RKGRScen,Failure to yield,NHTSA-derived,coarse,0,0,1,,,,,,,,,
NHTSA_FTY_0116,RKGRScen,Failure to yield,NHTSA-derived,coarse,1,0,1,1,1,0,1,1,1,1,0,0.8
NHTSA_FTY_0117,RKGRScen,Failure to yield,NHTSA-derived,coarse,1,1,1,1,1,1,1,1,1,1,1,1
NHTSA_FTY_0118,RKGRScen,Failure to yield,NHTSA-derived,coarse,1,1,1,1,1,1,1,1,1,1,1,1
NHTSA_FTY_0119,RKGRScen,Failure to yield,NHTSA-derived,coarse,1,1,1,1,1,1,1,1,1,1,1,1
NHTSA_FTY_0120,RKGRScen,Failure to yield,NHTSA-derived,coarse,1,1,1,1,1,1,1,1,1,1,1,1
NHTSA_FTY_0121,RKGRScen,Failure to yield,NHTSA-derived,coarse,1,1,1,1,1,1,1,1,1,1,1,1
NHTSA_FTY_0122,RKGRScen,Failure to yield,NHTSA-derived,coarse,1,0,1,1,1,0,1,1,1,1,0,0.8
NHTSA_FTY_0123,RKGRScen,Failure to yield,NHTSA-derived,coarse,1,1,1,1,1,1,1,1,1,1,1,1
NHTSA_FTY_0124,RKGRScen,Failure to yield,NHTSA-derived,coarse,1,1,1,1,1,1,1,1,1,1,1,1
NHTSA_FTY_0125,RKGRScen,Failure to yield,NHTSA-derived,coarse,1,0,1,1,1,0,1,1,1,1,0,0.8
NHTSA_FTY_0126,RKGRScen,Failure to yield,NHTSA-derived,coarse,1,0,1,1,1,1,1,1,1,1,1,1
NHTSA_FTY_0127,RKGRScen,Failure to yield,NHTSA-derived,coarse,1,1,1,1,1,1,1,1,1,1,1,1
NHTSA_FTY_0128,RKGRScen,Failure to yield,NHTSA-derived,coarse,1,1,1,1,1,1,1,1,1,1,1,1
NHTSA_FTY_0129,RKGRScen,Failure to yield,NHTSA-derived,coarse,1,0,1,1,1,1,1,1,1,1,1,1
NHTSA_FTY_0130,RKGRScen,Failure to yield,NHTSA-derived,coarse,1,1,1,1,1,1,1,1,1,1,1,1
NHTSA_FTY_0131,RKGRScen,Failure to yield,NHTSA-derived,coarse,1,1,1,1,1,1,1,1,1,1,1,1
NHTSA_FTY_0132,RKGRScen,Failure to yield,NHTSA-derived,coarse,0,0,1,,,,,,,,,
NHTSA_FTY_0133,RKGRScen,Failure to yield,NHTSA-derived,coarse,1,1,0,1,1,0,1,1,1,1,0,0.8
NHTSA_FTY_0134,RKGRScen,Failure to yield,NHTSA-derived,coarse,1,1,1,1,1,1,1,1,1,1,1,1
NHTSA_FTY_0135,RKGRScen,Failure to yield,NHTSA-derived,coarse,1,1,1,1,1,1,1,1,1,1,1,1
NHTSA_FTY_0136,RKGRScen,Failure to yield,NHTSA-derived,coarse,0,0,1,,,,,,,,,
NHTSA_FTY_0137,RKGRScen,Failure to yield,NHTSA-derived,coarse,1,1,1,1,1,1,1,1,1,1,1,1
NHTSA_FTY_0138,RKGRScen,Failure to yield,NHTSA-derived,coarse,1,0,1,1,1,1,1,1,1,1,1,1
NHTSA_FTY_0139,RKGRScen,Failure to yield,NHTSA-derived,coarse,1,0,1,1,1,1,1,1,1,1,1,1
NHTSA_FTY_0140,RKGRScen,Failure to yield,NHTSA-derived,coarse,0,0,1,,,,,,,,,
NHTSA_FTY_0141,RKGRScen,Failure to yield,NHTSA-derived,coarse,1,1,1,1,1,1,1,1,1,1,1,1
NHTSA_FTY_0142,RKGRScen,Failure to yield,NHTSA-derived,coarse,1,1,1,1,1,1,1,1,1,1,1,1
NHTSA_FTY_0143,RKGRScen,Failure to yield,NHTSA-derived,coarse,1,1,1,1,1,1,1,1,1,1,1,1
NHTSA_FTY_0144,RKGRScen,Failure to yield,NHTSA-derived,coarse,1,1,0,1,1,0,1,1,1,1,0,0.8
NHTSA_FTY_0145,RKGRScen,Failure to yield,NHTSA-derived,coarse,1,0,1,1,1,0,1,1,1,1,0,0.8
NHTSA_FTY_0146,RKGRScen,Failure to yield,NHTSA-derived,coarse,1,1,0,1,1,0,1,1,1,1,0,0.8
NHTSA_FTY_0147,RKGRScen,Failure to yield,NHTSA-derived,coarse,1,1,1,1,1,1,1,1,1,1,1,1
NHTSA_FTY_0148,RKGRScen,Failure to yield,NHTSA-derived,coarse,0,0,1,,,,,,,,,
NHTSA_FTY_0149,RKGRScen,Failure to yield,NHTSA-derived,coarse,1,0,1,1,1,0,1,1,1,1,0,0.8
NHTSA_FTY_0150,RKGRScen,Failure to yield,NHTSA-derived,coarse,1,1,1,1,1,1,1,1,1,1,1,1
NHTSA_FTY_0151,RKGRScen,Failure to yield,NHTSA-derived,coarse,1,0,1,1,1,0,1,1,1,1,1,0.8400000000000001
NHTSA_FTY_0152,RKGRScen,Failure to yield,NHTSA-derived,coarse,1,1,1,1,1,1,1,1,1,1,1,1
NHTSA_FTY_0153,RKGRScen,Failure to yield,NHTSA-derived,coarse,1,1,1,1,1,1,1,1,1,1,1,1
NHTSA_FTY_0154,RKGRScen,Failure to yield,NHTSA-derived,coarse,1,0,1,1,1,1,1,1,1,1,1,1
NHTSA_FTY_0155,RKGRScen,Failure to yield,NHTSA-derived,coarse,1,1,0,1,1,0,1,1,1,1,0,0.8
NHTSA_FTY_0156,RKGRScen,Failure to yield,NHTSA-derived,coarse,1,1,1,1,1,1,1,1,1,1,1,1
NHTSA_FTY_0157,RKGRScen,Failure to yield,NHTSA-derived,coarse,1,0,1,1,1,1,1,1,1,1,1,1
NHTSA_FTY_0158,RKGRScen,Failure to yield,NHTSA-derived,coarse,1,1,1,1,1,1,1,1,1,1,1,1
NHTSA_FTY_0159,RKGRScen,Failure to yield,NHTSA-derived,coarse,1,1,1,1,1,1,1,1,1,1,1,1
NHTSA_FTY_0160,RKGRScen,Failure to yield,NHTSA-derived,coarse,1,1,1,1,1,1,1,1,1,1,1,1
NHTSA_FTY_0161,RKGRScen,Failure to yield,NHTSA-derived,coarse,1,0,1,1,1,0,1,1,1,1,0,0.8
NHTSA_FTY_0162,RKGRScen,Failure to yield,NHTSA-derived,coarse,1,1,1,1,1,1,1,1,1,1,1,1
NHTSA_FTY_0163,RKGRScen,Failure to yield,NHTSA-derived,coarse,1,0,1,1,1,0,1,1,1,1,0,0.8
NHTSA_FTY_0164,RKGRScen,Failure to yield,NHTSA-derived,coarse,1,1,1,1,1,1,1,1,1,1,1,1
NHTSA_FTY_0165,RKGRScen,Failure to yield,NHTSA-derived,coarse,1,0,1,1,1,0,1,1,1,1,0,0.8
NHTSA_FTY_0166,RKGRScen,Failure to yield,NHTSA-derived,coarse,0,0,1,,,,,,,,,
NHTSA_FTY_0167,RKGRScen,Failure to yield,NHTSA-derived,coarse,1,1,1,1,1,1,1,1,1,1,1,1
NHTSA_FTY_0168,RKGRScen,Failure to yield,NHTSA-derived,coarse,1,1,1,1,1,1,1,1,1,1,1,1
NHTSA_FTY_0169,RKGRScen,Failure to yield,NHTSA-derived,coarse,1,0,1,1,1,0,1,1,1,1,0,0.8
NHTSA_FTY_0170,RKGRScen,Failure to yield,NHTSA-derived,coarse,1,1,1,1,1,1,1,1,1,1,1,1
NHTSA_FTY_0171,RKGRScen,Failure to yield,NHTSA-derived,coarse,1,0,1,1,1,1,1,1,1,1,1,1
NHTSA_FTY_0172,RKGRScen,Failure to yield,NHTSA-derived,coarse,1,1,0,1,1,0,1,1,1,1,0,0.8
NHTSA_FTY_0173,RKGRScen,Failure to yield,NHTSA-derived,coarse,1,1,1,1,1,1,1,1,1,1,1,1
NHTSA_FTY_0174,RKGRScen,Failure to yield,NHTSA-derived,coarse,1,0,1,1,1,0,1,1,1,1,1,0.8400000000000001
NHTSA_FTY_0175,RKGRScen,Failure to yield,NHTSA-derived,coarse,1,1,1,1,1,1,1,1,1,1,1,1
NHTSA_FTY_0176,RKGRScen,Failure to yield,NHTSA-derived,coarse,1,1,1,1,1,1,1,1,1,1,1,1
NHTSA_FTY_0177,RKGRScen,Failure to yield,NHTSA-derived,coarse,1,1,1,1,1,1,1,1,1,1,1,1
NHTSA_FTY_0178,RKGRScen,Failure to yield,NHTSA-derived,coarse,1,1,1,1,1,1,1,1,1,1,1,1
NHTSA_FTY_0179,RKGRScen,Failure to yield,NHTSA-derived,coarse,1,1,1,1,1,1,1,1,1,1,1,1
NHTSA_FTY_0180,RKGRScen,Failure to yield,NHTSA-derived,coarse,1,1,0,1,1,0,1,1,1,1,0,0.8
NHTSA_FTY_0181,RKGRScen,Failure to yield,NHTSA-derived,coarse,1,0,1,1,1,1,1,1,1,1,1,1
NHTSA_FTY_0182,RKGRScen,Failure to yield,NHTSA-derived,coarse,1,1,1,1,1,1,1,1,1,1,1,1
NHTSA_FTY_0183,RKGRScen,Failure to yield,NHTSA-derived,coarse,1,1,1,1,1,1,1,1,1,1,1,1
NHTSA_FTY_0184,RKGRScen,Failure to yield,NHTSA-derived,coarse,1,1,1,1,1,1,1,1,1,1,1,1
NHTSA_FTY_0185,RKGRScen,Failure to yield,NHTSA-derived,coarse,1,0,1,1,1,0,1,1,1,1,1,0.8400000000000001
NHTSA_FTY_0186,RKGRScen,Failure to yield,NHTSA-derived,coarse,1,1,1,1,1,1,1,1,1,1,1,1
NHTSA_FTY_0187,RKGRScen,Failure to yield,NHTSA-derived,coarse,1,0,1,1,1,1,1,1,1,1,1,1
NHTSA_FTY_0188,RKGRScen,Failure to yield,NHTSA-derived,coarse,1,0,1,1,1,1,1,1,1,1,1,1
NHTSA_FTY_0189,RKGRScen,Failure to yield,NHTSA-derived,coarse,1,0,1,1,1,0,1,1,1,1,0,0.8
NHTSA_FTY_0190,RKGRScen,Failure to yield,NHTSA-derived,coarse,1,1,1,1,1,1,1,1,1,1,1,1
NHTSA_FTY_0191,RKGRScen,Failure to yield,NHTSA-derived,coarse,1,1,1,1,1,1,1,1,1,1,1,1
NHTSA_FTY_0192,RKGRScen,Failure to yield,NHTSA-derived,coarse,1,1,1,1,1,1,1,1,1,1,1,1
NHTSA_FTY_0193,RKGRScen,Failure to yield,NHTSA-derived,coarse,1,1,1,1,1,1,1,1,1,1,1,1
NHTSA_FTY_0194,RKGRScen,Failure to yield,NHTSA-derived,coarse,0,0,1,,,,,,,,,
NHTSA_FTY_0195,RKGRScen,Failure to yield,NHTSA-derived,coarse,1,1,1,1,1,1,1,1,1,1,1,1
NHTSA_FTY_0196,RKGRScen,Failure to yield,NHTSA-derived,coarse,1,1,1,1,1,1,1,1,1,1,1,1
NHTSA_FTY_0197,RKGRScen,Failure to yield,NHTSA-derived,coarse,0,0,1,,,,,,,,,
NHTSA_FTY_0198,RKGRScen,Failure to yield,NHTSA-derived,coarse,1,1,1,1,1,1,1,1,1,1,1,1
NHTSA_FTY_0199,RKGRScen,Failure to yield,NHTSA-derived,coarse,0,0,1,,,,,,,,,
NHTSA_FTY_0200,RKGRScen,Failure to yield,NHTSA-derived,coarse,1,1,1,1,1,1,1,1,1,1,1,1
NHTSA_FTY_0201,RKGRScen,Failure to yield,NHTSA-derived,coarse,1,1,1,1,1,1,1,1,1,1,1,1
NHTSA_FTY_0202,RKGRScen,Failure to yield,NHTSA-derived,coarse,1,1,1,1,1,1,1,1,1,1,1,1
NHTSA_FTY_0203,RKGRScen,Failure to yield,NHTSA-derived,coarse,0,0,1,,,,,,,,,
NHTSA_FTY_0204,RKGRScen,Failure to yield,NHTSA-derived,coarse,1,1,1,1,1,1,1,1,1,1,1,1
NHTSA_FTY_0205,RKGRScen,Failure to yield,NHTSA-derived,coarse,1,0,1,1,1,0,1,1,1,1,0,0.8
NHTSA_FTY_0206,RKGRScen,Failure to yield,NHTSA-derived,coarse,1,0,1,1,1,0,1,1,1,1,0,0.8
NHTSA_FTY_0207,RKGRScen,Failure to yield,NHTSA-derived,coarse,1,1,1,1,1,1,1,1,1,1,1,1
NHTSA_FTY_0208,RKGRScen,Failure to yield,NHTSA-derived,coarse,1,1,1,1,1,1,1,1,1,1,1,1
NHTSA_FTY_0209,RKGRScen,Failure to yield,NHTSA-derived,coarse,1,0,1,1,1,1,1,1,1,1,1,1
NHTSA_FTY_0210,RKGRScen,Failure to yield,NHTSA-derived,coarse,1,0,1,1,1,0,1,1,1,1,1,0.8400000000000001
NHTSA_FTY_0211,RKGRScen,Failure to yield,NHTSA-derived,coarse,1,1,1,1,1,1,1,1,1,1,1,1
NHTSA_FTY_0212,RKGRScen,Failure to yield,NHTSA-derived,coarse,1,0,1,1,1,1,1,1,1,1,1,1
NHTSA_FTY_0213,RKGRScen,Failure to yield,NHTSA-derived,coarse,1,0,1,1,1,1,1,1,1,1,1,1
NHTSA_FTY_0214,RKGRScen,Failure to yield,NHTSA-derived,coarse,1,1,1,1,1,1,1,1,1,1,1,1
NHTSA_FTY_0215,RKGRScen,Failure to yield,NHTSA-derived,coarse,1,1,1,1,1,1,1,1,1,1,1,1
NHTSA_FTY_0216,RKGRScen,Failure to yield,NHTSA-derived,coarse,1,1,1,1,1,1,1,1,1,1,1,1
NHTSA_FTY_0217,RKGRScen,Failure to yield,NHTSA-derived,coarse,1,1,1,1,1,1,1,1,1,1,1,1
NHTSA_FTY_0218,RKGRScen,Failure to yield,NHTSA-derived,coarse,1,1,1,1,1,1,1,1,1,1,1,1
NHTSA_FTY_0219,RKGRScen,Failure to yield,NHTSA-derived,coarse,1,1,1,1,1,1,1,1,1,1,1,1
NHTSA_FTY_0220,RKGRScen,Failure to yield,NHTSA-derived,coarse,1,1,1,1,1,1,1,1,1,1,1,1
NHTSA_FTY_0221,RKGRScen,Failure to yield,NHTSA-derived,coarse,1,1,1,1,1,1,1,1,1,1,1,1
NHTSA_FTY_0222,RKGRScen,Failure to yield,NHTSA-derived,coarse,1,0,1,1,1,1,1,1,1,1,1,1
NHTSA_FTY_0223,RKGRScen,Failure to yield,NHTSA-derived,coarse,1,1,1,1,1,1,1,1,1,1,1,1
NHTSA_FTY_0224,RKGRScen,Failure to yield,NHTSA-derived,coarse,1,0,1,1,1,0,1,1,1,1,0,0.8
NHTSA_FTY_0225,RKGRScen,Failure to yield,NHTSA-derived,coarse,1,1,1,1,1,1,1,1,1,1,1,1
NHTSA_FTY_0226,RKGRScen,Failure to yield,NHTSA-derived,coarse,1,1,1,1,1,1,1,1,1,1,1,1
NHTSA_FTY_0227,RKGRScen,Failure to yield,NHTSA-derived,coarse,1,0,1,1,1,1,1,1,1,1,1,1
NHTSA_FTY_0228,RKGRScen,Failure to yield,NHTSA-derived,coarse,1,0,1,1,1,0,1,1,1,1,1,0.8400000000000001
NHTSA_FTY_0229,RKGRScen,Failure to yield,NHTSA-derived,coarse,1,0,1,1,1,0,1,1,1,1,1,0.8400000000000001
NHTSA_FTY_0230,RKGRScen,Failure to yield,NHTSA-derived,coarse,1,1,1,1,1,1,1,1,1,1,1,1
NHTSA_FTY_0231,RKGRScen,Failure to yield,NHTSA-derived,coarse,1,0,1,1,1,1,1,1,1,1,1,1
NHTSA_FTY_0232,RKGRScen,Failure to yield,NHTSA-derived,coarse,1,1,1,1,1,1,1,1,1,1,1,1
NHTSA_FTY_0233,RKGRScen,Failure to yield,NHTSA-derived,coarse,1,1,1,1,1,1,1,1,1,1,1,1
NHTSA_FTY_0234,RKGRScen,Failure to yield,NHTSA-derived,coarse,1,1,1,1,1,1,1,1,1,1,1,1
NHTSA_FTY_0235,RKGRScen,Failure to yield,NHTSA-derived,coarse,1,1,1,1,1,1,1,1,1,1,1,1
NHTSA_FTY_0236,RKGRScen,Failure to yield,NHTSA-derived,coarse,1,1,1,1,1,1,1,1,1,1,1,1
NHTSA_FTY_0237,RKGRScen,Failure to yield,NHTSA-derived,coarse,1,1,1,1,1,1,1,1,1,1,1,1
NHTSA_FTY_0238,RKGRScen,Failure to yield,NHTSA-derived,coarse,1,0,1,1,1,0,1,1,1,1,0,0.8
NHTSA_FTY_0239,RKGRScen,Failure to yield,NHTSA-derived,coarse,1,0,1,1,1,0,1,1,1,1,0,0.8
NHTSA_FTY_0240,RKGRScen,Failure to yield,NHTSA-derived,coarse,1,1,1,1,1,1,1,1,1,1,1,1
NHTSA_FTY_0241,RKGRScen,Failure to yield,NHTSA-derived,coarse,1,1,1,1,1,1,1,1,1,1,1,1
NHTSA_FTY_0242,RKGRScen,Failure to yield,NHTSA-derived,coarse,1,1,1,1,1,1,1,1,1,1,1,1
NHTSA_FTY_0243,RKGRScen,Failure to yield,NHTSA-derived,coarse,1,1,1,1,1,1,1,1,1,1,1,1
NHTSA_FTY_0244,RKGRScen,Failure to yield,NHTSA-derived,coarse,1,1,1,1,1,1,1,1,1,1,1,1
NHTSA_FTY_0245,RKGRScen,Failure to yield,NHTSA-derived,coarse,1,0,1,1,1,1,1,1,1,1,1,1
NHTSA_FTY_0246,RKGRScen,Failure to yield,NHTSA-derived,coarse,1,1,1,1,1,1,1,1,1,1,1,1
NHTSA_FTY_0247,RKGRScen,Failure to yield,NHTSA-derived,coarse,1,0,1,1,1,1,1,1,1,1,1,1
NHTSA_FTY_0248,RKGRScen,Failure to yield,NHTSA-derived,coarse,1,1,1,1,1,1,1,1,1,1,1,1
NHTSA_FTY_0249,RKGRScen,Failure to yield,NHTSA-derived,coarse,1,1,1,1,1,1,1,1,1,1,1,1
NHTSA_FTY_0250,RKGRScen,Failure to yield,NHTSA-derived,coarse,1,1,1,1,1,1,1,1,1,1,1,1
NHTSA_FTY_0251,RKGRScen,Failure to yield,NHTSA-derived,coarse,1,1,1,1,1,1,1,1,1,1,1,1
NHTSA_FTY_0252,RKGRScen,Failure to yield,NHTSA-derived,coarse,1,1,1,1,1,1,1,1,1,1,1,1
NHTSA_FTY_0253,RKGRScen,Failure to yield,NHTSA-derived,coarse,1,1,1,1,1,1,1,1,1,1,1,1
NHTSA_FTY_0254,RKGRScen,Failure to yield,NHTSA-derived,coarse,1,1,1,1,1,1,1,1,1,1,1,1
NHTSA_FTY_0255,RKGRScen,Failure to yield,NHTSA-derived,coarse,1,1,1,1,1,1,1,1,1,1,1,1
NHTSA_FTY_0256,RKGRScen,Failure to yield,NHTSA-derived,coarse,1,1,1,1,1,1,1,1,1,1,1,1
NHTSA_FTY_0257,RKGRScen,Failure to yield,NHTSA-derived,coarse,1,1,1,1,1,1,1,1,1,1,1,1
NHTSA_FTY_0258,RKGRScen,Failure to yield,NHTSA-derived,coarse,1,1,1,1,1,1,1,1,1,1,1,1
NHTSA_FTY_0259,RKGRScen,Failure to yield,NHTSA-derived,coarse,1,1,1,1,1,1,1,1,1,1,1,1
NHTSA_FTY_0260,RKGRScen,Failure to yield,NHTSA-derived,coarse,1,1,1,1,1,1,1,1,1,1,1,1
NHTSA_FTY_0261,RKGRScen,Failure to yield,NHTSA-derived,coarse,0,0,1,,,,,,,,,
NHTSA_FTY_0262,RKGRScen,Failure to yield,NHTSA-derived,coarse,1,1,1,1,1,1,1,1,1,1,1,1
NHTSA_FTY_0263,RKGRScen,Failure to yield,NHTSA-derived,coarse,1,0,1,1,1,1,1,1,1,1,1,1
NHTSA_FTY_0264,RKGRScen,Failure to yield,NHTSA-derived,coarse,1,1,0,1,1,0,1,1,1,1,0,0.8
NHTSA_FTY_0265,RKGRScen,Failure to yield,NHTSA-derived,coarse,1,0,0,1,1,0,1,1,1,1,0,0.8
NHTSA_FTY_0266,RKGRScen,Failure to yield,NHTSA-derived,coarse,1,1,1,1,1,1,1,1,1,1,1,1
NHTSA_FTY_0267,RKGRScen,Failure to yield,NHTSA-derived,coarse,1,0,1,1,1,1,1,1,1,1,1,1
NHTSA_FTY_0268,RKGRScen,Failure to yield,NHTSA-derived,coarse,1,1,1,1,1,1,1,1,1,1,1,1
NHTSA_FTY_0269,RKGRScen,Failure to yield,NHTSA-derived,coarse,1,0,1,1,1,1,1,1,1,1,1,1
NHTSA_FTY_0270,RKGRScen,Failure to yield,NHTSA-derived,coarse,1,0,1,1,1,1,1,1,1,1,1,1
NHTSA_FTY_0271,RKGRScen,Failure to yield,NHTSA-derived,coarse,1,1,1,1,1,1,1,1,1,1,1,1
NHTSA_FTY_0272,RKGRScen,Failure to yield,NHTSA-derived,coarse,1,1,1,1,1,1,1,1,1,1,1,1
NHTSA_FTY_0273,RKGRScen,Failure to yield,NHTSA-derived,coarse,1,0,1,1,1,0,1,1,1,1,0,0.8
NHTSA_FTY_0274,RKGRScen,Failure to yield,NHTSA-derived,coarse,1,1,1,1,1,1,1,1,1,1,1,1
NHTSA_FTY_0275,RKGRScen,Failure to yield,NHTSA-derived,coarse,0,0,1,,,,,,,,,
NHTSA_FTY_0276,RKGRScen,Failure to yield,NHTSA-derived,coarse,1,0,1,1,1,1,1,1,1,1,1,1
NHTSA_FTY_0277,RKGRScen,Failure to yield,NHTSA-derived,coarse,1,0,1,1,1,0,1,1,1,1,0,0.8
NHTSA_FTY_0278,RKGRScen,Failure to yield,NHTSA-derived,coarse,1,0,1,1,1,1,1,1,1,1,1,1
NHTSA_FTY_0279,RKGRScen,Failure to yield,NHTSA-derived,coarse,0,0,1,,,,,,,,,
NHTSA_FTY_0280,RKGRScen,Failure to yield,NHTSA-derived,coarse,1,1,1,1,1,1,1,1,1,1,1,1
NHTSA_FTY_0281,RKGRScen,Failure to yield,NHTSA-derived,coarse,1,1,1,1,1,1,1,1,1,1,1,1
NHTSA_FTY_0282,RKGRScen,Failure to yield,NHTSA-derived,coarse,1,1,1,1,1,1,1,1,1,1,1,1
NHTSA_FTY_0283,RKGRScen,Failure to yield,NHTSA-derived,coarse,1,0,1,1,1,0,1,1,1,1,0,0.8
NHTSA_FTY_0284,RKGRScen,Failure to yield,NHTSA-derived,coarse,1,1,1,1,1,1,1,1,1,1,1,1
NHTSA_FTY_0285,RKGRScen,Failure to yield,NHTSA-derived,coarse,1,1,1,1,1,1,1,1,1,1,1,1
NHTSA_FTY_0286,RKGRScen,Failure to yield,NHTSA-derived,coarse,1,1,1,1,1,1,1,1,1,1,1,1
NHTSA_FTY_0287,RKGRScen,Failure to yield,NHTSA-derived,coarse,1,1,1,1,1,1,1,1,1,1,1,1
NHTSA_FTY_0288,RKGRScen,Failure to yield,NHTSA-derived,coarse,1,1,1,1,1,1,1,1,1,1,1,1
NHTSA_FTY_0289,RKGRScen,Failure to yield,NHTSA-derived,coarse,1,1,1,1,1,1,1,1,1,1,1,1
NHTSA_FTY_0290,RKGRScen,Failure to yield,NHTSA-derived,coarse,1,1,1,1,1,1,1,1,1,1,1,1
NHTSA_FTY_0291,RKGRScen,Failure to yield,NHTSA-derived,coarse,1,1,1,1,1,1,1,1,1,1,1,1
NHTSA_FTY_0292,RKGRScen,Failure to yield,NHTSA-derived,coarse,1,1,1,1,1,1,1,1,1,1,1,1
NHTSA_FTY_0293,RKGRScen,Failure to yield,NHTSA-derived,coarse,1,1,1,1,1,1,1,1,1,1,1,1
NHTSA_FTY_0294,RKGRScen,Failure to yield,NHTSA-derived,coarse,1,0,1,1,1,1,1,1,1,1,1,1
NHTSA_FTY_0295,RKGRScen,Failure to yield,NHTSA-derived,coarse,1,1,1,1,1,1,1,1,1,1,1,1
NHTSA_FTY_0296,RKGRScen,Failure to yield,NHTSA-derived,coarse,1,1,1,1,1,1,1,1,1,1,1,1
NHTSA_FTY_0297,RKGRScen,Failure to yield,NHTSA-derived,coarse,0,0,1,,,,,,,,,
NHTSA_FTY_0298,RKGRScen,Failure to yield,NHTSA-derived,coarse,1,1,1,1,1,1,1,1,1,1,1,1
NHTSA_FTY_0299,RKGRScen,Failure to yield,NHTSA-derived,coarse,1,0,1,1,1,1,1,1,1,1,1,1
NHTSA_FTY_0300,RKGRScen,Failure to yield,NHTSA-derived,coarse,1,1,1,1,1,1,1,1,1,1,1,1
NHTSA_FTY_0301,RKGRScen,Failure to yield,NHTSA-derived,coarse,1,1,1,1,1,1,1,1,1,1,1,1
NHTSA_FTY_0302,RKGRScen,Failure to yield,NHTSA-derived,coarse,1,1,1,1,1,1,1,1,1,1,1,1
NHTSA_FTY_0303,RKGRScen,Failure to yield,NHTSA-derived,coarse,1,1,1,1,1,1,1,1,1,1,1,1
NHTSA_FTY_0304,RKGRScen,Failure to yield,NHTSA-derived,coarse,1,0,1,1,1,1,1,1,1,1,1,1
NHTSA_FTY_0305,RKGRScen,Failure to yield,NHTSA-derived,coarse,1,1,1,1,1,1,1,1,1,1,1,1
NHTSA_FTY_0306,RKGRScen,Failure to yield,NHTSA-derived,coarse,1,1,1,1,1,1,1,1,1,1,1,1
NHTSA_FTY_0307,RKGRScen,Failure to yield,NHTSA-derived,coarse,1,0,1,1,1,1,1,1,1,1,1,1
NHTSA_FTY_0308,RKGRScen,Failure to yield,NHTSA-derived,coarse,1,1,1,1,1,1,1,1,1,1,1,1
NHTSA_FTY_0309,RKGRScen,Failure to yield,NHTSA-derived,coarse,1,1,1,1,1,1,1,1,1,1,1,1
NHTSA_FTY_0310,RKGRScen,Failure to yield,NHTSA-derived,coarse,1,0,1,1,1,1,1,1,1,1,1,1
NHTSA_FTY_0311,RKGRScen,Failure to yield,NHTSA-derived,coarse,1,1,1,1,1,1,1,1,1,1,1,1
NHTSA_FTY_0312,RKGRScen,Failure to yield,NHTSA-derived,coarse,1,1,1,1,1,1,1,1,1,1,1,1
NHTSA_FTY_0313,RKGRScen,Failure to yield,NHTSA-derived,coarse,1,1,1,1,1,1,1,1,1,1,1,1
NHTSA_FTY_0314,RKGRScen,Failure to yield,NHTSA-derived,coarse,1,0,1,1,1,1,1,1,1,1,1,1
NHTSA_FTY_0315,RKGRScen,Failure to yield,NHTSA-derived,coarse,1,1,1,1,1,1,1,1,1,1,1,1
NHTSA_FTY_0316,RKGRScen,Failure to yield,NHTSA-derived,coarse,1,0,1,1,1,0,1,1,1,1,1,0.8400000000000001
NHTSA_FTY_0317,RKGRScen,Failure to yield,NHTSA-derived,coarse,1,1,1,1,1,1,1,1,1,1,1,1
NHTSA_FTY_0318,RKGRScen,Failure to yield,NHTSA-derived,coarse,1,0,1,1,1,0,1,1,1,1,0,0.8
NHTSA_FTY_0319,RKGRScen,Failure to yield,NHTSA-derived,coarse,1,1,1,1,1,1,1,1,1,1,1,1
NHTSA_FTY_0320,RKGRScen,Failure to yield,NHTSA-derived,coarse,1,1,1,1,1,1,1,1,1,1,1,1
NHTSA_FTY_0321,RKGRScen,Failure to yield,NHTSA-derived,coarse,1,1,1,1,1,1,1,1,1,1,1,1
NHTSA_FTY_0322,RKGRScen,Failure to yield,NHTSA-derived,coarse,1,0,1,1,1,1,1,1,1,1,1,1
NHTSA_FTY_0323,RKGRScen,Failure to yield,NHTSA-derived,coarse,1,0,1,1,1,1,1,1,1,1,1,1
NHTSA_FTY_0324,RKGRScen,Failure to yield,NHTSA-derived,coarse,1,0,1,1,1,1,1,1,1,1,1,1
NHTSA_FTY_0325,RKGRScen,Failure to yield,NHTSA-derived,coarse,1,1,1,1,1,1,1,1,1,1,1,1
NHTSA_FTY_0326,RKGRScen,Failure to yield,NHTSA-derived,coarse,1,0,1,1,1,1,1,1,1,1,1,1
NHTSA_FTY_0327,RKGRScen,Failure to yield,NHTSA-derived,coarse,1,1,1,1,1,1,1,1,1,1,1,1
NHTSA_FTY_0328,RKGRScen,Failure to yield,NHTSA-derived,coarse,0,0,1,,,,,,,,,
NHTSA_FTY_0329,RKGRScen,Failure to yield,NHTSA-derived,coarse,1,1,1,1,1,1,1,1,1,1,1,1
NHTSA_FTY_0330,RKGRScen,Failure to yield,NHTSA-derived,coarse,1,0,1,1,1,1,1,1,1,1,1,1
NHTSA_FTY_0331,RKGRScen,Failure to yield,NHTSA-derived,coarse,1,0,1,1,1,1,1,1,1,1,1,1
NHTSA_FTY_0332,RKGRScen,Failure to yield,NHTSA-derived,coarse,1,1,1,1,1,1,1,1,1,1,1,1
NHTSA_FTY_0333,RKGRScen,Failure to yield,NHTSA-derived,coarse,1,0,1,1,1,0,1,1,1,1,0,0.8
NHTSA_FTY_0334,RKGRScen,Failure to yield,NHTSA-derived,coarse,1,1,1,1,1,1,1,1,1,1,1,1
NHTSA_FTY_0335,RKGRScen,Failure to yield,NHTSA-derived,coarse,1,1,1,1,1,1,1,1,1,1,1,1
NHTSA_FTY_0336,RKGRScen,Failure to yield,NHTSA-derived,coarse,1,1,1,1,1,1,1,1,1,1,1,1
NHTSA_FTY_0337,RKGRScen,Failure to yield,NHTSA-derived,coarse,1,1,1,1,1,1,1,1,1,1,1,1
NHTSA_FTY_0338,RKGRScen,Failure to yield,NHTSA-derived,coarse,1,1,1,1,1,1,1,1,1,1,1,1
NHTSA_FTY_0339,RKGRScen,Failure to yield,NHTSA-derived,coarse,1,1,1,1,1,1,1,1,1,1,1,1
NHTSA_FTY_0340,RKGRScen,Failure to yield,NHTSA-derived,coarse,1,1,1,1,1,1,1,1,1,1,1,1
NHTSA_FTY_0341,RKGRScen,Failure to yield,NHTSA-derived,coarse,1,1,1,1,1,1,1,1,1,1,1,1
NHTSA_FTY_0342,RKGRScen,Failure to yield,NHTSA-derived,coarse,0,0,1,,,,,,,,,
NHTSA_FTY_0343,RKGRScen,Failure to yield,NHTSA-derived,coarse,1,0,1,1,1,1,1,1,1,1,1,1
NHTSA_FTY_0344,RKGRScen,Failure to yield,NHTSA-derived,coarse,1,1,1,1,1,1,1,1,1,1,1,1
NHTSA_FTY_0345,RKGRScen,Failure to yield,NHTSA-derived,coarse,1,1,1,1,1,1,1,1,1,1,1,1
NHTSA_FTY_0346,RKGRScen,Failure to yield,NHTSA-derived,coarse,1,0,1,1,1,0,1,1,1,1,0,0.8
NHTSA_FTY_0347,RKGRScen,Failure to yield,NHTSA-derived,coarse,0,0,1,,,,,,,,,
NHTSA_FTY_0348,RKGRScen,Failure to yield,NHTSA-derived,coarse,1,1,1,1,1,1,1,1,1,1,1,1
NHTSA_FTY_0349,RKGRScen,Failure to yield,NHTSA-derived,coarse,1,1,1,1,1,1,1,1,1,1,1,1
NHTSA_FTY_0350,RKGRScen,Failure to yield,NHTSA-derived,coarse,1,1,1,1,1,1,1,1,1,1,1,1
NHTSA_FTY_0351,RKGRScen,Failure to yield,NHTSA-derived,coarse,1,1,1,1,1,1,1,1,1,1,1,1
NHTSA_FTY_0352,RKGRScen,Failure to yield,NHTSA-derived,coarse,1,1,1,1,1,1,1,1,1,1,1,1
NHTSA_FTY_0353,RKGRScen,Failure to yield,NHTSA-derived,coarse,1,0,1,1,1,1,1,1,1,1,1,1
NHTSA_FTY_0354,RKGRScen,Failure to yield,NHTSA-derived,coarse,0,0,1,,,,,,,,,
NHTSA_FTY_0355,RKGRScen,Failure to yield,NHTSA-derived,coarse,1,1,1,1,1,1,1,1,1,1,1,1
NHTSA_FTY_0356,RKGRScen,Failure to yield,NHTSA-derived,coarse,1,1,1,1,1,1,1,1,1,1,1,1
NHTSA_FTY_0357,RKGRScen,Failure to yield,NHTSA-derived,coarse,1,0,1,1,1,1,1,1,1,1,1,1
NHTSA_FTY_0358,RKGRScen,Failure to yield,NHTSA-derived,coarse,1,0,1,1,1,0,1,1,1,1,0,0.8
NHTSA_FTY_0359,RKGRScen,Failure to yield,NHTSA-derived,coarse,1,0,1,1,1,1,1,1,1,1,1,1
NHTSA_FTY_0360,RKGRScen,Failure to yield,NHTSA-derived,coarse,1,0,1,1,1,1,1,1,1,1,1,1
NHTSA_FTY_0361,RKGRScen,Failure to yield,NHTSA-derived,coarse,0,0,1,,,,,,,,,
NHTSA_FTY_0362,RKGRScen,Failure to yield,NHTSA-derived,coarse,0,0,1,,,,,,,,,
NHTSA_FTY_0363,RKGRScen,Failure to yield,NHTSA-derived,coarse,1,0,1,1,1,0,1,1,1,1,0,0.8
NHTSA_FTY_0364,RKGRScen,Failure to yield,NHTSA-derived,coarse,1,1,1,1,1,1,1,1,1,1,1,1
NHTSA_FTY_0365,RKGRScen,Failure to yield,NHTSA-derived,coarse,1,0,1,1,1,1,1,1,1,1,0,0.9600000000000001
NHTSA_FTY_0366,RKGRScen,Failure to yield,NHTSA-derived,coarse,1,1,1,1,1,1,1,1,1,1,1,1
NHTSA_FTY_0367,RKGRScen,Failure to yield,NHTSA-derived,coarse,0,0,1,,,,,,,,,
NHTSA_FTY_0368,RKGRScen,Failure to yield,NHTSA-derived,coarse,1,1,1,1,1,1,1,1,1,1,1,1
NHTSA_FTY_0369,RKGRScen,Failure to yield,NHTSA-derived,coarse,1,1,1,1,1,1,1,1,1,1,1,1
NHTSA_FTY_0370,RKGRScen,Failure to yield,NHTSA-derived,coarse,1,1,0,1,1,0,1,1,1,1,0,0.8
NHTSA_FTY_0371,RKGRScen,Failure to yield,NHTSA-derived,coarse,1,0,1,1,1,0,1,1,1,1,0,0.8
NHTSA_FTY_0372,RKGRScen,Failure to yield,NHTSA-derived,coarse,1,0,1,1,1,1,1,1,1,1,1,1
NHTSA_FTY_0373,RKGRScen,Failure to yield,NHTSA-derived,coarse,1,1,1,1,1,1,1,1,1,1,1,1
NHTSA_FTY_0374,RKGRScen,Failure to yield,NHTSA-derived,coarse,1,1,1,1,1,1,1,1,1,1,1,1
NHTSA_FTY_0375,RKGRScen,Failure to yield,NHTSA-derived,coarse,1,0,1,1,1,1,1,1,1,1,1,1
NHTSA_FTY_0376,RKGRScen,Failure to yield,NHTSA-derived,coarse,1,0,1,1,1,1,1,1,1,1,1,1
NHTSA_FTY_0377,RKGRScen,Failure to yield,NHTSA-derived,coarse,0,0,1,,,,,,,,,
NHTSA_FTY_0378,RKGRScen,Failure to yield,NHTSA-derived,coarse,1,0,1,1,1,0,1,1,1,1,0,0.8
NHTSA_FTY_0379,RKGRScen,Failure to yield,NHTSA-derived,coarse,1,0,1,1,1,0,1,1,1,1,0,0.8
NHTSA_FTY_0380,RKGRScen,Failure to yield,NHTSA-derived,coarse,1,0,1,1,1,1,1,1,1,1,1,1
NHTSA_FTY_0381,RKGRScen,Failure to yield,NHTSA-derived,coarse,1,1,1,1,1,1,1,1,1,1,1,1
NHTSA_FTY_0382,RKGRScen,Failure to yield,NHTSA-derived,coarse,1,0,1,1,1,1,1,1,1,1,1,1
NHTSA_FTY_0383,RKGRScen,Failure to yield,NHTSA-derived,coarse,1,1,1,1,1,1,1,1,1,1,1,1
NHTSA_FTY_0384,RKGRScen,Failure to yield,NHTSA-derived,coarse,1,1,1,1,1,1,1,1,1,1,1,1
NHTSA_FTY_0385,RKGRScen,Failure to yield,NHTSA-derived,coarse,1,0,1,1,1,1,1,1,1,1,1,1
NHTSA_FTY_0386,RKGRScen,Failure to yield,NHTSA-derived,coarse,1,0,1,1,1,0,1,1,1,1,0,0.8
NHTSA_FTY_0387,RKGRScen,Failure to yield,NHTSA-derived,coarse,1,0,1,1,1,1,1,1,1,1,0,0.9600000000000001
NHTSA_FTY_0388,RKGRScen,Failure to yield,NHTSA-derived,coarse,1,1,1,1,1,1,1,1,1,1,1,1
NHTSA_FTY_0389,RKGRScen,Failure to yield,NHTSA-derived,coarse,1,1,1,1,1,1,1,1,1,1,1,1
NHTSA_FTY_0390,RKGRScen,Failure to yield,NHTSA-derived,coarse,1,1,1,1,1,1,1,1,1,1,1,1
NHTSA_FTY_0391,RKGRScen,Failure to yield,NHTSA-derived,coarse,0,0,1,,,,,,,,,
NHTSA_FTY_0392,RKGRScen,Failure to yield,NHTSA-derived,coarse,1,1,1,1,1,1,1,1,1,1,1,1
NHTSA_FTY_0393,RKGRScen,Failure to yield,NHTSA-derived,coarse,1,1,1,1,1,1,1,1,1,1,1,1
NHTSA_FTY_0394,RKGRScen,Failure to yield,NHTSA-derived,coarse,1,1,1,1,1,1,1,1,1,1,1,1
NHTSA_FTY_0395,RKGRScen,Failure to yield,NHTSA-derived,coarse,1,0,1,1,1,1,1,1,1,1,1,1
NHTSA_FTY_0396,RKGRScen,Failure to yield,NHTSA-derived,coarse,1,1,1,1,1,1,1,1,1,1,1,1
NHTSA_FTY_0397,RKGRScen,Failure to yield,NHTSA-derived,coarse,1,1,1,1,1,1,1,1,1,1,1,1
NHTSA_FTY_0398,RKGRScen,Failure to yield,NHTSA-derived,coarse,1,0,1,1,1,1,1,1,1,1,1,1
NHTSA_FTY_0399,RKGRScen,Failure to yield,NHTSA-derived,coarse,1,0,1,1,1,0,1,1,1,1,0,0.8
NHTSA_FTY_0400,RKGRScen,Failure to yield,NHTSA-derived,coarse,1,1,1,1,1,1,1,1,1,1,1,1
NHTSA_FTY_0401,RKGRScen,Failure to yield,NHTSA-derived,coarse,1,0,1,1,1,1,1,1,1,1,1,1
NHTSA_FTY_0402,RKGRScen,Failure to yield,NHTSA-derived,coarse,1,1,1,1,1,1,1,1,1,1,1,1
NHTSA_FTY_0403,RKGRScen,Failure to yield,NHTSA-derived,coarse,1,1,1,1,1,1,1,1,1,1,1,1
NHTSA_FTY_0404,RKGRScen,Failure to yield,NHTSA-derived,coarse,1,1,1,1,1,1,1,1,1,1,1,1
NHTSA_FTY_0405,RKGRScen,Failure to yield,NHTSA-derived,coarse,0,0,1,,,,,,,,,
NHTSA_FTY_0406,RKGRScen,Failure to yield,NHTSA-derived,coarse,1,1,1,1,1,1,1,1,1,1,1,1
NHTSA_FTY_0407,RKGRScen,Failure to yield,NHTSA-derived,coarse,1,1,0,1,1,0,1,1,1,1,0,0.8
NHTSA_FTY_0408,RKGRScen,Failure to yield,NHTSA-derived,coarse,1,1,1,1,1,1,1,1,1,1,1,1
NHTSA_FTY_0409,RKGRScen,Failure to yield,NHTSA-derived,coarse,1,1,1,1,1,1,1,1,1,1,1,1
NHTSA_FTY_0410,RKGRScen,Failure to yield,NHTSA-derived,coarse,1,1,1,1,1,1,1,1,1,1,1,1
NHTSA_FTY_0411,RKGRScen,Failure to yield,NHTSA-derived,coarse,0,0,1,,,,,,,,,
NHTSA_FTY_0412,RKGRScen,Failure to yield,NHTSA-derived,coarse,1,0,1,1,1,0,1,1,1,1,0,0.8
NHTSA_FTY_0413,RKGRScen,Failure to yield,NHTSA-derived,coarse,1,1,1,1,1,1,1,1,1,1,1,1
NHTSA_FTY_0414,RKGRScen,Failure to yield,NHTSA-derived,coarse,1,1,1,1,1,1,1,1,1,1,1,1
NHTSA_FTY_0415,RKGRScen,Failure to yield,NHTSA-derived,coarse,1,0,1,1,1,1,1,1,1,1,1,1
NHTSA_FTY_0416,RKGRScen,Failure to yield,NHTSA-derived,coarse,1,1,0,1,1,0,1,1,1,1,0,0.8
NHTSA_FTY_0417,RKGRScen,Failure to yield,NHTSA-derived,coarse,1,1,1,1,1,1,1,1,1,1,1,1
NHTSA_FTY_0418,RKGRScen,Failure to yield,NHTSA-derived,coarse,1,0,1,1,1,1,1,1,1,1,1,1
NHTSA_FTY_0419,RKGRScen,Failure to yield,NHTSA-derived,coarse,1,1,1,1,1,1,1,1,1,1,1,1
NHTSA_FTY_0420,RKGRScen,Failure to yield,NHTSA-derived,coarse,1,0,1,1,1,1,1,1,1,1,1,1
NHTSA_FTY_0421,RKGRScen,Failure to yield,NHTSA-derived,coarse,1,0,1,1,1,0,1,1,1,1,0,0.8
NHTSA_FTY_0422,RKGRScen,Failure to yield,NHTSA-derived,coarse,0,0,1,,,,,,,,,
NHTSA_FTY_0423,RKGRScen,Failure to yield,NHTSA-derived,coarse,1,1,1,1,1,1,1,1,1,1,1,1
NHTSA_FTY_0424,RKGRScen,Failure to yield,NHTSA-derived,coarse,1,1,1,1,1,1,1,1,1,1,1,1
NHTSA_FTY_0425,RKGRScen,Failure to yield,NHTSA-derived,coarse,1,1,1,1,1,1,1,1,1,1,1,1
NHTSA_FTY_0426,RKGRScen,Failure to yield,NHTSA-derived,coarse,1,0,1,1,1,0,1,1,1,1,0,0.8
NHTSA_FTY_0427,RKGRScen,Failure to yield,NHTSA-derived,coarse,1,1,1,1,1,1,1,1,1,1,1,1
NHTSA_FTY_0428,RKGRScen,Failure to yield,NHTSA-derived,coarse,1,1,1,1,1,1,1,1,1,1,1,1
NHTSA_FTY_0429,RKGRScen,Failure to yield,NHTSA-derived,coarse,1,0,1,1,1,0,1,1,1,1,0,0.8
NHTSA_FTY_0430,RKGRScen,Failure to yield,NHTSA-derived,coarse,1,1,1,1,1,1,1,1,1,1,1,1
NHTSA_FTY_0431,RKGRScen,Failure to yield,NHTSA-derived,coarse,1,0,1,1,1,0,1,1,1,1,1,0.8400000000000001
NHTSA_FTY_0432,RKGRScen,Failure to yield,NHTSA-derived,coarse,1,0,1,1,1,1,1,1,1,1,1,1
NHTSA_FTY_0433,RKGRScen,Failure to yield,NHTSA-derived,coarse,1,1,1,1,1,1,1,1,1,1,1,1
NHTSA_FTY_0434,RKGRScen,Failure to yield,NHTSA-derived,coarse,1,1,1,1,1,1,1,1,1,1,1,1
NHTSA_FTY_0435,RKGRScen,Failure to yield,NHTSA-derived,coarse,1,1,1,1,1,1,1,1,1,1,1,1
NHTSA_FTY_0436,RKGRScen,Failure to yield,NHTSA-derived,coarse,1,1,1,1,1,1,1,1,1,1,1,1
NHTSA_FTY_0437,RKGRScen,Failure to yield,NHTSA-derived,coarse,1,0,1,1,1,0,1,1,1,1,0,0.8
NHTSA_FTY_0438,RKGRScen,Failure to yield,NHTSA-derived,coarse,1,0,1,1,1,0,1,1,1,1,0,0.8
NHTSA_FTY_0439,RKGRScen,Failure to yield,NHTSA-derived,coarse,1,0,1,1,1,1,1,1,1,1,1,1
NHTSA_FTY_0440,RKGRScen,Failure to yield,NHTSA-derived,coarse,1,0,1,1,1,1,1,1,1,1,1,1
NHTSA_FTY_0441,RKGRScen,Failure to yield,NHTSA-derived,coarse,1,0,1,1,1,1,1,1,1,1,1,1
NHTSA_FTY_0442,RKGRScen,Failure to yield,NHTSA-derived,coarse,1,1,1,1,1,1,1,1,1,1,1,1
NHTSA_FTY_0443,RKGRScen,Failure to yield,NHTSA-derived,coarse,1,0,1,1,1,1,1,1,1,1,1,1
NHTSA_FTY_0444,RKGRScen,Failure to yield,NHTSA-derived,coarse,1,1,1,1,1,1,1,1,1,1,1,1
NHTSA_FTY_0445,RKGRScen,Failure to yield,NHTSA-derived,coarse,1,0,0,1,1,0,1,1,1,1,0,0.8
NHTSA_FTY_0446,RKGRScen,Failure to yield,NHTSA-derived,coarse,1,1,1,1,1,1,1,1,1,1,1,1
NHTSA_FTY_0447,RKGRScen,Failure to yield,NHTSA-derived,coarse,1,1,1,1,1,1,1,1,1,1,1,1
NHTSA_FTY_0448,RKGRScen,Failure to yield,NHTSA-derived,coarse,1,1,1,1,1,1,1,1,1,1,1,1
NHTSA_FTY_0449,RKGRScen,Failure to yield,NHTSA-derived,coarse,1,0,1,1,1,1,1,1,1,1,1,1
NHTSA_FTY_0450,RKGRScen,Failure to yield,NHTSA-derived,coarse,1,1,1,1,1,1,1,1,1,1,1,1
NHTSA_FTY_0451,RKGRScen,Failure to yield,NHTSA-derived,coarse,1,1,1,1,1,1,1,1,1,1,1,1
NHTSA_FTY_0452,RKGRScen,Failure to yield,NHTSA-derived,coarse,1,1,1,1,1,1,1,1,1,1,1,1
NHTSA_FTY_0453,RKGRScen,Failure to yield,NHTSA-derived,coarse,1,0,1,1,1,1,1,1,1,1,1,1
NHTSA_FTY_0454,RKGRScen,Failure to yield,NHTSA-derived,coarse,1,1,1,1,1,1,1,1,1,1,1,1
NHTSA_FTY_0455,RKGRScen,Failure to yield,NHTSA-derived,coarse,1,1,1,1,1,1,1,1,1,1,1,1
NHTSA_FTY_0456,RKGRScen,Failure to yield,NHTSA-derived,coarse,1,1,1,1,1,1,1,1,1,1,1,1
NHTSA_FTY_0457,RKGRScen,Failure to yield,NHTSA-derived,coarse,1,0,1,1,1,1,1,1,1,1,1,1
NHTSA_FTY_0458,RKGRScen,Failure to yield,NHTSA-derived,coarse,1,1,1,1,1,1,1,1,1,1,1,1
NHTSA_FTY_0459,RKGRScen,Failure to yield,NHTSA-derived,coarse,1,1,1,1,1,1,1,1,1,1,1,1
NHTSA_FTY_0460,RKGRScen,Failure to yield,NHTSA-derived,coarse,1,1,0,1,1,0,1,1,1,1,0,0.8
NHTSA_FTY_0461,RKGRScen,Failure to yield,NHTSA-derived,coarse,1,1,1,1,1,1,1,1,1,1,1,1
NHTSA_FTY_0462,RKGRScen,Failure to yield,NHTSA-derived,coarse,1,1,1,1,1,1,1,1,1,1,1,1
NHTSA_FTY_0463,RKGRScen,Failure to yield,NHTSA-derived,coarse,1,0,1,1,1,1,1,1,1,1,1,1
NHTSA_FTY_0464,RKGRScen,Failure to yield,NHTSA-derived,coarse,1,1,1,1,1,1,1,1,1,1,1,1
NHTSA_FTY_0465,RKGRScen,Failure to yield,NHTSA-derived,coarse,1,1,1,1,1,1,1,1,1,1,1,1
NHTSA_FTY_0466,RKGRScen,Failure to yield,NHTSA-derived,coarse,1,1,1,1,1,1,1,1,1,1,1,1
NHTSA_FTY_0467,RKGRScen,Failure to yield,NHTSA-derived,coarse,1,0,1,1,1,0,1,1,1,1,0,0.8
NHTSA_FTY_0468,RKGRScen,Failure to yield,NHTSA-derived,coarse,0,0,1,,,,,,,,,
NHTSA_FTY_0469,RKGRScen,Failure to yield,NHTSA-derived,coarse,1,1,1,1,1,1,1,1,1,1,1,1
NHTSA_FTY_0470,RKGRScen,Failure to yield,NHTSA-derived,coarse,1,1,1,1,1,1,1,1,1,1,1,1
NHTSA_FTY_0471,RKGRScen,Failure to yield,NHTSA-derived,coarse,0,0,1,,,,,,,,,
NHTSA_FTY_0472,RKGRScen,Failure to yield,NHTSA-derived,coarse,1,1,1,1,1,1,1,1,1,1,1,1
NHTSA_FTY_0473,RKGRScen,Failure to yield,NHTSA-derived,coarse,1,1,1,1,1,1,1,1,1,1,1,1
NHTSA_FTY_0474,RKGRScen,Failure to yield,NHTSA-derived,coarse,1,1,0,1,1,0,1,1,1,1,0,0.8
NHTSA_FTY_0475,RKGRScen,Failure to yield,NHTSA-derived,coarse,1,1,1,1,1,1,1,1,1,1,1,1
NHTSA_FTY_0476,RKGRScen,Failure to yield,NHTSA-derived,coarse,1,0,1,1,1,1,1,1,1,1,1,1
NHTSA_FTY_0477,RKGRScen,Failure to yield,NHTSA-derived,coarse,1,1,1,1,1,1,1,1,1,1,1,1
NHTSA_FTY_0478,RKGRScen,Failure to yield,NHTSA-derived,coarse,1,0,1,1,1,1,1,1,1,1,1,1
NHTSA_FTY_0479,RKGRScen,Failure to yield,NHTSA-derived,coarse,1,1,1,1,1,1,1,1,1,1,1,1
NHTSA_FTY_0480,RKGRScen,Failure to yield,NHTSA-derived,coarse,1,1,1,1,1,1,1,1,1,1,1,1
NHTSA_FTY_0481,RKGRScen,Failure to yield,NHTSA-derived,coarse,1,0,1,1,1,0,1,1,1,1,0,0.8
NHTSA_FTY_0482,RKGRScen,Failure to yield,NHTSA-derived,coarse,1,0,1,1,1,0,1,1,1,1,0,0.8
NHTSA_FTY_0483,RKGRScen,Failure to yield,NHTSA-derived,coarse,1,1,1,1,1,1,1,1,1,1,1,1
NHTSA_FTY_0484,RKGRScen,Failure to yield,NHTSA-derived,coarse,1,0,1,1,1,0,1,1,1,1,0,0.8
NHTSA_FTY_0485,RKGRScen,Failure to yield,NHTSA-derived,coarse,1,1,1,1,1,1,1,1,1,1,1,1
NHTSA_FTY_0486,RKGRScen,Failure to yield,NHTSA-derived,coarse,1,1,1,1,1,1,1,1,1,1,1,1
NHTSA_FTY_0487,RKGRScen,Failure to yield,NHTSA-derived,coarse,1,1,1,1,1,1,1,1,1,1,1,1
NHTSA_FTY_0488,RKGRScen,Failure to yield,NHTSA-derived,coarse,1,1,1,1,1,1,1,1,1,1,1,1
NHTSA_FTY_0489,RKGRScen,Failure to yield,NHTSA-derived,coarse,1,1,1,1,1,1,1,1,1,1,1,1
NHTSA_FTY_0490,RKGRScen,Failure to yield,NHTSA-derived,coarse,1,0,1,1,1,0,1,1,1,1,0,0.8
NHTSA_FTY_0491,RKGRScen,Failure to yield,NHTSA-derived,coarse,1,1,1,1,1,1,1,1,1,1,1,1
NHTSA_FTY_0492,RKGRScen,Failure to yield,NHTSA-derived,coarse,1,1,1,1,1,1,1,1,1,1,1,1
NHTSA_FTY_0493,RKGRScen,Failure to yield,NHTSA-derived,coarse,1,1,0,1,1,0,1,1,1,1,0,0.8
NHTSA_FTY_0494,RKGRScen,Failure to yield,NHTSA-derived,coarse,1,1,1,1,1,1,1,1,1,1,1,1
NHTSA_FTY_0495,RKGRScen,Failure to yield,NHTSA-derived,coarse,1,0,1,1,1,1,1,1,1,1,1,1
NHTSA_FTY_0496,RKGRScen,Failure to yield,NHTSA-derived,coarse,1,1,1,1,1,1,1,1,1,1,1,1
NHTSA_FTY_0497,RKGRScen,Failure to yield,NHTSA-derived,coarse,1,0,1,1,1,0,1,1,1,1,0,0.8
NHTSA_FTY_0498,RKGRScen,Failure to yield,NHTSA-derived,coarse,1,0,1,1,1,0,1,1,1,1,0,0.8
NHTSA_FTY_0499,RKGRScen,Failure to yield,NHTSA-derived,coarse,1,1,1,1,1,1,1,1,1,1,1,1
NHTSA_FTY_0500,RKGRScen,Failure to yield,NHTSA-derived,coarse,1,1,1,1,1,1,1,1,1,1,1,1
NHTSA_FTY_0501,RKGRScen,Failure to yield,NHTSA-derived,coarse,1,1,1,1,1,1,1,1,1,1,1,1
NHTSA_FTY_0502,RKGRScen,Failure to yield,NHTSA-derived,coarse,0,0,0,,,,,,,,,
NHTSA_FTY_0503,RKGRScen,Failure to yield,NHTSA-derived,coarse,1,0,1,1,1,1,1,1,1,1,1,1
NHTSA_FTY_0504,RKGRScen,Failure to yield,NHTSA-derived,coarse,1,1,1,1,1,1,1,1,1,1,1,1
NHTSA_FTY_0505,RKGRScen,Failure to yield,NHTSA-derived,coarse,1,1,1,1,1,1,1,1,1,1,1,1
NHTSA_FTY_0506,RKGRScen,Failure to yield,NHTSA-derived,coarse,1,1,1,1,1,1,1,1,1,1,1,1
NHTSA_FTY_0507,RKGRScen,Failure to yield,NHTSA-derived,coarse,1,0,1,1,1,1,1,1,1,1,1,1
NHTSA_FTY_0508,RKGRScen,Failure to yield,NHTSA-derived,coarse,1,0,1,1,1,1,1,1,1,1,1,1
NHTSA_FTY_0509,RKGRScen,Failure to yield,NHTSA-derived,coarse,1,1,1,1,1,1,1,1,1,1,1,1
NHTSA_FTY_0510,RKGRScen,Failure to yield,NHTSA-derived,coarse,1,0,1,1,1,0,1,1,1,1,0,0.8
NHTSA_FTY_0511,RKGRScen,Failure to yield,NHTSA-derived,coarse,1,1,1,1,1,1,1,1,1,1,1,1
NHTSA_FTY_0512,RKGRScen,Failure to yield,NHTSA-derived,coarse,1,1,1,1,1,1,1,1,1,1,1,1
NHTSA_FTY_0513,RKGRScen,Failure to yield,NHTSA-derived,coarse,0,0,1,,,,,,,,,
NHTSA_FTY_0514,RKGRScen,Failure to yield,NHTSA-derived,coarse,1,0,1,1,1,1,1,1,1,1,1,1
NHTSA_FTY_0515,RKGRScen,Failure to yield,NHTSA-derived,coarse,1,1,1,1,1,1,1,1,1,1,1,1
NHTSA_FTY_0516,RKGRScen,Failure to yield,NHTSA-derived,coarse,1,1,1,1,1,1,1,1,1,1,1,1
NHTSA_FTY_0517,RKGRScen,Failure to yield,NHTSA-derived,coarse,0,0,1,,,,,,,,,
SYNTH_FTY_0001,RKGRScen,Failure to yield,synthetic-topology-extension,fine,1,1,1,1,1,1,1,1,1,1,1,1
SYNTH_FTY_0002,RKGRScen,Failure to yield,synthetic-topology-extension,fine,1,1,1,1,1,1,1,1,1,1,1,1
SYNTH_FTY_0003,RKGRScen,Failure to yield,synthetic-topology-extension,fine,1,1,1,1,1,1,1,1,1,1,1,1
SYNTH_FTY_0004,RKGRScen,Failure to yield,synthetic-topology-extension,fine,1,1,1,1,1,1,1,1,1,1,1,1
SYNTH_FTY_0005,RKGRScen,Failure to yield,synthetic-topology-extension,fine,1,1,1,1,1,1,1,1,1,1,1,1
SYNTH_FTY_0006,RKGRScen,Failure to yield,synthetic-topology-extension,fine,1,1,0,1,1,0,1,1,1,1,0,0.8
SYNTH_FTY_0007,RKGRScen,Failure to yield,synthetic-topology-extension,fine,1,1,0,1,1,0,1,1,1,1,0,0.8
SYNTH_FTY_0008,RKGRScen,Failure to yield,synthetic-topology-extension,fine,1,1,0,1,1,0,1,1,1,1,0,0.8
SYNTH_FTY_0009,RKGRScen,Failure to yield,synthetic-topology-extension,fine,1,1,1,1,1,1,1,1,1,1,1,1
SYNTH_FTY_0010,RKGRScen,Failure to yield,synthetic-topology-extension,fine,1,1,0,1,1,0,1,1,1,1,0,0.8
SYNTH_FTY_0011,RKGRScen,Failure to yield,synthetic-topology-extension,fine,1,1,1,1,1,1,1,1,1,1,1,1
SYNTH_FTY_0012,RKGRScen,Failure to yield,synthetic-topology-extension,fine,1,1,1,1,1,1,1,1,1,1,1,1
SYNTH_FTY_0013,RKGRScen,Failure to yield,synthetic-topology-extension,fine,1,1,1,1,1,1,1,1,1,1,1,1
SYNTH_FTY_0014,RKGRScen,Failure to yield,synthetic-topology-extension,fine,1,1,1,1,1,1,1,1,1,1,1,1
SYNTH_FTY_0015,RKGRScen,Failure to yield,synthetic-topology-extension,fine,1,1,1,1,1,1,1,1,1,1,1,1
SYNTH_FTY_0016,RKGRScen,Failure to yield,synthetic-topology-extension,fine,1,1,1,1,1,1,1,1,1,1,1,1
SYNTH_FTY_0017,RKGRScen,Failure to yield,synthetic-topology-extension,fine,1,1,1,1,1,1,1,1,1,1,1,1
SYNTH_FTY_0018,RKGRScen,Failure to yield,synthetic-topology-extension,fine,1,1,1,1,1,1,1,1,1,1,1,1
SYNTH_FTY_0019,RKGRScen,Failure to yield,synthetic-topology-extension,fine,1,1,1,1,1,1,1,1,1,1,1,1
SYNTH_FTY_0020,RKGRScen,Failure to yield,synthetic-topology-extension,fine,1,1,1,1,1,1,1,1,1,1,1,1
SYNTH_FTY_0021,RKGRScen,Failure to yield,synthetic-topology-extension,fine,1,1,1,1,1,1,1,1,1,1,1,1
SYNTH_FTY_0022,RKGRScen,Failure to yield,synthetic-topology-extension,fine,1,1,1,1,1,1,1,1,1,1,1,1
SYNTH_FTY_0023,RKGRScen,Failure to yield,synthetic-topology-extension,fine,1,1,1,1,1,1,1,1,1,1,1,1
SYNTH_FTY_0024,RKGRScen,Failure to yield,synthetic-topology-extension,fine,1,1,0,1,1,0,1,1,1,1,0,0.8
SYNTH_FTY_0025,RKGRScen,Failure to yield,synthetic-topology-extension,fine,1,1,1,1,1,1,1,1,1,1,1,1
SYNTH_FTY_0026,RKGRScen,Failure to yield,synthetic-topology-extension,fine,1,1,1,1,1,1,1,1,1,1,1,1
SYNTH_FTY_0027,RKGRScen,Failure to yield,synthetic-topology-extension,fine,1,1,1,1,1,1,1,1,1,1,1,1
SYNTH_FTY_0028,RKGRScen,Failure to yield,synthetic-topology-extension,fine,1,1,1,1,1,1,1,1,1,1,1,1
SYNTH_FTY_0029,RKGRScen,Failure to yield,synthetic-topology-extension,fine,1,1,1,1,1,1,1,1,1,1,1,1
SYNTH_FTY_0030,RKGRScen,Failure to yield,synthetic-topology-extension,fine,1,1,1,1,1,1,1,1,1,1,1,1
SYNTH_FTY_0031,RKGRScen,Failure to yield,synthetic-topology-extension,fine,1,1,1,1,1,1,1,1,1,1,1,1
SYNTH_FTY_0032,RKGRScen,Failure to yield,synthetic-topology-extension,fine,1,1,1,1,1,1,1,1,1,1,1,1
SYNTH_FTY_0033,RKGRScen,Failure to yield,synthetic-topology-extension,fine,1,1,0,1,1,0,1,1,1,1,0,0.8
SYNTH_FTY_0034,RKGRScen,Failure to yield,synthetic-topology-extension,fine,1,1,1,1,1,1,1,1,1,1,1,1
SYNTH_FTY_0035,RKGRScen,Failure to yield,synthetic-topology-extension,fine,1,1,1,1,1,1,1,1,1,1,1,1
SYNTH_FTY_0036,RKGRScen,Failure to yield,synthetic-topology-extension,fine,1,1,1,1,1,1,1,1,1,1,1,1
SYNTH_FTY_0037,RKGRScen,Failure to yield,synthetic-topology-extension,fine,1,1,0,1,1,0,1,1,1,1,0,0.8
SYNTH_FTY_0038,RKGRScen,Failure to yield,synthetic-topology-extension,fine,1,1,0,1,1,0,1,1,1,1,0,0.8
SYNTH_FTY_0039,RKGRScen,Failure to yield,synthetic-topology-extension,fine,1,1,1,1,1,1,1,1,1,1,1,1
SYNTH_FTY_0040,RKGRScen,Failure to yield,synthetic-topology-extension,fine,1,1,1,1,1,1,1,1,1,1,1,1
SYNTH_FTY_0041,RKGRScen,Failure to yield,synthetic-topology-extension,fine,1,1,1,1,1,1,1,1,1,1,1,1
SYNTH_FTY_0042,RKGRScen,Failure to yield,synthetic-topology-extension,fine,1,1,1,1,1,1,1,1,1,1,1,1
SYNTH_FTY_0043,RKGRScen,Failure to yield,synthetic-topology-extension,fine,1,1,1,1,1,1,1,1,1,1,1,1
SYNTH_FTY_0044,RKGRScen,Failure to yield,synthetic-topology-extension,fine,1,1,1,1,1,1,1,1,1,1,1,1
SYNTH_FTY_0045,RKGRScen,Failure to yield,synthetic-topology-extension,fine,1,1,1,1,1,1,1,1,1,1,1,1
SYNTH_FTY_0046,RKGRScen,Failure to yield,synthetic-topology-extension,fine,1,1,1,1,1,1,1,1,1,1,1,1
SYNTH_FTY_0047,RKGRScen,Failure to yield,synthetic-topology-extension,fine,1,1,1,1,1,1,1,1,1,1,1,1
SYNTH_FTY_0048,RKGRScen,Failure to yield,synthetic-topology-extension,fine,1,1,1,1,1,1,1,1,1,1,1,1
SYNTH_FTY_0049,RKGRScen,Failure to yield,synthetic-topology-extension,fine,1,1,1,1,1,1,1,1,1,1,1,1
SYNTH_FTY_0050,RKGRScen,Failure to yield,synthetic-topology-extension,fine,1,1,1,1,1,1,1,1,1,1,1,1
SYNTH_FTY_0051,RKGRScen,Failure to yield,synthetic-topology-extension,fine,1,1,0,1,1,0,1,1,1,1,0,0.8
SYNTH_FTY_0052,RKGRScen,Failure to yield,synthetic-topology-extension,fine,1,1,0,1,1,0,1,1,1,1,0,0.8
SYNTH_FTY_0053,RKGRScen,Failure to yield,synthetic-topology-extension,fine,1,1,1,1,1,1,1,1,1,1,1,1
SYNTH_FTY_0054,RKGRScen,Failure to yield,synthetic-topology-extension,fine,1,1,1,1,1,1,1,1,1,1,1,1
SYNTH_FTY_0055,RKGRScen,Failure to yield,synthetic-topology-extension,fine,1,1,1,1,1,1,1,1,1,1,1,1
SYNTH_FTY_0056,RKGRScen,Failure to yield,synthetic-topology-extension,fine,1,1,1,1,1,1,1,1,1,1,1,1
SYNTH_FTY_0057,RKGRScen,Failure to yield,synthetic-topology-extension,fine,1,1,1,1,1,1,1,1,1,1,1,1
SYNTH_FTY_0058,RKGRScen,Failure to yield,synthetic-topology-extension,fine,1,1,1,1,1,1,1,1,1,1,1,1
SYNTH_FTY_0059,RKGRScen,Failure to yield,synthetic-topology-extension,fine,1,1,1,1,1,1,1,1,1,1,1,1
SYNTH_FTY_0060,RKGRScen,Failure to yield,synthetic-topology-extension,fine,1,1,1,1,1,1,1,1,1,1,1,1
SYNTH_FTY_0061,RKGRScen,Failure to yield,synthetic-topology-extension,fine,1,1,1,1,1,1,1,1,1,1,1,1
SYNTH_FTY_0062,RKGRScen,Failure to yield,synthetic-topology-extension,fine,1,1,1,1,1,1,1,1,1,1,1,1
SYNTH_FTY_0063,RKGRScen,Failure to yield,synthetic-topology-extension,fine,1,1,1,1,1,1,1,1,1,1,1,1
SYNTH_FTY_0064,RKGRScen,Failure to yield,synthetic-topology-extension,fine,1,1,1,1,1,1,1,1,1,1,1,1
SYNTH_FTY_0065,RKGRScen,Failure to yield,synthetic-topology-extension,fine,1,1,1,1,1,1,1,1,1,1,1,1
SYNTH_FTY_0066,RKGRScen,Failure to yield,synthetic-topology-extension,fine,1,1,1,1,1,1,1,1,1,1,1,1
SYNTH_FTY_0067,RKGRScen,Failure to yield,synthetic-topology-extension,fine,1,1,1,1,1,1,1,1,1,1,1,1
SYNTH_FTY_0068,RKGRScen,Failure to yield,synthetic-topology-extension,fine,1,1,1,1,1,1,1,1,1,1,1,1
SYNTH_FTY_0069,RKGRScen,Failure to yield,synthetic-topology-extension,fine,1,1,1,1,1,1,1,1,1,1,1,1
SYNTH_FTY_0070,RKGRScen,Failure to yield,synthetic-topology-extension,fine,1,1,0,1,1,0,1,1,1,1,0,0.8
SYNTH_FTY_0071,RKGRScen,Failure to yield,synthetic-topology-extension,fine,1,1,1,1,1,1,1,1,1,1,1,1
SYNTH_FTY_0072,RKGRScen,Failure to yield,synthetic-topology-extension,fine,1,1,1,1,1,1,1,1,1,1,1,1
SYNTH_FTY_0073,RKGRScen,Failure to yield,synthetic-topology-extension,fine,1,1,1,1,1,1,1,1,1,1,1,1
SYNTH_FTY_0074,RKGRScen,Failure to yield,synthetic-topology-extension,fine,1,1,1,1,1,1,1,1,1,1,1,1
SYNTH_FTY_0075,RKGRScen,Failure to yield,synthetic-topology-extension,fine,1,1,1,1,1,1,1,1,1,1,1,1
SYNTH_FTY_0076,RKGRScen,Failure to yield,synthetic-topology-extension,fine,1,1,1,1,1,1,1,1,1,1,1,1
SYNTH_FTY_0077,RKGRScen,Failure to yield,synthetic-topology-extension,fine,1,1,1,1,1,1,1,1,1,1,1,1
SYNTH_FTY_0078,RKGRScen,Failure to yield,synthetic-topology-extension,fine,1,1,0,1,1,0,1,1,1,1,0,0.8
SYNTH_FTY_0079,RKGRScen,Failure to yield,synthetic-topology-extension,fine,1,1,1,1,1,1,1,1,1,1,1,1
SYNTH_FTY_0080,RKGRScen,Failure to yield,synthetic-topology-extension,fine,1,1,1,1,1,1,1,1,1,1,1,1
SYNTH_FTY_0081,RKGRScen,Failure to yield,synthetic-topology-extension,fine,1,1,1,1,1,1,1,1,1,1,1,1
SYNTH_FTY_0082,RKGRScen,Failure to yield,synthetic-topology-extension,fine,1,1,0,1,1,0,1,1,1,1,0,0.8
SYNTH_FTY_0083,RKGRScen,Failure to yield,synthetic-topology-extension,fine,1,1,1,1,1,1,1,1,1,1,1,1
SYNTH_FTY_0084,RKGRScen,Failure to yield,synthetic-topology-extension,fine,1,1,1,1,1,1,1,1,1,1,1,1
SYNTH_FTY_0085,RKGRScen,Failure to yield,synthetic-topology-extension,fine,1,1,1,1,1,1,1,1,1,1,1,1
SYNTH_FTY_0086,RKGRScen,Failure to yield,synthetic-topology-extension,fine,1,1,1,1,1,1,1,1,1,1,1,1
SYNTH_FTY_0087,RKGRScen,Failure to yield,synthetic-topology-extension,fine,1,1,1,1,1,1,1,1,1,1,1,1
SYNTH_FTY_0088,RKGRScen,Failure to yield,synthetic-topology-extension,fine,1,1,1,1,1,1,1,1,1,1,1,1
SYNTH_FTY_0089,RKGRScen,Failure to yield,synthetic-topology-extension,fine,1,1,0,1,1,0,1,1,1,1,0,0.8
SYNTH_FTY_0090,RKGRScen,Failure to yield,synthetic-topology-extension,fine,1,1,1,1,1,1,1,1,1,1,1,1
SYNTH_FTY_0091,RKGRScen,Failure to yield,synthetic-topology-extension,fine,1,1,1,1,1,1,1,1,1,1,1,1
SYNTH_FTY_0092,RKGRScen,Failure to yield,synthetic-topology-extension,fine,1,1,1,1,1,1,1,1,1,1,1,1
SYNTH_FTY_0093,RKGRScen,Failure to yield,synthetic-topology-extension,fine,1,1,0,1,1,0,1,1,1,1,0,0.8
SYNTH_FTY_0094,RKGRScen,Failure to yield,synthetic-topology-extension,fine,1,1,1,1,1,1,1,1,1,1,1,1
SYNTH_FTY_0095,RKGRScen,Failure to yield,synthetic-topology-extension,fine,1,1,1,1,1,1,1,1,1,1,1,1
SYNTH_FTY_0096,RKGRScen,Failure to yield,synthetic-topology-extension,fine,1,1,0,1,1,0,1,1,1,1,0,0.8
SYNTH_FTY_0097,RKGRScen,Failure to yield,synthetic-topology-extension,fine,1,1,1,1,1,1,1,1,1,1,1,1
SYNTH_FTY_0098,RKGRScen,Failure to yield,synthetic-topology-extension,fine,1,1,1,1,1,1,1,1,1,1,1,1
SYNTH_FTY_0099,RKGRScen,Failure to yield,synthetic-topology-extension,fine,1,1,1,1,1,1,1,1,1,1,1,1
SYNTH_FTY_0100,RKGRScen,Failure to yield,synthetic-topology-extension,fine,1,1,1,1,1,1,1,1,1,1,1,1
SYNTH_FTY_0101,RKGRScen,Failure to yield,synthetic-topology-extension,fine,1,1,1,1,1,1,1,1,1,1,1,1
SYNTH_FTY_0102,RKGRScen,Failure to yield,synthetic-topology-extension,fine,1,1,1,1,1,1,1,1,1,1,1,1
SYNTH_FTY_0103,RKGRScen,Failure to yield,synthetic-topology-extension,fine,1,1,1,1,1,1,1,1,1,1,1,1
SYNTH_FTY_0104,RKGRScen,Failure to yield,synthetic-topology-extension,fine,1,1,1,1,1,1,1,1,1,1,1,1
SYNTH_FTY_0105,RKGRScen,Failure to yield,synthetic-topology-extension,fine,1,1,0,1,1,0,1,1,1,1,0,0.8
SYNTH_FTY_0106,RKGRScen,Failure to yield,synthetic-topology-extension,fine,1,1,1,1,1,1,1,1,1,1,1,1
SYNTH_FTY_0107,RKGRScen,Failure to yield,synthetic-topology-extension,fine,1,1,1,1,1,1,1,1,1,1,1,1
SYNTH_FTY_0108,RKGRScen,Failure to yield,synthetic-topology-extension,fine,1,1,1,1,1,1,1,1,1,1,1,1
SYNTH_FTY_0109,RKGRScen,Failure to yield,synthetic-topology-extension,fine,1,1,1,1,1,1,1,1,1,1,1,1
SYNTH_FTY_0110,RKGRScen,Failure to yield,synthetic-topology-extension,fine,1,1,0,1,1,0,1,1,1,1,0,0.8
SYNTH_FTY_0111,RKGRScen,Failure to yield,synthetic-topology-extension,fine,1,1,0,1,1,0,1,1,1,1,0,0.8
SYNTH_FTY_0112,RKGRScen,Failure to yield,synthetic-topology-extension,fine,1,1,1,1,1,1,1,1,1,1,1,1
SYNTH_FTY_0113,RKGRScen,Failure to yield,synthetic-topology-extension,fine,1,1,1,1,1,1,1,1,1,1,1,1
SYNTH_FTY_0114,RKGRScen,Failure to yield,synthetic-topology-extension,fine,1,1,1,1,1,1,1,1,1,1,1,1
SYNTH_FTY_0115,RKGRScen,Failure to yield,synthetic-topology-extension,fine,1,1,1,1,1,1,1,1,1,1,1,1
SYNTH_FTY_0116,RKGRScen,Failure to yield,synthetic-topology-extension,fine,1,1,0,1,1,0,1,1,1,1,0,0.8
SYNTH_FTY_0117,RKGRScen,Failure to yield,synthetic-topology-extension,fine,1,1,0,1,1,0,1,1,1,1,0,0.8
SYNTH_FTY_0118,RKGRScen,Failure to yield,synthetic-topology-extension,fine,1,1,1,1,1,1,1,1,1,1,1,1
SYNTH_FTY_0119,RKGRScen,Failure to yield,synthetic-topology-extension,fine,1,1,1,1,1,1,1,1,1,1,1,1
SYNTH_FTY_0120,RKGRScen,Failure to yield,synthetic-topology-extension,fine,1,1,1,1,1,1,1,1,1,1,1,1
SYNTH_FTY_0121,RKGRScen,Failure to yield,synthetic-topology-extension,fine,1,1,1,1,1,1,1,1,1,1,1,1
SYNTH_FTY_0122,RKGRScen,Failure to yield,synthetic-topology-extension,fine,1,1,1,1,1,1,1,1,1,1,1,1
SYNTH_FTY_0123,RKGRScen,Failure to yield,synthetic-topology-extension,fine,1,1,1,1,1,1,1,1,1,1,1,1
SYNTH_FTY_0124,RKGRScen,Failure to yield,synthetic-topology-extension,fine,1,1,1,1,1,1,1,1,1,1,1,1
SYNTH_FTY_0125,RKGRScen,Failure to yield,synthetic-topology-extension,fine,1,1,1,1,1,1,1,1,1,1,1,1
SYNTH_FTY_0126,RKGRScen,Failure to yield,synthetic-topology-extension,fine,1,1,1,1,1,1,1,1,1,1,1,1
SYNTH_FTY_0127,RKGRScen,Failure to yield,synthetic-topology-extension,fine,1,1,1,1,1,1,1,1,1,1,1,1
SYNTH_FTY_0128,RKGRScen,Failure to yield,synthetic-topology-extension,fine,1,1,1,1,1,1,1,1,1,1,1,1
SYNTH_FTY_0129,RKGRScen,Failure to yield,synthetic-topology-extension,fine,1,1,1,1,1,1,1,1,1,1,1,1
SYNTH_FTY_0130,RKGRScen,Failure to yield,synthetic-topology-extension,fine,1,1,1,1,1,1,1,1,1,1,1,1
SYNTH_FTY_0131,RKGRScen,Failure to yield,synthetic-topology-extension,fine,1,1,1,1,1,1,1,1,1,1,1,1
SYNTH_FTY_0132,RKGRScen,Failure to yield,synthetic-topology-extension,fine,1,1,1,1,1,1,1,1,1,1,1,1
SYNTH_FTY_0133,RKGRScen,Failure to yield,synthetic-topology-extension,fine,1,1,1,1,1,1,1,1,1,1,1,1
SYNTH_FTY_0134,RKGRScen,Failure to yield,synthetic-topology-extension,fine,1,1,1,1,1,1,1,1,1,1,1,1
SYNTH_FTY_0135,RKGRScen,Failure to yield,synthetic-topology-extension,fine,1,1,1,1,1,1,1,1,1,1,1,1
SYNTH_FTY_0136,RKGRScen,Failure to yield,synthetic-topology-extension,fine,1,1,1,1,1,1,1,1,1,1,1,1
SYNTH_FTY_0137,RKGRScen,Failure to yield,synthetic-topology-extension,fine,1,1,1,1,1,1,1,1,1,1,1,1
SYNTH_FTY_0138,RKGRScen,Failure to yield,synthetic-topology-extension,fine,1,1,1,1,1,1,1,1,1,1,1,1
SYNTH_FTY_0139,RKGRScen,Failure to yield,synthetic-topology-extension,fine,1,1,1,1,1,1,1,1,1,1,1,1
SYNTH_FTY_0140,RKGRScen,Failure to yield,synthetic-topology-extension,fine,1,1,1,1,1,1,1,1,1,1,1,1
NHTSA_SPD_0001,RKGRScen,Speeding,NHTSA-derived,coarse,1,0,1,1,1,1,1,1,1,1,1,1
NHTSA_SPD_0002,RKGRScen,Speeding,NHTSA-derived,coarse,1,1,1,1,1,1,1,1,1,1,1,1
NHTSA_SPD_0003,RKGRScen,Speeding,NHTSA-derived,coarse,1,0,1,1,1,0,1,1,1,1,0,0.8
NHTSA_SPD_0004,RKGRScen,Speeding,NHTSA-derived,coarse,1,1,1,1,1,1,1,1,1,1,1,1
NHTSA_SPD_0005,RKGRScen,Speeding,NHTSA-derived,coarse,0,0,1,,,,,,,,,
NHTSA_SPD_0006,RKGRScen,Speeding,NHTSA-derived,coarse,1,1,1,1,1,1,1,1,1,1,1,1
NHTSA_SPD_0007,RKGRScen,Speeding,NHTSA-derived,coarse,1,1,1,1,1,1,1,1,1,1,1,1
NHTSA_SPD_0008,RKGRScen,Speeding,NHTSA-derived,coarse,1,1,1,1,1,1,1,1,1,1,1,1
NHTSA_SPD_0009,RKGRScen,Speeding,NHTSA-derived,coarse,1,1,1,1,1,1,1,1,1,1,1,1
NHTSA_SPD_0010,RKGRScen,Speeding,NHTSA-derived,coarse,1,1,1,1,1,1,1,1,1,1,1,1
NHTSA_SPD_0011,RKGRScen,Speeding,NHTSA-derived,coarse,1,1,0,1,1,0,1,1,1,1,0,0.8
NHTSA_SPD_0012,RKGRScen,Speeding,NHTSA-derived,coarse,1,0,1,1,1,0,1,1,1,1,0,0.8
NHTSA_SPD_0013,RKGRScen,Speeding,NHTSA-derived,coarse,1,1,1,1,1,1,1,1,1,1,1,1
NHTSA_SPD_0014,RKGRScen,Speeding,NHTSA-derived,coarse,1,1,1,1,1,1,1,1,1,1,1,1
NHTSA_SPD_0015,RKGRScen,Speeding,NHTSA-derived,coarse,1,1,1,1,1,1,1,1,1,1,1,1
NHTSA_SPD_0016,RKGRScen,Speeding,NHTSA-derived,coarse,1,1,1,1,1,1,1,1,1,1,1,1
NHTSA_SPD_0017,RKGRScen,Speeding,NHTSA-derived,coarse,1,0,1,1,1,1,1,1,1,1,1,1
NHTSA_SPD_0018,RKGRScen,Speeding,NHTSA-derived,coarse,1,1,1,1,1,1,1,1,1,1,1,1
NHTSA_SPD_0019,RKGRScen,Speeding,NHTSA-derived,coarse,1,1,1,1,1,1,1,1,1,1,1,1
NHTSA_SPD_0020,RKGRScen,Speeding,NHTSA-derived,coarse,1,1,1,1,1,1,1,1,1,1,1,1
NHTSA_SPD_0021,RKGRScen,Speeding,NHTSA-derived,coarse,1,0,1,1,1,0,1,1,1,1,0,0.8
NHTSA_SPD_0022,RKGRScen,Speeding,NHTSA-derived,coarse,1,1,1,1,1,1,1,1,1,1,1,1
NHTSA_SPD_0023,RKGRScen,Speeding,NHTSA-derived,coarse,1,1,1,1,1,1,1,1,1,1,1,1
NHTSA_SPD_0024,RKGRScen,Speeding,NHTSA-derived,coarse,1,1,1,1,1,1,1,1,1,1,1,1
NHTSA_SPD_0025,RKGRScen,Speeding,NHTSA-derived,coarse,1,1,1,1,1,1,1,1,1,1,1,1
NHTSA_SPD_0026,RKGRScen,Speeding,NHTSA-derived,coarse,1,1,1,1,1,1,1,1,1,1,1,1
NHTSA_SPD_0027,RKGRScen,Speeding,NHTSA-derived,coarse,1,1,0,1,1,0,1,1,1,1,0,0.8
NHTSA_SPD_0028,RKGRScen,Speeding,NHTSA-derived,coarse,1,1,1,1,1,1,1,1,1,1,1,1
NHTSA_SPD_0029,RKGRScen,Speeding,NHTSA-derived,coarse,1,1,1,1,1,1,1,1,1,1,1,1
NHTSA_SPD_0030,RKGRScen,Speeding,NHTSA-derived,coarse,1,1,1,1,1,1,1,1,1,1,1,1
NHTSA_SPD_0031,RKGRScen,Speeding,NHTSA-derived,coarse,0,0,1,,,,,,,,,
NHTSA_SPD_0032,RKGRScen,Speeding,NHTSA-derived,coarse,1,1,1,1,1,1,1,1,1,1,1,1
NHTSA_SPD_0033,RKGRScen,Speeding,NHTSA-derived,coarse,1,1,1,1,1,1,1,1,1,1,1,1
NHTSA_SPD_0034,RKGRScen,Speeding,NHTSA-derived,coarse,1,0,1,1,1,1,1,1,1,1,1,1
NHTSA_SPD_0035,RKGRScen,Speeding,NHTSA-derived,coarse,1,1,1,1,1,1,1,1,1,1,1,1
NHTSA_SPD_0036,RKGRScen,Speeding,NHTSA-derived,coarse,1,0,1,1,1,0,1,1,1,1,0,0.8
NHTSA_SPD_0037,RKGRScen,Speeding,NHTSA-derived,coarse,1,1,1,1,1,1,1,1,1,1,1,1
NHTSA_SPD_0038,RKGRScen,Speeding,NHTSA-derived,coarse,1,1,1,1,1,1,1,1,1,1,1,1
NHTSA_SPD_0039,RKGRScen,Speeding,NHTSA-derived,coarse,1,1,1,1,1,1,1,1,1,1,1,1
NHTSA_SPD_0040,RKGRScen,Speeding,NHTSA-derived,coarse,1,1,1,1,1,1,1,1,1,1,1,1
NHTSA_SPD_0041,RKGRScen,Speeding,NHTSA-derived,coarse,1,1,1,1,1,1,1,1,1,1,1,1
NHTSA_SPD_0042,RKGRScen,Speeding,NHTSA-derived,coarse,1,1,0,1,1,0,1,1,1,1,0,0.8
NHTSA_SPD_0043,RKGRScen,Speeding,NHTSA-derived,coarse,0,0,1,,,,,,,,,
NHTSA_SPD_0044,RKGRScen,Speeding,NHTSA-derived,coarse,1,1,1,1,1,1,1,1,1,1,1,1
NHTSA_SPD_0045,RKGRScen,Speeding,NHTSA-derived,coarse,1,1,1,1,1,1,1,1,1,1,1,1
NHTSA_SPD_0046,RKGRScen,Speeding,NHTSA-derived,coarse,1,1,1,1,1,1,1,1,1,1,1,1
NHTSA_SPD_0047,RKGRScen,Speeding,NHTSA-derived,coarse,1,0,1,1,1,0,1,1,1,1,0,0.8
NHTSA_SPD_0048,RKGRScen,Speeding,NHTSA-derived,coarse,1,1,1,1,1,1,1,1,1,1,1,1
NHTSA_SPD_0049,RKGRScen,Speeding,NHTSA-derived,coarse,1,0,1,1,1,1,1,1,1,1,1,1
NHTSA_SPD_0050,RKGRScen,Speeding,NHTSA-derived,coarse,1,1,0,1,1,0,1,1,1,1,0,0.8
NHTSA_SPD_0051,RKGRScen,Speeding,NHTSA-derived,coarse,1,1,1,1,1,1,1,1,1,1,1,1
NHTSA_SPD_0052,RKGRScen,Speeding,NHTSA-derived,coarse,1,1,1,1,1,1,1,1,1,1,1,1
NHTSA_SPD_0053,RKGRScen,Speeding,NHTSA-derived,coarse,1,1,1,1,1,1,1,1,1,1,1,1
NHTSA_SPD_0054,RKGRScen,Speeding,NHTSA-derived,coarse,1,1,1,1,1,1,1,1,1,1,1,1
NHTSA_SPD_0055,RKGRScen,Speeding,NHTSA-derived,coarse,1,1,1,1,1,1,1,1,1,1,1,1
NHTSA_SPD_0056,RKGRScen,Speeding,NHTSA-derived,coarse,1,1,1,1,1,1,1,1,1,1,1,1
NHTSA_SPD_0057,RKGRScen,Speeding,NHTSA-derived,coarse,1,1,1,1,1,1,1,1,1,1,1,1
NHTSA_SPD_0058,RKGRScen,Speeding,NHTSA-derived,coarse,1,1,1,1,1,1,1,1,1,1,1,1
NHTSA_SPD_0059,RKGRScen,Speeding,NHTSA-derived,coarse,1,1,1,1,1,1,1,1,1,1,1,1
NHTSA_SPD_0060,RKGRScen,Speeding,NHTSA-derived,coarse,1,1,1,1,1,1,1,1,1,1,1,1
NHTSA_SPD_0061,RKGRScen,Speeding,NHTSA-derived,coarse,1,1,1,1,1,1,1,1,1,1,1,1
NHTSA_SPD_0062,RKGRScen,Speeding,NHTSA-derived,coarse,1,1,1,1,1,1,1,1,1,1,1,1
NHTSA_SPD_0063,RKGRScen,Speeding,NHTSA-derived,coarse,1,1,1,1,1,1,1,1,1,1,1,1
NHTSA_SPD_0064,RKGRScen,Speeding,NHTSA-derived,coarse,1,1,1,1,1,1,1,1,1,1,1,1
NHTSA_SPD_0065,RKGRScen,Speeding,NHTSA-derived,coarse,1,1,1,1,1,1,1,1,1,1,1,1
NHTSA_SPD_0066,RKGRScen,Speeding,NHTSA-derived,coarse,1,0,1,1,1,0,1,1,1,1,0,0.8
NHTSA_SPD_0067,RKGRScen,Speeding,NHTSA-derived,coarse,1,0,1,1,1,1,1,1,1,1,1,1
NHTSA_SPD_0068,RKGRScen,Speeding,NHTSA-derived,coarse,1,0,1,1,1,0,1,1,1,1,0,0.8
NHTSA_SPD_0069,RKGRScen,Speeding,NHTSA-derived,coarse,1,0,1,1,1,1,1,1,1,1,1,1
NHTSA_SPD_0070,RKGRScen,Speeding,NHTSA-derived,coarse,1,0,1,1,1,1,1,1,1,1,1,1
NHTSA_SPD_0071,RKGRScen,Speeding,NHTSA-derived,coarse,1,1,1,1,1,1,1,1,1,1,1,1
NHTSA_SPD_0072,RKGRScen,Speeding,NHTSA-derived,coarse,1,1,1,1,1,1,1,1,1,1,1,1
NHTSA_SPD_0073,RKGRScen,Speeding,NHTSA-derived,coarse,1,1,0,1,1,0,1,1,1,1,0,0.8
NHTSA_SPD_0074,RKGRScen,Speeding,NHTSA-derived,coarse,1,1,1,1,1,1,1,1,1,1,1,1
NHTSA_SPD_0075,RKGRScen,Speeding,NHTSA-derived,coarse,1,1,1,1,1,1,1,1,1,1,1,1
NHTSA_SPD_0076,RKGRScen,Speeding,NHTSA-derived,coarse,1,1,1,1,1,1,1,1,1,1,1,1
NHTSA_SPD_0077,RKGRScen,Speeding,NHTSA-derived,coarse,1,1,1,1,1,1,1,1,1,1,1,1
NHTSA_SPD_0078,RKGRScen,Speeding,NHTSA-derived,coarse,1,0,1,1,1,1,1,1,1,1,1,1
NHTSA_SPD_0079,RKGRScen,Speeding,NHTSA-derived,coarse,1,1,1,1,1,1,1,1,1,1,1,1
NHTSA_SPD_0080,RKGRScen,Speeding,NHTSA-derived,coarse,1,1,1,1,1,1,1,1,1,1,1,1
NHTSA_SPD_0081,RKGRScen,Speeding,NHTSA-derived,coarse,1,1,1,1,1,1,1,1,1,1,1,1
NHTSA_SPD_0082,RKGRScen,Speeding,NHTSA-derived,coarse,1,1,1,1,1,1,1,1,1,1,1,1
NHTSA_SPD_0083,RKGRScen,Speeding,NHTSA-derived,coarse,1,1,1,1,1,1,1,1,1,1,1,1
NHTSA_SPD_0084,RKGRScen,Speeding,NHTSA-derived,coarse,1,1,1,1,1,1,1,1,1,1,1,1
NHTSA_SPD_0085,RKGRScen,Speeding,NHTSA-derived,coarse,1,1,1,1,1,1,1,1,1,1,1,1
NHTSA_SPD_0086,RKGRScen,Speeding,NHTSA-derived,coarse,1,1,1,1,1,1,1,1,1,1,1,1
NHTSA_SPD_0087,RKGRScen,Speeding,NHTSA-derived,coarse,1,1,1,1,1,1,1,1,1,1,1,1
NHTSA_SPD_0088,RKGRScen,Speeding,NHTSA-derived,coarse,1,1,1,1,1,1,1,1,1,1,1,1
NHTSA_SPD_0089,RKGRScen,Speeding,NHTSA-derived,coarse,0,0,1,,,,,,,,,
NHTSA_SPD_0090,RKGRScen,Speeding,NHTSA-derived,coarse,1,1,1,1,1,1,1,1,1,1,1,1
NHTSA_SPD_0091,RKGRScen,Speeding,NHTSA-derived,coarse,1,1,1,1,1,1,1,1,1,1,1,1
NHTSA_SPD_0092,RKGRScen,Speeding,NHTSA-derived,coarse,1,1,1,1,1,1,1,1,1,1,1,1
NHTSA_SPD_0093,RKGRScen,Speeding,NHTSA-derived,coarse,1,1,1,1,1,1,1,1,1,1,1,1
NHTSA_SPD_0094,RKGRScen,Speeding,NHTSA-derived,coarse,1,1,1,1,1,1,1,1,1,1,1,1
NHTSA_SPD_0095,RKGRScen,Speeding,NHTSA-derived,coarse,1,1,1,1,1,1,1,1,1,1,1,1
NHTSA_SPD_0096,RKGRScen,Speeding,NHTSA-derived,coarse,1,1,1,1,1,1,1,1,1,1,1,1
NHTSA_SPD_0097,RKGRScen,Speeding,NHTSA-derived,coarse,1,1,1,1,1,1,1,1,1,1,1,1
NHTSA_SPD_0098,RKGRScen,Speeding,NHTSA-derived,coarse,1,1,1,1,1,1,1,1,1,1,1,1
NHTSA_SPD_0099,RKGRScen,Speeding,NHTSA-derived,coarse,1,1,1,1,1,1,1,1,1,1,1,1
NHTSA_SPD_0100,RKGRScen,Speeding,NHTSA-derived,coarse,1,1,1,1,1,1,1,1,1,1,1,1
NHTSA_SPD_0101,RKGRScen,Speeding,NHTSA-derived,coarse,1,1,1,1,1,1,1,1,1,1,1,1
NHTSA_SPD_0102,RKGRScen,Speeding,NHTSA-derived,coarse,1,0,1,1,1,1,1,1,1,1,1,1
NHTSA_SPD_0103,RKGRScen,Speeding,NHTSA-derived,coarse,1,1,1,1,1,1,1,1,1,1,1,1
NHTSA_SPD_0104,RKGRScen,Speeding,NHTSA-derived,coarse,1,1,1,1,1,1,1,1,1,1,1,1
NHTSA_SPD_0105,RKGRScen,Speeding,NHTSA-derived,coarse,0,0,1,,,,,,,,,
NHTSA_SPD_0106,RKGRScen,Speeding,NHTSA-derived,coarse,1,1,1,1,1,1,1,1,1,1,1,1
NHTSA_SPD_0107,RKGRScen,Speeding,NHTSA-derived,coarse,1,1,1,1,1,1,1,1,1,1,1,1
NHTSA_SPD_0108,RKGRScen,Speeding,NHTSA-derived,coarse,1,1,1,1,1,1,1,1,1,1,1,1
NHTSA_SPD_0109,RKGRScen,Speeding,NHTSA-derived,coarse,1,1,1,1,1,1,1,1,1,1,1,1
NHTSA_SPD_0110,RKGRScen,Speeding,NHTSA-derived,coarse,1,1,1,1,1,1,1,1,1,1,1,1
NHTSA_SPD_0111,RKGRScen,Speeding,NHTSA-derived,coarse,1,1,1,1,1,1,1,1,1,1,1,1
NHTSA_SPD_0112,RKGRScen,Speeding,NHTSA-derived,coarse,1,0,1,1,1,1,1,1,1,1,1,1
NHTSA_SPD_0113,RKGRScen,Speeding,NHTSA-derived,coarse,1,1,1,1,1,1,1,1,1,1,1,1
NHTSA_SPD_0114,RKGRScen,Speeding,NHTSA-derived,coarse,1,1,1,1,1,1,1,1,1,1,1,1
NHTSA_SPD_0115,RKGRScen,Speeding,NHTSA-derived,coarse,1,1,1,1,1,1,1,1,1,1,1,1
NHTSA_SPD_0116,RKGRScen,Speeding,NHTSA-derived,coarse,1,1,1,1,1,1,1,1,1,1,1,1
NHTSA_SPD_0117,RKGRScen,Speeding,NHTSA-derived,coarse,1,1,1,1,1,1,1,1,1,1,1,1
NHTSA_SPD_0118,RKGRScen,Speeding,NHTSA-derived,coarse,1,1,1,1,1,1,1,1,1,1,1,1
NHTSA_SPD_0119,RKGRScen,Speeding,NHTSA-derived,coarse,1,1,1,1,1,1,1,1,1,1,1,1
NHTSA_SPD_0120,RKGRScen,Speeding,NHTSA-derived,coarse,1,1,1,1,1,1,1,1,1,1,1,1
NHTSA_SPD_0121,RKGRScen,Speeding,NHTSA-derived,coarse,1,0,1,1,1,1,1,1,1,1,1,1
NHTSA_SPD_0122,RKGRScen,Speeding,NHTSA-derived,coarse,1,1,1,1,1,1,1,1,1,1,1,1
NHTSA_SPD_0123,RKGRScen,Speeding,NHTSA-derived,coarse,1,1,1,1,1,1,1,1,1,1,1,1
NHTSA_SPD_0124,RKGRScen,Speeding,NHTSA-derived,coarse,1,1,1,1,1,1,1,1,1,1,1,1
NHTSA_SPD_0125,RKGRScen,Speeding,NHTSA-derived,coarse,1,0,1,1,1,1,1,1,1,1,1,1
NHTSA_SPD_0126,RKGRScen,Speeding,NHTSA-derived,coarse,1,1,1,1,1,1,1,1,1,1,1,1
NHTSA_SPD_0127,RKGRScen,Speeding,NHTSA-derived,coarse,1,1,1,1,1,1,1,1,1,1,1,1
NHTSA_SPD_0128,RKGRScen,Speeding,NHTSA-derived,coarse,1,1,1,1,1,1,1,1,1,1,1,1
NHTSA_SPD_0129,RKGRScen,Speeding,NHTSA-derived,coarse,1,1,1,1,1,1,1,1,1,1,1,1
NHTSA_SPD_0130,RKGRScen,Speeding,NHTSA-derived,coarse,1,1,1,1,1,1,1,1,1,1,1,1
NHTSA_SPD_0131,RKGRScen,Speeding,NHTSA-derived,coarse,1,1,1,1,1,1,1,1,1,1,1,1
NHTSA_SPD_0132,RKGRScen,Speeding,NHTSA-derived,coarse,1,1,1,1,1,1,1,1,1,1,1,1
NHTSA_SPD_0133,RKGRScen,Speeding,NHTSA-derived,coarse,1,1,1,1,1,1,1,1,1,1,1,1
NHTSA_SPD_0134,RKGRScen,Speeding,NHTSA-derived,coarse,1,1,1,1,1,1,1,1,1,1,1,1
NHTSA_SPD_0135,RKGRScen,Speeding,NHTSA-derived,coarse,1,0,1,1,1,0,1,1,1,1,0,0.8
NHTSA_SPD_0136,RKGRScen,Speeding,NHTSA-derived,coarse,1,1,1,1,1,1,1,1,1,1,1,1
NHTSA_SPD_0137,RKGRScen,Speeding,NHTSA-derived,coarse,0,0,1,,,,,,,,,
NHTSA_SPD_0138,RKGRScen,Speeding,NHTSA-derived,coarse,1,1,1,1,1,1,1,1,1,1,1,1
NHTSA_SPD_0139,RKGRScen,Speeding,NHTSA-derived,coarse,1,1,1,1,1,1,1,1,1,1,1,1
NHTSA_SPD_0140,RKGRScen,Speeding,NHTSA-derived,coarse,1,1,1,1,1,1,1,1,1,1,1,1
NHTSA_SPD_0141,RKGRScen,Speeding,NHTSA-derived,coarse,1,1,1,1,1,1,1,1,1,1,1,1
NHTSA_SPD_0142,RKGRScen,Speeding,NHTSA-derived,coarse,1,1,1,1,1,1,1,1,1,1,1,1
NHTSA_SPD_0143,RKGRScen,Speeding,NHTSA-derived,coarse,1,1,1,1,1,1,1,1,1,1,1,1
NHTSA_SPD_0144,RKGRScen,Speeding,NHTSA-derived,coarse,1,1,1,1,1,1,1,1,1,1,1,1
NHTSA_SPD_0145,RKGRScen,Speeding,NHTSA-derived,coarse,1,1,1,1,1,1,1,1,1,1,1,1
NHTSA_SPD_0146,RKGRScen,Speeding,NHTSA-derived,coarse,1,0,1,1,1,0,1,1,1,1,0,0.8
NHTSA_SPD_0147,RKGRScen,Speeding,NHTSA-derived,coarse,1,1,1,1,1,1,1,1,1,1,1,1
NHTSA_SPD_0148,RKGRScen,Speeding,NHTSA-derived,coarse,1,1,1,1,1,1,1,1,1,1,1,1
NHTSA_SPD_0149,RKGRScen,Speeding,NHTSA-derived,coarse,1,1,1,1,1,1,1,1,1,1,1,1
NHTSA_SPD_0150,RKGRScen,Speeding,NHTSA-derived,coarse,1,0,1,1,1,1,1,1,1,1,1,1
NHTSA_SPD_0151,RKGRScen,Speeding,NHTSA-derived,coarse,1,1,1,1,1,1,1,1,1,1,1,1
NHTSA_SPD_0152,RKGRScen,Speeding,NHTSA-derived,coarse,1,1,1,1,1,1,1,1,1,1,1,1
NHTSA_SPD_0153,RKGRScen,Speeding,NHTSA-derived,coarse,1,1,1,1,1,1,1,1,1,1,1,1
NHTSA_SPD_0154,RKGRScen,Speeding,NHTSA-derived,coarse,1,0,1,1,1,1,1,1,1,1,1,1
NHTSA_SPD_0155,RKGRScen,Speeding,NHTSA-derived,coarse,1,0,1,1,1,0,1,1,1,1,1,0.8400000000000001
NHTSA_SPD_0156,RKGRScen,Speeding,NHTSA-derived,coarse,1,1,1,1,1,1,1,1,1,1,1,1
NHTSA_SPD_0157,RKGRScen,Speeding,NHTSA-derived,coarse,1,1,1,1,1,1,1,1,1,1,1,1
NHTSA_SPD_0158,RKGRScen,Speeding,NHTSA-derived,coarse,1,0,0,1,1,0,1,1,1,1,0,0.8
NHTSA_SPD_0159,RKGRScen,Speeding,NHTSA-derived,coarse,1,1,1,1,1,1,1,1,1,1,1,1
NHTSA_SPD_0160,RKGRScen,Speeding,NHTSA-derived,coarse,1,1,1,1,1,1,1,1,1,1,1,1
NHTSA_SPD_0161,RKGRScen,Speeding,NHTSA-derived,coarse,1,1,1,1,1,1,1,1,1,1,1,1
NHTSA_SPD_0162,RKGRScen,Speeding,NHTSA-derived,coarse,1,1,1,1,1,1,1,1,1,1,1,1
NHTSA_SPD_0163,RKGRScen,Speeding,NHTSA-derived,coarse,1,0,1,1,1,0,1,1,1,1,0,0.8
NHTSA_SPD_0164,RKGRScen,Speeding,NHTSA-derived,coarse,1,1,1,1,1,1,1,1,1,1,1,1
NHTSA_SPD_0165,RKGRScen,Speeding,NHTSA-derived,coarse,1,1,1,1,1,1,1,1,1,1,1,1
NHTSA_SPD_0166,RKGRScen,Speeding,NHTSA-derived,coarse,1,0,1,1,1,0,1,1,1,1,0,0.8
NHTSA_SPD_0167,RKGRScen,Speeding,NHTSA-derived,coarse,1,1,1,1,1,1,1,1,1,1,1,1
NHTSA_SPD_0168,RKGRScen,Speeding,NHTSA-derived,coarse,1,1,1,1,1,1,1,1,1,1,1,1
NHTSA_SPD_0169,RKGRScen,Speeding,NHTSA-derived,coarse,1,1,1,1,1,1,1,1,1,1,1,1
NHTSA_SPD_0170,RKGRScen,Speeding,NHTSA-derived,coarse,1,1,1,1,1,1,1,1,1,1,1,1
NHTSA_SPD_0171,RKGRScen,Speeding,NHTSA-derived,coarse,1,0,1,1,1,1,1,1,1,1,1,1
NHTSA_SPD_0172,RKGRScen,Speeding,NHTSA-derived,coarse,1,1,1,1,1,1,1,1,1,1,1,1
NHTSA_SPD_0173,RKGRScen,Speeding,NHTSA-derived,coarse,1,1,1,1,1,1,1,1,1,1,1,1
NHTSA_SPD_0174,RKGRScen,Speeding,NHTSA-derived,coarse,1,1,1,1,1,1,1,1,1,1,1,1
NHTSA_SPD_0175,RKGRScen,Speeding,NHTSA-derived,coarse,1,1,1,1,1,1,1,1,1,1,1,1
NHTSA_SPD_0176,RKGRScen,Speeding,NHTSA-derived,coarse,1,1,1,1,1,1,1,1,1,1,1,1
NHTSA_SPD_0177,RKGRScen,Speeding,NHTSA-derived,coarse,1,1,1,1,1,1,1,1,1,1,1,1
NHTSA_SPD_0178,RKGRScen,Speeding,NHTSA-derived,coarse,1,0,1,1,1,0,1,1,1,1,0,0.8
NHTSA_SPD_0179,RKGRScen,Speeding,NHTSA-derived,coarse,1,1,1,1,1,1,1,1,1,1,1,1
NHTSA_SPD_0180,RKGRScen,Speeding,NHTSA-derived,coarse,1,1,1,1,1,1,1,1,1,1,1,1
NHTSA_SPD_0181,RKGRScen,Speeding,NHTSA-derived,coarse,1,1,1,1,1,1,1,1,1,1,1,1
NHTSA_SPD_0182,RKGRScen,Speeding,NHTSA-derived,coarse,1,1,1,1,1,1,1,1,1,1,1,1
NHTSA_SPD_0183,RKGRScen,Speeding,NHTSA-derived,coarse,0,0,1,,,,,,,,,
NHTSA_SPD_0184,RKGRScen,Speeding,NHTSA-derived,coarse,1,1,1,1,1,1,1,1,1,1,1,1
NHTSA_SPD_0185,RKGRScen,Speeding,NHTSA-derived,coarse,1,1,1,1,1,1,1,1,1,1,1,1
NHTSA_SPD_0186,RKGRScen,Speeding,NHTSA-derived,coarse,1,1,1,1,1,1,1,1,1,1,1,1
NHTSA_SPD_0187,RKGRScen,Speeding,NHTSA-derived,coarse,1,1,1,1,1,1,1,1,1,1,1,1
NHTSA_SPD_0188,RKGRScen,Speeding,NHTSA-derived,coarse,1,1,1,1,1,1,1,1,1,1,1,1
NHTSA_SPD_0189,RKGRScen,Speeding,NHTSA-derived,coarse,1,1,1,1,1,1,1,1,1,1,1,1
NHTSA_SPD_0190,RKGRScen,Speeding,NHTSA-derived,coarse,1,1,1,1,1,1,1,1,1,1,1,1
NHTSA_SPD_0191,RKGRScen,Speeding,NHTSA-derived,coarse,1,1,1,1,1,1,1,1,1,1,1,1
NHTSA_SPD_0192,RKGRScen,Speeding,NHTSA-derived,coarse,1,1,1,1,1,1,1,1,1,1,1,1
NHTSA_SPD_0193,RKGRScen,Speeding,NHTSA-derived,coarse,1,0,0,1,1,0,1,1,1,1,0,0.8
NHTSA_SPD_0194,RKGRScen,Speeding,NHTSA-derived,coarse,1,1,1,1,1,1,1,1,1,1,1,1
NHTSA_SPD_0195,RKGRScen,Speeding,NHTSA-derived,coarse,1,1,1,1,1,1,1,1,1,1,1,1
NHTSA_SPD_0196,RKGRScen,Speeding,NHTSA-derived,coarse,1,1,1,1,1,1,1,1,1,1,1,1
NHTSA_SPD_0197,RKGRScen,Speeding,NHTSA-derived,coarse,1,1,1,1,1,1,1,1,1,1,1,1
NHTSA_SPD_0198,RKGRScen,Speeding,NHTSA-derived,coarse,1,1,1,1,1,1,1,1,1,1,1,1
NHTSA_SPD_0199,RKGRScen,Speeding,NHTSA-derived,coarse,0,0,1,,,,,,,,,
NHTSA_SPD_0200,RKGRScen,Speeding,NHTSA-derived,coarse,1,1,1,1,1,1,1,1,1,1,1,1
NHTSA_SPD_0201,RKGRScen,Speeding,NHTSA-derived,coarse,1,1,1,1,1,1,1,1,1,1,1,1
NHTSA_SPD_0202,RKGRScen,Speeding,NHTSA-derived,coarse,1,1,1,1,1,1,1,1,1,1,1,1
NHTSA_SPD_0203,RKGRScen,Speeding,NHTSA-derived,coarse,1,1,1,1,1,1,1,1,1,1,1,1
NHTSA_SPD_0204,RKGRScen,Speeding,NHTSA-derived,coarse,1,0,1,1,1,0,1,1,1,1,0,0.8
NHTSA_SPD_0205,RKGRScen,Speeding,NHTSA-derived,coarse,1,1,1,1,1,1,1,1,1,1,1,1
NHTSA_SPD_0206,RKGRScen,Speeding,NHTSA-derived,coarse,1,1,1,1,1,1,1,1,1,1,1,1
NHTSA_SPD_0207,RKGRScen,Speeding,NHTSA-derived,coarse,1,1,1,1,1,1,1,1,1,1,1,1
NHTSA_SPD_0208,RKGRScen,Speeding,NHTSA-derived,coarse,1,0,1,1,1,1,1,1,1,1,1,1
NHTSA_SPD_0209,RKGRScen,Speeding,NHTSA-derived,coarse,1,1,1,1,1,1,1,1,1,1,1,1
NHTSA_SPD_0210,RKGRScen,Speeding,NHTSA-derived,coarse,1,1,1,1,1,1,1,1,1,1,1,1
NHTSA_SPD_0211,RKGRScen,Speeding,NHTSA-derived,coarse,1,1,1,1,1,1,1,1,1,1,1,1
NHTSA_SPD_0212,RKGRScen,Speeding,NHTSA-derived,coarse,1,1,1,1,1,1,1,1,1,1,1,1
NHTSA_SPD_0213,RKGRScen,Speeding,NHTSA-derived,coarse,0,0,1,,,,,,,,,
NHTSA_SPD_0214,RKGRScen,Speeding,NHTSA-derived,coarse,0,0,1,,,,,,,,,
NHTSA_SPD_0215,RKGRScen,Speeding,NHTSA-derived,coarse,1,0,1,1,1,1,1,1,1,1,1,1
NHTSA_SPD_0216,RKGRScen,Speeding,NHTSA-derived,coarse,1,0,1,1,1,0,1,1,1,1,0,0.8
NHTSA_SPD_0217,RKGRScen,Speeding,NHTSA-derived,coarse,1,1,1,1,1,1,1,1,1,1,1,1
NHTSA_SPD_0218,RKGRScen,Speeding,NHTSA-derived,coarse,1,1,1,1,1,1,1,1,1,1,1,1
NHTSA_SPD_0219,RKGRScen,Speeding,NHTSA-derived,coarse,1,1,1,1,1,1,1,1,1,1,1,1
NHTSA_SPD_0220,RKGRScen,Speeding,NHTSA-derived,coarse,0,0,1,,,,,,,,,
NHTSA_SPD_0221,RKGRScen,Speeding,NHTSA-derived,coarse,1,1,1,1,1,1,1,1,1,1,1,1
NHTSA_SPD_0222,RKGRScen,Speeding,NHTSA-derived,coarse,1,1,1,1,1,1,1,1,1,1,1,1
NHTSA_SPD_0223,RKGRScen,Speeding,NHTSA-derived,coarse,1,1,1,1,1,1,1,1,1,1,1,1
NHTSA_SPD_0224,RKGRScen,Speeding,NHTSA-derived,coarse,1,1,1,1,1,1,1,1,1,1,1,1
NHTSA_SPD_0225,RKGRScen,Speeding,NHTSA-derived,coarse,1,1,0,1,1,0,1,1,1,1,0,0.8
NHTSA_SPD_0226,RKGRScen,Speeding,NHTSA-derived,coarse,1,1,1,1,1,1,1,1,1,1,1,1
NHTSA_SPD_0227,RKGRScen,Speeding,NHTSA-derived,coarse,1,0,1,1,1,1,1,1,1,1,1,1
NHTSA_SPD_0228,RKGRScen,Speeding,NHTSA-derived,coarse,1,1,1,1,1,1,1,1,1,1,1,1
NHTSA_SPD_0229,RKGRScen,Speeding,NHTSA-derived,coarse,1,1,1,1,1,1,1,1,1,1,1,1
NHTSA_SPD_0230,RKGRScen,Speeding,NHTSA-derived,coarse,1,1,1,1,1,1,1,1,1,1,1,1
NHTSA_SPD_0231,RKGRScen,Speeding,NHTSA-derived,coarse,1,1,1,1,1,1,1,1,1,1,1,1
NHTSA_SPD_0232,RKGRScen,Speeding,NHTSA-derived,coarse,1,1,1,1,1,1,1,1,1,1,1,1
NHTSA_SPD_0233,RKGRScen,Speeding,NHTSA-derived,coarse,1,1,1,1,1,1,1,1,1,1,1,1
NHTSA_SPD_0234,RKGRScen,Speeding,NHTSA-derived,coarse,1,1,1,1,1,1,1,1,1,1,1,1
NHTSA_SPD_0235,RKGRScen,Speeding,NHTSA-derived,coarse,1,1,1,1,1,1,1,1,1,1,1,1
NHTSA_SPD_0236,RKGRScen,Speeding,NHTSA-derived,coarse,1,1,1,1,1,1,1,1,1,1,1,1
NHTSA_SPD_0237,RKGRScen,Speeding,NHTSA-derived,coarse,1,1,1,1,1,1,1,1,1,1,1,1
NHTSA_SPD_0238,RKGRScen,Speeding,NHTSA-derived,coarse,1,1,1,1,1,1,1,1,1,1,1,1
NHTSA_SPD_0239,RKGRScen,Speeding,NHTSA-derived,coarse,1,0,1,1,1,1,1,1,1,1,1,1
NHTSA_SPD_0240,RKGRScen,Speeding,NHTSA-derived,coarse,1,1,0,1,1,0,1,1,1,1,0,0.8
NHTSA_SPD_0241,RKGRScen,Speeding,NHTSA-derived,coarse,0,0,1,,,,,,,,,
NHTSA_SPD_0242,RKGRScen,Speeding,NHTSA-derived,coarse,1,1,1,1,1,1,1,1,1,1,1,1
NHTSA_SPD_0243,RKGRScen,Speeding,NHTSA-derived,coarse,1,1,1,1,1,1,1,1,1,1,1,1
NHTSA_SPD_0244,RKGRScen,Speeding,NHTSA-derived,coarse,1,1,1,1,1,1,1,1,1,1,1,1
NHTSA_SPD_0245,RKGRScen,Speeding,NHTSA-derived,coarse,1,1,1,1,1,1,1,1,1,1,1,1
NHTSA_SPD_0246,RKGRScen,Speeding,NHTSA-derived,coarse,1,0,1,1,1,1,1,1,1,1,1,1
NHTSA_SPD_0247,RKGRScen,Speeding,NHTSA-derived,coarse,1,1,1,1,1,1,1,1,1,1,1,1
NHTSA_SPD_0248,RKGRScen,Speeding,NHTSA-derived,coarse,1,1,1,1,1,1,1,1,1,1,1,1
NHTSA_SPD_0249,RKGRScen,Speeding,NHTSA-derived,coarse,1,0,1,1,1,1,1,1,1,1,1,1
NHTSA_SPD_0250,RKGRScen,Speeding,NHTSA-derived,coarse,1,0,1,1,1,1,1,1,1,1,1,1
NHTSA_SPD_0251,RKGRScen,Speeding,NHTSA-derived,coarse,1,1,1,1,1,1,1,1,1,1,1,1
NHTSA_SPD_0252,RKGRScen,Speeding,NHTSA-derived,coarse,1,1,1,1,1,1,1,1,1,1,1,1
NHTSA_SPD_0253,RKGRScen,Speeding,NHTSA-derived,coarse,1,0,1,1,1,1,1,1,1,1,1,1
NHTSA_SPD_0254,RKGRScen,Speeding,NHTSA-derived,coarse,1,1,1,1,1,1,1,1,1,1,1,1
NHTSA_SPD_0255,RKGRScen,Speeding,NHTSA-derived,coarse,1,1,1,1,1,1,1,1,1,1,1,1
NHTSA_SPD_0256,RKGRScen,Speeding,NHTSA-derived,coarse,1,0,1,1,1,0,1,1,1,1,0,0.8
NHTSA_SPD_0257,RKGRScen,Speeding,NHTSA-derived,coarse,1,1,1,1,1,1,1,1,1,1,1,1
NHTSA_SPD_0258,RKGRScen,Speeding,NHTSA-derived,coarse,0,0,1,,,,,,,,,
NHTSA_SPD_0259,RKGRScen,Speeding,NHTSA-derived,coarse,1,1,1,1,1,1,1,1,1,1,1,1
NHTSA_SPD_0260,RKGRScen,Speeding,NHTSA-derived,coarse,1,1,1,1,1,1,1,1,1,1,1,1
NHTSA_SPD_0261,RKGRScen,Speeding,NHTSA-derived,coarse,1,1,1,1,1,1,1,1,1,1,1,1
NHTSA_SPD_0262,RKGRScen,Speeding,NHTSA-derived,coarse,1,1,1,1,1,1,1,1,1,1,1,1
NHTSA_SPD_0263,RKGRScen,Speeding,NHTSA-derived,coarse,1,1,1,1,1,1,1,1,1,1,1,1
NHTSA_SPD_0264,RKGRScen,Speeding,NHTSA-derived,coarse,1,1,1,1,1,1,1,1,1,1,1,1
NHTSA_SPD_0265,RKGRScen,Speeding,NHTSA-derived,coarse,1,1,1,1,1,1,1,1,1,1,1,1
NHTSA_SPD_0266,RKGRScen,Speeding,NHTSA-derived,coarse,1,1,1,1,1,1,1,1,1,1,1,1
NHTSA_SPD_0267,RKGRScen,Speeding,NHTSA-derived,coarse,1,1,1,1,1,1,1,1,1,1,1,1
NHTSA_SPD_0268,RKGRScen,Speeding,NHTSA-derived,coarse,1,1,1,1,1,1,1,1,1,1,1,1
NHTSA_SPD_0269,RKGRScen,Speeding,NHTSA-derived,coarse,1,1,1,1,1,1,1,1,1,1,1,1
NHTSA_SPD_0270,RKGRScen,Speeding,NHTSA-derived,coarse,1,1,1,1,1,1,1,1,1,1,1,1
NHTSA_SPD_0271,RKGRScen,Speeding,NHTSA-derived,coarse,1,0,1,1,1,1,1,1,1,1,1,1
NHTSA_SPD_0272,RKGRScen,Speeding,NHTSA-derived,coarse,1,0,1,1,1,1,1,1,1,1,1,1
NHTSA_SPD_0273,RKGRScen,Speeding,NHTSA-derived,coarse,1,0,1,1,1,1,1,1,1,1,1,1
NHTSA_SPD_0274,RKGRScen,Speeding,NHTSA-derived,coarse,1,1,1,1,1,1,1,1,1,1,1,1
NHTSA_SPD_0275,RKGRScen,Speeding,NHTSA-derived,coarse,0,0,1,,,,,,,,,
NHTSA_SPD_0276,RKGRScen,Speeding,NHTSA-derived,coarse,1,1,1,1,1,1,1,1,1,1,1,1
NHTSA_SPD_0277,RKGRScen,Speeding,NHTSA-derived,coarse,1,0,1,1,1,0,1,1,1,1,0,0.8
NHTSA_SPD_0278,RKGRScen,Speeding,NHTSA-derived,coarse,1,0,1,1,1,1,1,1,1,1,1,1
NHTSA_SPD_0279,RKGRScen,Speeding,NHTSA-derived,coarse,1,1,1,1,1,1,1,1,1,1,1,1
NHTSA_SPD_0280,RKGRScen,Speeding,NHTSA-derived,coarse,1,0,1,1,1,1,1,1,1,1,1,1
NHTSA_SPD_0281,RKGRScen,Speeding,NHTSA-derived,coarse,1,1,1,1,1,1,1,1,1,1,1,1
NHTSA_SPD_0282,RKGRScen,Speeding,NHTSA-derived,coarse,1,1,1,1,1,1,1,1,1,1,1,1
NHTSA_SPD_0283,RKGRScen,Speeding,NHTSA-derived,coarse,1,1,1,1,1,1,1,1,1,1,1,1
NHTSA_SPD_0284,RKGRScen,Speeding,NHTSA-derived,coarse,0,0,1,,,,,,,,,
NHTSA_SPD_0285,RKGRScen,Speeding,NHTSA-derived,coarse,1,1,1,1,1,1,1,1,1,1,1,1
NHTSA_SPD_0286,RKGRScen,Speeding,NHTSA-derived,coarse,1,1,1,1,1,1,1,1,1,1,1,1
NHTSA_SPD_0287,RKGRScen,Speeding,NHTSA-derived,coarse,1,1,0,1,1,0,1,1,1,1,0,0.8
NHTSA_SPD_0288,RKGRScen,Speeding,NHTSA-derived,coarse,1,1,1,1,1,1,1,1,1,1,1,1
NHTSA_SPD_0289,RKGRScen,Speeding,NHTSA-derived,coarse,1,1,1,1,1,1,1,1,1,1,1,1
NHTSA_SPD_0290,RKGRScen,Speeding,NHTSA-derived,coarse,1,1,1,1,1,1,1,1,1,1,1,1
NHTSA_SPD_0291,RKGRScen,Speeding,NHTSA-derived,coarse,0,0,1,,,,,,,,,
NHTSA_SPD_0292,RKGRScen,Speeding,NHTSA-derived,coarse,1,1,1,1,1,1,1,1,1,1,1,1
NHTSA_SPD_0293,RKGRScen,Speeding,NHTSA-derived,coarse,1,1,0,1,1,0,1,1,1,1,0,0.8
NHTSA_SPD_0294,RKGRScen,Speeding,NHTSA-derived,coarse,1,1,1,1,1,1,1,1,1,1,1,1
NHTSA_SPD_0295,RKGRScen,Speeding,NHTSA-derived,coarse,1,1,1,1,1,1,1,1,1,1,1,1
NHTSA_SPD_0296,RKGRScen,Speeding,NHTSA-derived,coarse,1,1,1,1,1,1,1,1,1,1,1,1
NHTSA_SPD_0297,RKGRScen,Speeding,NHTSA-derived,coarse,1,0,1,1,1,1,1,1,1,1,1,1
NHTSA_SPD_0298,RKGRScen,Speeding,NHTSA-derived,coarse,1,1,1,1,1,1,1,1,1,1,1,1
NHTSA_SPD_0299,RKGRScen,Speeding,NHTSA-derived,coarse,1,1,1,1,1,1,1,1,1,1,1,1
NHTSA_SPD_0300,RKGRScen,Speeding,NHTSA-derived,coarse,1,0,1,1,1,0,1,1,1,1,0,0.8
NHTSA_SPD_0301,RKGRScen,Speeding,NHTSA-derived,coarse,1,1,1,1,1,1,1,1,1,1,1,1
NHTSA_SPD_0302,RKGRScen,Speeding,NHTSA-derived,coarse,1,1,1,1,1,1,1,1,1,1,1,1
NHTSA_SPD_0303,RKGRScen,Speeding,NHTSA-derived,coarse,1,1,1,1,1,1,1,1,1,1,1,1
NHTSA_SPD_0304,RKGRScen,Speeding,NHTSA-derived,coarse,1,1,1,1,1,1,1,1,1,1,1,1
NHTSA_SPD_0305,RKGRScen,Speeding,NHTSA-derived,coarse,1,1,1,1,1,1,1,1,1,1,1,1
NHTSA_SPD_0306,RKGRScen,Speeding,NHTSA-derived,coarse,1,1,1,1,1,1,1,1,1,1,1,1
NHTSA_SPD_0307,RKGRScen,Speeding,NHTSA-derived,coarse,1,1,1,1,1,1,1,1,1,1,1,1
NHTSA_SPD_0308,RKGRScen,Speeding,NHTSA-derived,coarse,1,1,1,1,1,1,1,1,1,1,1,1
NHTSA_SPD_0309,RKGRScen,Speeding,NHTSA-derived,coarse,1,1,1,1,1,1,1,1,1,1,1,1
NHTSA_SPD_0310,RKGRScen,Speeding,NHTSA-derived,coarse,1,1,1,1,1,1,1,1,1,1,1,1
NHTSA_SPD_0311,RKGRScen,Speeding,NHTSA-derived,coarse,1,1,1,1,1,1,1,1,1,1,1,1
NHTSA_SPD_0312,RKGRScen,Speeding,NHTSA-derived,coarse,1,1,1,1,1,1,1,1,1,1,1,1
NHTSA_SPD_0313,RKGRScen,Speeding,NHTSA-derived,coarse,1,0,1,1,1,0,1,1,1,1,0,0.8
NHTSA_SPD_0314,RKGRScen,Speeding,NHTSA-derived,coarse,1,1,1,1,1,1,1,1,1,1,1,1
NHTSA_SPD_0315,RKGRScen,Speeding,NHTSA-derived,coarse,1,1,1,1,1,1,1,1,1,1,1,1
NHTSA_SPD_0316,RKGRScen,Speeding,NHTSA-derived,coarse,1,1,1,1,1,1,1,1,1,1,1,1
NHTSA_SPD_0317,RKGRScen,Speeding,NHTSA-derived,coarse,1,1,1,1,1,1,1,1,1,1,1,1
NHTSA_SPD_0318,RKGRScen,Speeding,NHTSA-derived,coarse,1,1,1,1,1,1,1,1,1,1,1,1
NHTSA_SPD_0319,RKGRScen,Speeding,NHTSA-derived,coarse,1,1,1,1,1,1,1,1,1,1,1,1
NHTSA_SPD_0320,RKGRScen,Speeding,NHTSA-derived,coarse,1,1,1,1,1,1,1,1,1,1,1,1
NHTSA_SPD_0321,RKGRScen,Speeding,NHTSA-derived,coarse,1,1,1,1,1,1,1,1,1,1,1,1
NHTSA_SPD_0322,RKGRScen,Speeding,NHTSA-derived,coarse,1,0,1,1,1,1,1,1,1,1,1,1
NHTSA_SPD_0323,RKGRScen,Speeding,NHTSA-derived,coarse,1,1,1,1,1,1,1,1,1,1,1,1
NHTSA_SPD_0324,RKGRScen,Speeding,NHTSA-derived,coarse,1,1,1,1,1,1,1,1,1,1,1,1
NHTSA_SPD_0325,RKGRScen,Speeding,NHTSA-derived,coarse,1,1,1,1,1,1,1,1,1,1,1,1
NHTSA_SPD_0326,RKGRScen,Speeding,NHTSA-derived,coarse,1,1,1,1,1,1,1,1,1,1,1,1
NHTSA_SPD_0327,RKGRScen,Speeding,NHTSA-derived,coarse,1,1,1,1,1,1,1,1,1,1,1,1
NHTSA_SPD_0328,RKGRScen,Speeding,NHTSA-derived,coarse,0,0,1,,,,,,,,,
NHTSA_SPD_0329,RKGRScen,Speeding,NHTSA-derived,coarse,1,1,1,1,1,1,1,1,1,1,1,1
NHTSA_SPD_0330,RKGRScen,Speeding,NHTSA-derived,coarse,1,0,1,1,1,1,1,1,1,1,0,0.9600000000000001
NHTSA_SPD_0331,RKGRScen,Speeding,NHTSA-derived,coarse,0,0,1,,,,,,,,,
NHTSA_SPD_0332,RKGRScen,Speeding,NHTSA-derived,coarse,1,1,0,1,1,0,1,1,1,1,0,0.8
NHTSA_SPD_0333,RKGRScen,Speeding,NHTSA-derived,coarse,1,1,1,1,1,1,1,1,1,1,1,1
NHTSA_SPD_0334,RKGRScen,Speeding,NHTSA-derived,coarse,1,1,1,1,1,1,1,1,1,1,1,1
NHTSA_SPD_0335,RKGRScen,Speeding,NHTSA-derived,coarse,1,1,1,1,1,1,1,1,1,1,1,1
NHTSA_SPD_0336,RKGRScen,Speeding,NHTSA-derived,coarse,1,1,0,1,1,0,1,1,1,1,0,0.8
NHTSA_SPD_0337,RKGRScen,Speeding,NHTSA-derived,coarse,1,1,1,1,1,1,1,1,1,1,1,1
NHTSA_SPD_0338,RKGRScen,Speeding,NHTSA-derived,coarse,0,0,1,,,,,,,,,
NHTSA_SPD_0339,RKGRScen,Speeding,NHTSA-derived,coarse,1,1,1,1,1,1,1,1,1,1,1,1
NHTSA_SPD_0340,RKGRScen,Speeding,NHTSA-derived,coarse,1,0,1,1,1,0,1,1,1,1,0,0.8
NHTSA_SPD_0341,RKGRScen,Speeding,NHTSA-derived,coarse,1,0,1,1,1,1,1,1,1,1,1,1
NHTSA_SPD_0342,RKGRScen,Speeding,NHTSA-derived,coarse,1,1,1,1,1,1,1,1,1,1,1,1
NHTSA_SPD_0343,RKGRScen,Speeding,NHTSA-derived,coarse,0,0,1,,,,,,,,,
NHTSA_SPD_0344,RKGRScen,Speeding,NHTSA-derived,coarse,1,1,0,1,1,0,1,1,1,1,0,0.8
NHTSA_SPD_0345,RKGRScen,Speeding,NHTSA-derived,coarse,1,1,1,1,1,1,1,1,1,1,1,1
NHTSA_SPD_0346,RKGRScen,Speeding,NHTSA-derived,coarse,1,1,1,1,1,1,1,1,1,1,1,1
NHTSA_SPD_0347,RKGRScen,Speeding,NHTSA-derived,coarse,1,1,1,1,1,1,1,1,1,1,1,1
NHTSA_SPD_0348,RKGRScen,Speeding,NHTSA-derived,coarse,1,0,1,1,1,0,1,1,1,1,0,0.8
NHTSA_SPD_0349,RKGRScen,Speeding,NHTSA-derived,coarse,1,1,1,1,1,1,1,1,1,1,1,1
SYNTH_SPD_0001,RKGRScen,Speeding,synthetic-topology-extension,fine,1,0,1,1,1,1,1,1,1,1,1,1
SYNTH_SPD_0002,RKGRScen,Speeding,synthetic-topology-extension,fine,1,1,1,1,1,1,1,1,1,1,1,1
SYNTH_SPD_0003,RKGRScen,Speeding,synthetic-topology-extension,fine,0,0,1,,,,,,,,,
SYNTH_SPD_0004,RKGRScen,Speeding,synthetic-topology-extension,fine,1,0,0,1,1,0,1,1,1,1,0,0.8
SYNTH_SPD_0005,RKGRScen,Speeding,synthetic-topology-extension,fine,1,0,1,1,1,0,1,1,1,1,0,0.8
SYNTH_SPD_0006,RKGRScen,Speeding,synthetic-topology-extension,fine,1,0,1,1,1,0,1,1,1,1,0,0.8
SYNTH_SPD_0007,RKGRScen,Speeding,synthetic-topology-extension,fine,1,0,1,1,1,1,1,1,1,1,1,1
SYNTH_SPD_0008,RKGRScen,Speeding,synthetic-topology-extension,fine,0,0,1,,,,,,,,,
SYNTH_SPD_0009,RKGRScen,Speeding,synthetic-topology-extension,fine,1,0,1,1,1,0,1,1,1,1,0,0.8
SYNTH_SPD_0010,RKGRScen,Speeding,synthetic-topology-extension,fine,1,0,1,1,1,1,1,1,1,1,1,1
SYNTH_SPD_0011,RKGRScen,Speeding,synthetic-topology-extension,fine,1,0,1,1,1,1,1,1,1,1,1,1
SYNTH_SPD_0012,RKGRScen,Speeding,synthetic-topology-extension,fine,0,0,1,,,,,,,,,
SYNTH_SPD_0013,RKGRScen,Speeding,synthetic-topology-extension,fine,1,0,1,1,1,1,1,1,1,1,1,1
SYNTH_SPD_0014,RKGRScen,Speeding,synthetic-topology-extension,fine,0,0,1,,,,,,,,,
SYNTH_SPD_0015,RKGRScen,Speeding,synthetic-topology-extension,fine,1,0,1,1,1,1,1,1,1,1,1,1
SYNTH_SPD_0016,RKGRScen,Speeding,synthetic-topology-extension,fine,0,0,1,,,,,,,,,
SYNTH_SPD_0017,RKGRScen,Speeding,synthetic-topology-extension,fine,1,0,1,1,1,0,1,1,1,1,0,0.8
SYNTH_SPD_0018,RKGRScen,Speeding,synthetic-topology-extension,fine,1,0,1,1,1,1,1,1,1,1,1,1
SYNTH_SPD_0019,RKGRScen,Speeding,synthetic-topology-extension,fine,1,0,0,1,1,0,1,1,1,1,0,0.8
SYNTH_SPD_0020,RKGRScen,Speeding,synthetic-topology-extension,fine,1,0,1,1,1,0,1,1,1,1,0,0.8
SYNTH_SPD_0021,RKGRScen,Speeding,synthetic-topology-extension,fine,1,0,1,1,1,1,1,1,1,1,1,1
SYNTH_SPD_0022,RKGRScen,Speeding,synthetic-topology-extension,fine,1,0,1,1,1,0,1,1,1,1,0,0.8
SYNTH_SPD_0023,RKGRScen,Speeding,synthetic-topology-extension,fine,0,0,0,,,,,,,,,
SYNTH_SPD_0024,RKGRScen,Speeding,synthetic-topology-extension,fine,1,0,1,1,1,1,1,1,1,1,1,1
SYNTH_SPD_0025,RKGRScen,Speeding,synthetic-topology-extension,fine,0,0,1,,,,,,,,,
SYNTH_SPD_0026,RKGRScen,Speeding,synthetic-topology-extension,fine,1,0,1,1,1,1,1,1,1,1,1,1
SYNTH_SPD_0027,RKGRScen,Speeding,synthetic-topology-extension,fine,1,0,1,1,1,1,1,1,1,1,1,1
SYNTH_SPD_0028,RKGRScen,Speeding,synthetic-topology-extension,fine,1,0,0,1,1,0,1,1,1,1,0,0.8
SYNTH_SPD_0029,RKGRScen,Speeding,synthetic-topology-extension,fine,1,0,1,1,1,1,1,1,1,1,1,1
SYNTH_SPD_0030,RKGRScen,Speeding,synthetic-topology-extension,fine,1,0,1,1,1,1,1,1,1,1,1,1
SYNTH_SPD_0031,RKGRScen,Speeding,synthetic-topology-extension,fine,1,0,1,1,1,1,1,1,1,1,1,1
SYNTH_SPD_0032,RKGRScen,Speeding,synthetic-topology-extension,fine,1,0,1,1,1,1,1,1,1,1,1,1
SYNTH_SPD_0033,RKGRScen,Speeding,synthetic-topology-extension,fine,1,0,1,1,1,1,1,1,1,1,1,1
SYNTH_SPD_0034,RKGRScen,Speeding,synthetic-topology-extension,fine,0,0,1,,,,,,,,,
SYNTH_SPD_0035,RKGRScen,Speeding,synthetic-topology-extension,fine,0,0,1,,,,,,,,,
SYNTH_SPD_0036,RKGRScen,Speeding,synthetic-topology-extension,fine,1,0,1,1,1,1,1,1,1,1,1,1
SYNTH_SPD_0037,RKGRScen,Speeding,synthetic-topology-extension,fine,1,0,1,1,1,1,1,1,1,1,1,1
SYNTH_SPD_0038,RKGRScen,Speeding,synthetic-topology-extension,fine,1,0,1,1,1,0,1,1,1,1,0,0.8
SYNTH_SPD_0039,RKGRScen,Speeding,synthetic-topology-extension,fine,1,0,1,1,1,0,1,1,1,1,0,0.8
SYNTH_SPD_0040,RKGRScen,Speeding,synthetic-topology-extension,fine,0,0,1,,,,,,,,,
SYNTH_SPD_0041,RKGRScen,Speeding,synthetic-topology-extension,fine,1,0,1,1,1,1,1,1,1,1,1,1
SYNTH_SPD_0042,RKGRScen,Speeding,synthetic-topology-extension,fine,1,0,1,1,1,0,1,1,1,1,0,0.8
SYNTH_SPD_0043,RKGRScen,Speeding,synthetic-topology-extension,fine,0,0,1,,,,,,,,,
SYNTH_SPD_0044,RKGRScen,Speeding,synthetic-topology-extension,fine,1,0,1,1,1,0,1,1,1,1,0,0.8
SYNTH_SPD_0045,RKGRScen,Speeding,synthetic-topology-extension,fine,1,0,1,1,1,1,1,1,1,1,1,1
SYNTH_SPD_0046,RKGRScen,Speeding,synthetic-topology-extension,fine,0,0,1,,,,,,,,,
SYNTH_SPD_0047,RKGRScen,Speeding,synthetic-topology-extension,fine,0,0,1,,,,,,,,,
SYNTH_SPD_0048,RKGRScen,Speeding,synthetic-topology-extension,fine,1,0,1,1,1,0,1,1,1,1,0,0.8
SYNTH_SPD_0049,RKGRScen,Speeding,synthetic-topology-extension,fine,1,0,1,1,1,1,1,1,1,1,1,1
SYNTH_SPD_0050,RKGRScen,Speeding,synthetic-topology-extension,fine,1,0,1,1,1,1,1,1,1,1,1,1
SYNTH_SPD_0051,RKGRScen,Speeding,synthetic-topology-extension,fine,1,0,1,1,1,0,1,1,1,1,0,0.8
SYNTH_SPD_0052,RKGRScen,Speeding,synthetic-topology-extension,fine,0,0,1,,,,,,,,,
SYNTH_SPD_0053,RKGRScen,Speeding,synthetic-topology-extension,fine,0,0,0,,,,,,,,,
SYNTH_SPD_0054,RKGRScen,Speeding,synthetic-topology-extension,fine,1,0,1,1,1,1,1,1,1,1,1,1
SYNTH_SPD_0055,RKGRScen,Speeding,synthetic-topology-extension,fine,0,0,1,,,,,,,,,
SYNTH_SPD_0056,RKGRScen,Speeding,synthetic-topology-extension,fine,1,0,1,1,1,1,1,1,1,1,1,1
SYNTH_SPD_0057,RKGRScen,Speeding,synthetic-topology-extension,fine,0,0,1,,,,,,,,,
SYNTH_SPD_0058,RKGRScen,Speeding,synthetic-topology-extension,fine,1,0,0,1,1,0,1,1,1,1,0,0.8
SYNTH_SPD_0059,RKGRScen,Speeding,synthetic-topology-extension,fine,1,0,0,1,1,0,1,1,1,1,0,0.8
SYNTH_SPD_0060,RKGRScen,Speeding,synthetic-topology-extension,fine,1,0,1,1,1,1,1,1,1,1,1,1
SYNTH_SPD_0061,RKGRScen,Speeding,synthetic-topology-extension,fine,0,0,1,,,,,,,,,
SYNTH_SPD_0062,RKGRScen,Speeding,synthetic-topology-extension,fine,1,0,1,1,1,1,1,1,1,1,1,1
SYNTH_SPD_0063,RKGRScen,Speeding,synthetic-topology-extension,fine,1,0,0,1,1,0,1,1,1,1,0,0.8
SYNTH_SPD_0064,RKGRScen,Speeding,synthetic-topology-extension,fine,1,0,1,1,1,1,1,1,1,1,1,1
SYNTH_SPD_0065,RKGRScen,Speeding,synthetic-topology-extension,fine,1,0,1,1,1,1,1,1,1,1,1,1
SYNTH_SPD_0066,RKGRScen,Speeding,synthetic-topology-extension,fine,1,0,1,1,1,0,1,1,1,1,0,0.8
SYNTH_SPD_0067,RKGRScen,Speeding,synthetic-topology-extension,fine,1,0,1,1,1,1,1,1,1,1,1,1
SYNTH_SPD_0068,RKGRScen,Speeding,synthetic-topology-extension,fine,0,0,1,,,,,,,,,
SYNTH_SPD_0069,RKGRScen,Speeding,synthetic-topology-extension,fine,0,0,0,,,,,,,,,
SYNTH_SPD_0070,RKGRScen,Speeding,synthetic-topology-extension,fine,1,0,0,1,1,0,1,1,1,1,0,0.8
SYNTH_SPD_0071,RKGRScen,Speeding,synthetic-topology-extension,fine,1,0,1,1,1,0,1,1,1,1,0,0.8
SYNTH_SPD_0072,RKGRScen,Speeding,synthetic-topology-extension,fine,1,0,1,1,1,1,1,1,1,1,1,1
SYNTH_SPD_0073,RKGRScen,Speeding,synthetic-topology-extension,fine,1,0,1,1,1,1,1,1,1,1,1,1
SYNTH_SPD_0074,RKGRScen,Speeding,synthetic-topology-extension,fine,0,0,1,,,,,,,,,
SYNTH_SPD_0075,RKGRScen,Speeding,synthetic-topology-extension,fine,1,0,1,1,1,1,1,1,1,1,1,1
SYNTH_SPD_0076,RKGRScen,Speeding,synthetic-topology-extension,fine,1,0,1,1,1,1,1,1,1,1,1,1
SYNTH_SPD_0077,RKGRScen,Speeding,synthetic-topology-extension,fine,0,0,1,,,,,,,,,
SYNTH_SPD_0078,RKGRScen,Speeding,synthetic-topology-extension,fine,1,0,1,1,1,1,1,1,1,1,1,1
SYNTH_SPD_0079,RKGRScen,Speeding,synthetic-topology-extension,fine,0,0,1,,,,,,,,,
SYNTH_SPD_0080,RKGRScen,Speeding,synthetic-topology-extension,fine,1,0,1,1,1,1,1,1,1,1,1,1
SYNTH_SPD_0081,RKGRScen,Speeding,synthetic-topology-extension,fine,1,0,0,1,1,0,1,1,1,1,0,0.8
SYNTH_SPD_0082,RKGRScen,Speeding,synthetic-topology-extension,fine,0,0,1,,,,,,,,,
SYNTH_SPD_0083,RKGRScen,Speeding,synthetic-topology-extension,fine,1,0,1,1,1,1,1,1,1,1,1,1
SYNTH_SPD_0084,RKGRScen,Speeding,synthetic-topology-extension,fine,0,0,1,,,,,,,,,
SYNTH_SPD_0085,RKGRScen,Speeding,synthetic-topology-extension,fine,0,0,1,,,,,,,,,
SYNTH_SPD_0086,RKGRScen,Speeding,synthetic-topology-extension,fine,1,0,1,1,1,0,1,1,1,1,0,0.8
SYNTH_SPD_0087,RKGRScen,Speeding,synthetic-topology-extension,fine,1,0,1,1,1,1,1,1,1,1,1,1
SYNTH_SPD_0088,RKGRScen,Speeding,synthetic-topology-extension,fine,0,0,1,,,,,,,,,
SYNTH_SPD_0089,RKGRScen,Speeding,synthetic-topology-extension,fine,1,1,1,1,1,1,1,1,1,1,1,1
SYNTH_SPD_0090,RKGRScen,Speeding,synthetic-topology-extension,fine,0,0,1,,,,,,,,,
NHTSA_FSD_0001,RKGRScen,Failure to maintain safe following distance,NHTSA-derived,coarse,1,0,0,1,1,0,1,1,1,1,0,0.8
NHTSA_FSD_0002,RKGRScen,Failure to maintain safe following distance,NHTSA-derived,coarse,1,1,1,1,1,1,1,1,1,1,1,1
NHTSA_FSD_0003,RKGRScen,Failure to maintain safe following distance,NHTSA-derived,coarse,1,1,1,1,1,1,1,1,1,1,1,1
NHTSA_FSD_0004,RKGRScen,Failure to maintain safe following distance,NHTSA-derived,coarse,1,1,1,1,1,1,1,1,1,1,1,1
NHTSA_FSD_0005,RKGRScen,Failure to maintain safe following distance,NHTSA-derived,coarse,1,1,0,1,1,0,1,1,1,1,0,0.8
NHTSA_FSD_0006,RKGRScen,Failure to maintain safe following distance,NHTSA-derived,coarse,1,1,1,1,1,1,1,1,1,1,1,1
NHTSA_FSD_0007,RKGRScen,Failure to maintain safe following distance,NHTSA-derived,coarse,1,1,1,1,1,1,1,1,1,1,1,1
NHTSA_FSD_0008,RKGRScen,Failure to maintain safe following distance,NHTSA-derived,coarse,1,1,1,1,1,1,1,1,1,1,1,1
NHTSA_FSD_0009,RKGRScen,Failure to maintain safe following distance,NHTSA-derived,coarse,1,1,1,1,1,1,1,1,1,1,1,1
NHTSA_FSD_0010,RKGRScen,Failure to maintain safe following distance,NHTSA-derived,coarse,1,1,1,1,1,1,1,1,1,1,1,1
NHTSA_FSD_0011,RKGRScen,Failure to maintain safe following distance,NHTSA-derived,coarse,1,1,1,1,1,1,1,1,1,1,1,1
NHTSA_FSD_0012,RKGRScen,Failure to maintain safe following distance,NHTSA-derived,coarse,1,1,1,1,1,1,1,1,1,1,1,1
NHTSA_FSD_0013,RKGRScen,Failure to maintain safe following distance,NHTSA-derived,coarse,1,1,1,1,1,1,1,1,1,1,1,1
NHTSA_FSD_0014,RKGRScen,Failure to maintain safe following distance,NHTSA-derived,coarse,1,1,1,1,1,1,1,1,1,1,1,1
NHTSA_FSD_0015,RKGRScen,Failure to maintain safe following distance,NHTSA-derived,coarse,1,1,1,1,1,1,1,1,1,1,1,1
NHTSA_FSD_0016,RKGRScen,Failure to maintain safe following distance,NHTSA-derived,coarse,1,1,1,1,1,1,1,1,1,1,1,1
NHTSA_FSD_0017,RKGRScen,Failure to maintain safe following distance,NHTSA-derived,coarse,1,1,1,1,1,1,1,1,1,1,1,1
NHTSA_FSD_0018,RKGRScen,Failure to maintain safe following distance,NHTSA-derived,coarse,1,1,1,1,1,1,1,1,1,1,1,1
NHTSA_FSD_0019,RKGRScen,Failure to maintain safe following distance,NHTSA-derived,coarse,1,1,1,1,1,1,1,1,1,1,1,1
NHTSA_FSD_0020,RKGRScen,Failure to maintain safe following distance,NHTSA-derived,coarse,1,1,1,1,1,1,1,1,1,1,1,1
NHTSA_FSD_0021,RKGRScen,Failure to maintain safe following distance,NHTSA-derived,coarse,1,1,1,1,1,1,1,1,1,1,1,1
NHTSA_FSD_0022,RKGRScen,Failure to maintain safe following distance,NHTSA-derived,coarse,1,1,1,1,1,1,1,1,1,1,1,1
NHTSA_FSD_0023,RKGRScen,Failure to maintain safe following distance,NHTSA-derived,coarse,1,1,1,1,1,1,1,1,1,1,1,1
NHTSA_FSD_0024,RKGRScen,Failure to maintain safe following distance,NHTSA-derived,coarse,1,0,1,1,1,1,1,1,1,1,1,1
NHTSA_FSD_0025,RKGRScen,Failure to maintain safe following distance,NHTSA-derived,coarse,1,1,1,1,1,1,1,1,1,1,1,1
NHTSA_FSD_0026,RKGRScen,Failure to maintain safe following distance,NHTSA-derived,coarse,1,1,1,1,1,1,1,1,1,1,1,1
NHTSA_FSD_0027,RKGRScen,Failure to maintain safe following distance,NHTSA-derived,coarse,1,1,1,1,1,1,1,1,1,1,1,1
NHTSA_FSD_0028,RKGRScen,Failure to maintain safe following distance,NHTSA-derived,coarse,1,1,1,1,1,1,1,1,1,1,1,1
NHTSA_FSD_0029,RKGRScen,Failure to maintain safe following distance,NHTSA-derived,coarse,1,1,1,1,1,1,1,1,1,1,1,1
NHTSA_FSD_0030,RKGRScen,Failure to maintain safe following distance,NHTSA-derived,coarse,1,1,1,1,1,1,1,1,1,1,1,1
NHTSA_FSD_0031,RKGRScen,Failure to maintain safe following distance,NHTSA-derived,coarse,1,1,1,1,1,1,1,1,1,1,1,1
NHTSA_FSD_0032,RKGRScen,Failure to maintain safe following distance,NHTSA-derived,coarse,1,1,1,1,1,1,1,1,1,1,1,1
NHTSA_FSD_0033,RKGRScen,Failure to maintain safe following distance,NHTSA-derived,coarse,1,1,1,1,1,1,1,1,1,1,1,1
NHTSA_FSD_0034,RKGRScen,Failure to maintain safe following distance,NHTSA-derived,coarse,1,1,1,1,1,1,1,1,1,1,1,1
NHTSA_FSD_0035,RKGRScen,Failure to maintain safe following distance,NHTSA-derived,coarse,1,1,1,1,1,1,1,1,1,1,1,1
NHTSA_FSD_0036,RKGRScen,Failure to maintain safe following distance,NHTSA-derived,coarse,1,1,1,1,1,1,1,1,1,1,1,1
NHTSA_FSD_0037,RKGRScen,Failure to maintain safe following distance,NHTSA-derived,coarse,1,1,1,1,1,1,1,1,1,1,1,1
NHTSA_FSD_0038,RKGRScen,Failure to maintain safe following distance,NHTSA-derived,coarse,1,1,1,1,1,1,1,1,1,1,1,1
NHTSA_FSD_0039,RKGRScen,Failure to maintain safe following distance,NHTSA-derived,coarse,1,1,1,1,1,1,1,1,1,1,1,1
NHTSA_FSD_0040,RKGRScen,Failure to maintain safe following distance,NHTSA-derived,coarse,1,1,1,1,1,1,1,1,1,1,1,1
NHTSA_FSD_0041,RKGRScen,Failure to maintain safe following distance,NHTSA-derived,coarse,1,1,1,1,1,1,1,1,1,1,1,1
NHTSA_FSD_0042,RKGRScen,Failure to maintain safe following distance,NHTSA-derived,coarse,1,1,0,1,1,0,1,1,1,1,0,0.8
NHTSA_FSD_0043,RKGRScen,Failure to maintain safe following distance,NHTSA-derived,coarse,1,1,1,1,1,1,1,1,1,1,1,1
NHTSA_FSD_0044,RKGRScen,Failure to maintain safe following distance,NHTSA-derived,coarse,1,1,1,1,1,1,1,1,1,1,1,1
NHTSA_FSD_0045,RKGRScen,Failure to maintain safe following distance,NHTSA-derived,coarse,1,1,1,1,1,1,1,1,1,1,1,1
NHTSA_FSD_0046,RKGRScen,Failure to maintain safe following distance,NHTSA-derived,coarse,1,1,1,1,1,1,1,1,1,1,1,1
NHTSA_FSD_0047,RKGRScen,Failure to maintain safe following distance,NHTSA-derived,coarse,1,1,1,1,1,1,1,1,1,1,1,1
NHTSA_FSD_0048,RKGRScen,Failure to maintain safe following distance,NHTSA-derived,coarse,1,0,1,1,1,1,1,1,1,1,1,1
NHTSA_FSD_0049,RKGRScen,Failure to maintain safe following distance,NHTSA-derived,coarse,1,1,1,1,1,1,1,1,1,1,1,1
NHTSA_FSD_0050,RKGRScen,Failure to maintain safe following distance,NHTSA-derived,coarse,1,1,1,1,1,1,1,1,1,1,1,1
NHTSA_FSD_0051,RKGRScen,Failure to maintain safe following distance,NHTSA-derived,coarse,1,1,1,1,1,1,1,1,1,1,1,1
NHTSA_FSD_0052,RKGRScen,Failure to maintain safe following distance,NHTSA-derived,coarse,1,1,1,1,1,1,1,1,1,1,1,1
NHTSA_FSD_0053,RKGRScen,Failure to maintain safe following distance,NHTSA-derived,coarse,0,0,1,,,,,,,,,
NHTSA_FSD_0054,RKGRScen,Failure to maintain safe following distance,NHTSA-derived,coarse,1,1,1,1,1,1,1,1,1,1,1,1
NHTSA_FSD_0055,RKGRScen,Failure to maintain safe following distance,NHTSA-derived,coarse,1,0,1,1,1,1,1,1,1,1,1,1
NHTSA_FSD_0056,RKGRScen,Failure to maintain safe following distance,NHTSA-derived,coarse,1,1,1,1,1,1,1,1,1,1,1,1
NHTSA_FSD_0057,RKGRScen,Failure to maintain safe following distance,NHTSA-derived,coarse,1,1,1,1,1,1,1,1,1,1,1,1
NHTSA_FSD_0058,RKGRScen,Failure to maintain safe following distance,NHTSA-derived,coarse,1,1,0,1,1,0,1,1,1,1,0,0.8
NHTSA_FSD_0059,RKGRScen,Failure to maintain safe following distance,NHTSA-derived,coarse,1,1,1,1,1,1,1,1,1,1,1,1
NHTSA_FSD_0060,RKGRScen,Failure to maintain safe following distance,NHTSA-derived,coarse,1,1,1,1,1,1,1,1,1,1,1,1
NHTSA_FSD_0061,RKGRScen,Failure to maintain safe following distance,NHTSA-derived,coarse,1,1,1,1,1,1,1,1,1,1,1,1
NHTSA_FSD_0062,RKGRScen,Failure to maintain safe following distance,NHTSA-derived,coarse,1,1,1,1,1,1,1,1,1,1,1,1
NHTSA_FSD_0063,RKGRScen,Failure to maintain safe following distance,NHTSA-derived,coarse,1,1,1,1,1,1,1,1,1,1,1,1
NHTSA_FSD_0064,RKGRScen,Failure to maintain safe following distance,NHTSA-derived,coarse,1,1,1,1,1,1,1,1,1,1,1,1
NHTSA_FSD_0065,RKGRScen,Failure to maintain safe following distance,NHTSA-derived,coarse,1,0,1,1,1,0,1,1,1,1,0,0.8
NHTSA_FSD_0066,RKGRScen,Failure to maintain safe following distance,NHTSA-derived,coarse,1,1,1,1,1,1,1,1,1,1,1,1
NHTSA_FSD_0067,RKGRScen,Failure to maintain safe following distance,NHTSA-derived,coarse,1,1,1,1,1,1,1,1,1,1,1,1
NHTSA_FSD_0068,RKGRScen,Failure to maintain safe following distance,NHTSA-derived,coarse,1,0,1,1,1,1,1,1,1,1,1,1
NHTSA_FSD_0069,RKGRScen,Failure to maintain safe following distance,NHTSA-derived,coarse,1,1,1,1,1,1,1,1,1,1,1,1
NHTSA_FSD_0070,RKGRScen,Failure to maintain safe following distance,NHTSA-derived,coarse,1,1,1,1,1,1,1,1,1,1,1,1
NHTSA_FSD_0071,RKGRScen,Failure to maintain safe following distance,NHTSA-derived,coarse,1,1,0,1,1,0,1,1,1,1,0,0.8
NHTSA_FSD_0072,RKGRScen,Failure to maintain safe following distance,NHTSA-derived,coarse,1,1,1,1,1,1,1,1,1,1,1,1
NHTSA_FSD_0073,RKGRScen,Failure to maintain safe following distance,NHTSA-derived,coarse,1,1,1,1,1,1,1,1,1,1,1,1
NHTSA_FSD_0074,RKGRScen,Failure to maintain safe following distance,NHTSA-derived,coarse,1,1,1,1,1,1,1,1,1,1,1,1
NHTSA_FSD_0075,RKGRScen,Failure to maintain safe following distance,NHTSA-derived,coarse,1,1,1,1,1,1,1,1,1,1,1,1
NHTSA_FSD_0076,RKGRScen,Failure to maintain safe following distance,NHTSA-derived,coarse,1,1,1,1,1,1,1,1,1,1,1,1
NHTSA_FSD_0077,RKGRScen,Failure to maintain safe following distance,NHTSA-derived,coarse,1,1,1,1,1,1,1,1,1,1,1,1
NHTSA_FSD_0078,RKGRScen,Failure to maintain safe following distance,NHTSA-derived,coarse,1,1,1,1,1,1,1,1,1,1,1,1
NHTSA_FSD_0079,RKGRScen,Failure to maintain safe following distance,NHTSA-derived,coarse,1,1,1,1,1,1,1,1,1,1,1,1
NHTSA_FSD_0080,RKGRScen,Failure to maintain safe following distance,NHTSA-derived,coarse,1,1,1,1,1,1,1,1,1,1,1,1
NHTSA_FSD_0081,RKGRScen,Failure to maintain safe following distance,NHTSA-derived,coarse,1,1,1,1,1,1,1,1,1,1,1,1
NHTSA_FSD_0082,RKGRScen,Failure to maintain safe following distance,NHTSA-derived,coarse,1,1,1,1,1,1,1,1,1,1,1,1
NHTSA_FSD_0083,RKGRScen,Failure to maintain safe following distance,NHTSA-derived,coarse,1,1,1,1,1,1,1,1,1,1,1,1
NHTSA_FSD_0084,RKGRScen,Failure to maintain safe following distance,NHTSA-derived,coarse,1,1,1,1,1,1,1,1,1,1,1,1
NHTSA_FSD_0085,RKGRScen,Failure to maintain safe following distance,NHTSA-derived,coarse,1,1,1,1,1,1,1,1,1,1,1,1
NHTSA_FSD_0086,RKGRScen,Failure to maintain safe following distance,NHTSA-derived,coarse,1,1,1,1,1,1,1,1,1,1,1,1
NHTSA_FSD_0087,RKGRScen,Failure to maintain safe following distance,NHTSA-derived,coarse,1,1,1,1,1,1,1,1,1,1,1,1
NHTSA_FSD_0088,RKGRScen,Failure to maintain safe following distance,NHTSA-derived,coarse,1,1,1,1,1,1,1,1,1,1,1,1
NHTSA_FSD_0089,RKGRScen,Failure to maintain safe following distance,NHTSA-derived,coarse,1,1,1,1,1,1,1,1,1,1,1,1
NHTSA_FSD_0090,RKGRScen,Failure to maintain safe following distance,NHTSA-derived,coarse,1,1,1,1,1,1,1,1,1,1,1,1
NHTSA_FSD_0091,RKGRScen,Failure to maintain safe following distance,NHTSA-derived,coarse,1,1,1,1,1,1,1,1,1,1,1,1
NHTSA_FSD_0092,RKGRScen,Failure to maintain safe following distance,NHTSA-derived,coarse,1,1,1,1,1,1,1,1,1,1,1,1
NHTSA_FSD_0093,RKGRScen,Failure to maintain safe following distance,NHTSA-derived,coarse,1,1,1,1,1,1,1,1,1,1,1,1
NHTSA_FSD_0094,RKGRScen,Failure to maintain safe following distance,NHTSA-derived,coarse,1,1,1,1,1,1,1,1,1,1,1,1
NHTSA_FSD_0095,RKGRScen,Failure to maintain safe following distance,NHTSA-derived,coarse,1,1,1,1,1,1,1,1,1,1,1,1
NHTSA_FSD_0096,RKGRScen,Failure to maintain safe following distance,NHTSA-derived,coarse,1,1,1,1,1,1,1,1,1,1,1,1
NHTSA_FSD_0097,RKGRScen,Failure to maintain safe following distance,NHTSA-derived,coarse,1,1,1,1,1,1,1,1,1,1,1,1
NHTSA_FSD_0098,RKGRScen,Failure to maintain safe following distance,NHTSA-derived,coarse,1,1,1,1,1,1,1,1,1,1,1,1
NHTSA_FSD_0099,RKGRScen,Failure to maintain safe following distance,NHTSA-derived,coarse,1,1,1,1,1,1,1,1,1,1,1,1
NHTSA_FSD_0100,RKGRScen,Failure to maintain safe following distance,NHTSA-derived,coarse,1,1,1,1,1,1,1,1,1,1,1,1
NHTSA_FSD_0101,RKGRScen,Failure to maintain safe following distance,NHTSA-derived,coarse,1,1,1,1,1,1,1,1,1,1,1,1
NHTSA_FSD_0102,RKGRScen,Failure to maintain safe following distance,NHTSA-derived,coarse,1,1,1,1,1,1,1,1,1,1,1,1
NHTSA_FSD_0103,RKGRScen,Failure to maintain safe following distance,NHTSA-derived,coarse,1,0,1,1,1,1,1,1,1,1,1,1
NHTSA_FSD_0104,RKGRScen,Failure to maintain safe following distance,NHTSA-derived,coarse,1,1,1,1,1,1,1,1,1,1,1,1
NHTSA_FSD_0105,RKGRScen,Failure to maintain safe following distance,NHTSA-derived,coarse,1,1,1,1,1,1,1,1,1,1,1,1
NHTSA_FSD_0106,RKGRScen,Failure to maintain safe following distance,NHTSA-derived,coarse,1,1,1,1,1,1,1,1,1,1,1,1
NHTSA_FSD_0107,RKGRScen,Failure to maintain safe following distance,NHTSA-derived,coarse,1,1,1,1,1,1,1,1,1,1,1,1
NHTSA_FSD_0108,RKGRScen,Failure to maintain safe following distance,NHTSA-derived,coarse,1,1,1,1,1,1,1,1,1,1,1,1
NHTSA_FSD_0109,RKGRScen,Failure to maintain safe following distance,NHTSA-derived,coarse,1,1,1,1,1,1,1,1,1,1,1,1
NHTSA_FSD_0110,RKGRScen,Failure to maintain safe following distance,NHTSA-derived,coarse,1,1,1,1,1,1,1,1,1,1,1,1
NHTSA_FSD_0111,RKGRScen,Failure to maintain safe following distance,NHTSA-derived,coarse,1,0,1,1,1,1,1,1,1,1,1,1
NHTSA_FSD_0112,RKGRScen,Failure to maintain safe following distance,NHTSA-derived,coarse,1,1,1,1,1,1,1,1,1,1,1,1
NHTSA_FSD_0113,RKGRScen,Failure to maintain safe following distance,NHTSA-derived,coarse,1,1,1,1,1,1,1,1,1,1,1,1
NHTSA_FSD_0114,RKGRScen,Failure to maintain safe following distance,NHTSA-derived,coarse,1,1,1,1,1,1,1,1,1,1,1,1
NHTSA_FSD_0115,RKGRScen,Failure to maintain safe following distance,NHTSA-derived,coarse,1,1,1,1,1,1,1,1,1,1,1,1
NHTSA_FSD_0116,RKGRScen,Failure to maintain safe following distance,NHTSA-derived,coarse,1,0,1,1,1,1,1,1,1,1,1,1
NHTSA_FSD_0117,RKGRScen,Failure to maintain safe following distance,NHTSA-derived,coarse,1,1,1,1,1,1,1,1,1,1,1,1
NHTSA_FSD_0118,RKGRScen,Failure to maintain safe following distance,NHTSA-derived,coarse,1,1,1,1,1,1,1,1,1,1,1,1
NHTSA_FSD_0119,RKGRScen,Failure to maintain safe following distance,NHTSA-derived,coarse,1,1,1,1,1,1,1,1,1,1,1,1
NHTSA_FSD_0120,RKGRScen,Failure to maintain safe following distance,NHTSA-derived,coarse,1,1,1,1,1,1,1,1,1,1,1,1
NHTSA_FSD_0121,RKGRScen,Failure to maintain safe following distance,NHTSA-derived,coarse,1,1,0,1,1,0,1,1,1,1,0,0.8
NHTSA_FSD_0122,RKGRScen,Failure to maintain safe following distance,NHTSA-derived,coarse,1,0,1,1,1,0,1,1,1,1,0,0.8
NHTSA_FSD_0123,RKGRScen,Failure to maintain safe following distance,NHTSA-derived,coarse,1,1,1,1,1,1,1,1,1,1,1,1
NHTSA_FSD_0124,RKGRScen,Failure to maintain safe following distance,NHTSA-derived,coarse,1,1,1,1,1,1,1,1,1,1,1,1
NHTSA_FSD_0125,RKGRScen,Failure to maintain safe following distance,NHTSA-derived,coarse,1,0,1,1,1,1,1,1,1,1,1,1
NHTSA_FSD_0126,RKGRScen,Failure to maintain safe following distance,NHTSA-derived,coarse,1,1,1,1,1,1,1,1,1,1,1,1
NHTSA_FSD_0127,RKGRScen,Failure to maintain safe following distance,NHTSA-derived,coarse,1,1,0,1,1,0,1,1,1,1,0,0.8
NHTSA_FSD_0128,RKGRScen,Failure to maintain safe following distance,NHTSA-derived,coarse,0,0,1,,,,,,,,,
NHTSA_FSD_0129,RKGRScen,Failure to maintain safe following distance,NHTSA-derived,coarse,1,0,1,1,1,0,1,1,1,1,0,0.8
NHTSA_FSD_0130,RKGRScen,Failure to maintain safe following distance,NHTSA-derived,coarse,1,1,1,1,1,1,1,1,1,1,1,1
NHTSA_FSD_0131,RKGRScen,Failure to maintain safe following distance,NHTSA-derived,coarse,1,1,1,1,1,1,1,1,1,1,1,1
NHTSA_FSD_0132,RKGRScen,Failure to maintain safe following distance,NHTSA-derived,coarse,1,1,1,1,1,1,1,1,1,1,1,1
NHTSA_FSD_0133,RKGRScen,Failure to maintain safe following distance,NHTSA-derived,coarse,1,1,1,1,1,1,1,1,1,1,1,1
NHTSA_FSD_0134,RKGRScen,Failure to maintain safe following distance,NHTSA-derived,coarse,1,1,0,1,1,0,1,1,1,1,0,0.8
NHTSA_FSD_0135,RKGRScen,Failure to maintain safe following distance,NHTSA-derived,coarse,1,1,1,1,1,1,1,1,1,1,1,1
NHTSA_FSD_0136,RKGRScen,Failure to maintain safe following distance,NHTSA-derived,coarse,1,1,1,1,1,1,1,1,1,1,1,1
NHTSA_FSD_0137,RKGRScen,Failure to maintain safe following distance,NHTSA-derived,coarse,1,1,0,1,1,0,1,1,1,1,0,0.8
NHTSA_FSD_0138,RKGRScen,Failure to maintain safe following distance,NHTSA-derived,coarse,1,1,1,1,1,1,1,1,1,1,1,1
NHTSA_FSD_0139,RKGRScen,Failure to maintain safe following distance,NHTSA-derived,coarse,1,1,1,1,1,1,1,1,1,1,1,1
NHTSA_FSD_0140,RKGRScen,Failure to maintain safe following distance,NHTSA-derived,coarse,1,1,1,1,1,1,1,1,1,1,1,1
NHTSA_FSD_0141,RKGRScen,Failure to maintain safe following distance,NHTSA-derived,coarse,1,1,1,1,1,1,1,1,1,1,1,1
NHTSA_FSD_0142,RKGRScen,Failure to maintain safe following distance,NHTSA-derived,coarse,1,1,1,1,1,1,1,1,1,1,1,1
NHTSA_FSD_0143,RKGRScen,Failure to maintain safe following distance,NHTSA-derived,coarse,1,1,1,1,1,1,1,1,1,1,1,1
NHTSA_FSD_0144,RKGRScen,Failure to maintain safe following distance,NHTSA-derived,coarse,1,0,1,1,1,0,1,1,1,1,0,0.8
NHTSA_FSD_0145,RKGRScen,Failure to maintain safe following distance,NHTSA-derived,coarse,1,1,1,1,1,1,1,1,1,1,1,1
NHTSA_FSD_0146,RKGRScen,Failure to maintain safe following distance,NHTSA-derived,coarse,1,1,1,1,1,1,1,1,1,1,1,1
NHTSA_FSD_0147,RKGRScen,Failure to maintain safe following distance,NHTSA-derived,coarse,1,1,1,1,1,1,1,1,1,1,1,1
NHTSA_FSD_0148,RKGRScen,Failure to maintain safe following distance,NHTSA-derived,coarse,1,1,1,1,1,1,1,1,1,1,1,1
NHTSA_FSD_0149,RKGRScen,Failure to maintain safe following distance,NHTSA-derived,coarse,1,1,1,1,1,1,1,1,1,1,1,1
NHTSA_FSD_0150,RKGRScen,Failure to maintain safe following distance,NHTSA-derived,coarse,1,1,0,1,1,0,1,1,1,1,0,0.8
NHTSA_FSD_0151,RKGRScen,Failure to maintain safe following distance,NHTSA-derived,coarse,1,1,1,1,1,1,1,1,1,1,1,1
NHTSA_FSD_0152,RKGRScen,Failure to maintain safe following distance,NHTSA-derived,coarse,1,1,1,1,1,1,1,1,1,1,1,1
NHTSA_FSD_0153,RKGRScen,Failure to maintain safe following distance,NHTSA-derived,coarse,1,1,1,1,1,1,1,1,1,1,1,1
NHTSA_FSD_0154,RKGRScen,Failure to maintain safe following distance,NHTSA-derived,coarse,1,1,1,1,1,1,1,1,1,1,1,1
NHTSA_FSD_0155,RKGRScen,Failure to maintain safe following distance,NHTSA-derived,coarse,1,1,1,1,1,1,1,1,1,1,1,1
NHTSA_FSD_0156,RKGRScen,Failure to maintain safe following distance,NHTSA-derived,coarse,1,1,1,1,1,1,1,1,1,1,1,1
NHTSA_FSD_0157,RKGRScen,Failure to maintain safe following distance,NHTSA-derived,coarse,1,1,1,1,1,1,1,1,1,1,1,1
NHTSA_FSD_0158,RKGRScen,Failure to maintain safe following distance,NHTSA-derived,coarse,1,1,1,1,1,1,1,1,1,1,1,1
NHTSA_FSD_0159,RKGRScen,Failure to maintain safe following distance,NHTSA-derived,coarse,1,1,1,1,1,1,1,1,1,1,1,1
NHTSA_FSD_0160,RKGRScen,Failure to maintain safe following distance,NHTSA-derived,coarse,1,1,1,1,1,1,1,1,1,1,1,1
NHTSA_FSD_0161,RKGRScen,Failure to maintain safe following distance,NHTSA-derived,coarse,1,1,1,1,1,1,1,1,1,1,1,1
NHTSA_FSD_0162,RKGRScen,Failure to maintain safe following distance,NHTSA-derived,coarse,1,1,1,1,1,1,1,1,1,1,1,1
NHTSA_FSD_0163,RKGRScen,Failure to maintain safe following distance,NHTSA-derived,coarse,1,1,1,1,1,1,1,1,1,1,1,1
NHTSA_FSD_0164,RKGRScen,Failure to maintain safe following distance,NHTSA-derived,coarse,1,1,1,1,1,1,1,1,1,1,1,1
NHTSA_FSD_0165,RKGRScen,Failure to maintain safe following distance,NHTSA-derived,coarse,1,1,1,1,1,1,1,1,1,1,1,1
NHTSA_FSD_0166,RKGRScen,Failure to maintain safe following distance,NHTSA-derived,coarse,1,1,1,1,1,1,1,1,1,1,1,1
NHTSA_FSD_0167,RKGRScen,Failure to maintain safe following distance,NHTSA-derived,coarse,1,1,1,1,1,1,1,1,1,1,1,1
NHTSA_FSD_0168,RKGRScen,Failure to maintain safe following distance,NHTSA-derived,coarse,1,1,1,1,1,1,1,1,1,1,1,1
NHTSA_FSD_0169,RKGRScen,Failure to maintain safe following distance,NHTSA-derived,coarse,1,1,1,1,1,1,1,1,1,1,1,1
NHTSA_FSD_0170,RKGRScen,Failure to maintain safe following distance,NHTSA-derived,coarse,1,1,1,1,1,1,1,1,1,1,1,1
NHTSA_FSD_0171,RKGRScen,Failure to maintain safe following distance,NHTSA-derived,coarse,1,1,1,1,1,1,1,1,1,1,1,1
NHTSA_FSD_0172,RKGRScen,Failure to maintain safe following distance,NHTSA-derived,coarse,1,1,1,1,1,1,1,1,1,1,1,1
NHTSA_FSD_0173,RKGRScen,Failure to maintain safe following distance,NHTSA-derived,coarse,1,1,1,1,1,1,1,1,1,1,1,1
NHTSA_FSD_0174,RKGRScen,Failure to maintain safe following distance,NHTSA-derived,coarse,1,0,1,1,1,1,1,1,1,1,1,1
NHTSA_FSD_0175,RKGRScen,Failure to maintain safe following distance,NHTSA-derived,coarse,1,1,1,1,1,1,1,1,1,1,1,1
NHTSA_FSD_0176,RKGRScen,Failure to maintain safe following distance,NHTSA-derived,coarse,1,1,1,1,1,1,1,1,1,1,1,1
NHTSA_FSD_0177,RKGRScen,Failure to maintain safe following distance,NHTSA-derived,coarse,1,1,1,1,1,1,1,1,1,1,1,1
NHTSA_FSD_0178,RKGRScen,Failure to maintain safe following distance,NHTSA-derived,coarse,1,1,1,1,1,1,1,1,1,1,1,1
NHTSA_FSD_0179,RKGRScen,Failure to maintain safe following distance,NHTSA-derived,coarse,1,1,1,1,1,1,1,1,1,1,1,1
NHTSA_FSD_0180,RKGRScen,Failure to maintain safe following distance,NHTSA-derived,coarse,1,1,1,1,1,1,1,1,1,1,1,1
NHTSA_FSD_0181,RKGRScen,Failure to maintain safe following distance,NHTSA-derived,coarse,1,1,1,1,1,1,1,1,1,1,1,1
NHTSA_FSD_0182,RKGRScen,Failure to maintain safe following distance,NHTSA-derived,coarse,1,1,1,1,1,1,1,1,1,1,1,1
NHTSA_FSD_0183,RKGRScen,Failure to maintain safe following distance,NHTSA-derived,coarse,1,1,1,1,1,1,1,1,1,1,1,1
NHTSA_FSD_0184,RKGRScen,Failure to maintain safe following distance,NHTSA-derived,coarse,1,0,1,1,1,1,1,1,1,1,0,0.9600000000000001
NHTSA_FSD_0185,RKGRScen,Failure to maintain safe following distance,NHTSA-derived,coarse,1,1,1,1,1,1,1,1,1,1,1,1
NHTSA_FSD_0186,RKGRScen,Failure to maintain safe following distance,NHTSA-derived,coarse,1,1,1,1,1,1,1,1,1,1,1,1
NHTSA_FSD_0187,RKGRScen,Failure to maintain safe following distance,NHTSA-derived,coarse,1,1,1,1,1,1,1,1,1,1,1,1
NHTSA_FSD_0188,RKGRScen,Failure to maintain safe following distance,NHTSA-derived,coarse,1,1,1,1,1,1,1,1,1,1,1,1
NHTSA_FSD_0189,RKGRScen,Failure to maintain safe following distance,NHTSA-derived,coarse,1,1,1,1,1,1,1,1,1,1,1,1
NHTSA_FSD_0190,RKGRScen,Failure to maintain safe following distance,NHTSA-derived,coarse,1,1,1,1,1,1,1,1,1,1,1,1
NHTSA_FSD_0191,RKGRScen,Failure to maintain safe following distance,NHTSA-derived,coarse,1,1,1,1,1,1,1,1,1,1,1,1
NHTSA_FSD_0192,RKGRScen,Failure to maintain safe following distance,NHTSA-derived,coarse,1,1,1,1,1,1,1,1,1,1,1,1
NHTSA_FSD_0193,RKGRScen,Failure to maintain safe following distance,NHTSA-derived,coarse,1,1,1,1,1,1,1,1,1,1,1,1
NHTSA_FSD_0194,RKGRScen,Failure to maintain safe following distance,NHTSA-derived,coarse,1,1,1,1,1,1,1,1,1,1,1,1
NHTSA_FSD_0195,RKGRScen,Failure to maintain safe following distance,NHTSA-derived,coarse,1,1,1,1,1,1,1,1,1,1,1,1
NHTSA_FSD_0196,RKGRScen,Failure to maintain safe following distance,NHTSA-derived,coarse,1,1,1,1,1,1,1,1,1,1,1,1
NHTSA_FSD_0197,RKGRScen,Failure to maintain safe following distance,NHTSA-derived,coarse,1,1,1,1,1,1,1,1,1,1,1,1
NHTSA_FSD_0198,RKGRScen,Failure to maintain safe following distance,NHTSA-derived,coarse,1,1,1,1,1,1,1,1,1,1,1,1
NHTSA_FSD_0199,RKGRScen,Failure to maintain safe following distance,NHTSA-derived,coarse,1,1,1,1,1,1,1,1,1,1,1,1
NHTSA_FSD_0200,RKGRScen,Failure to maintain safe following distance,NHTSA-derived,coarse,1,1,1,1,1,1,1,1,1,1,1,1
NHTSA_FSD_0201,RKGRScen,Failure to maintain safe following distance,NHTSA-derived,coarse,1,1,1,1,1,1,1,1,1,1,1,1
NHTSA_FSD_0202,RKGRScen,Failure to maintain safe following distance,NHTSA-derived,coarse,1,1,1,1,1,1,1,1,1,1,1,1
NHTSA_FSD_0203,RKGRScen,Failure to maintain safe following distance,NHTSA-derived,coarse,1,1,1,1,1,1,1,1,1,1,1,1
NHTSA_FSD_0204,RKGRScen,Failure to maintain safe following distance,NHTSA-derived,coarse,1,1,1,1,1,1,1,1,1,1,1,1
NHTSA_FSD_0205,RKGRScen,Failure to maintain safe following distance,NHTSA-derived,coarse,1,1,1,1,1,1,1,1,1,1,1,1
NHTSA_FSD_0206,RKGRScen,Failure to maintain safe following distance,NHTSA-derived,coarse,1,0,1,1,1,1,1,1,1,1,1,1
NHTSA_FSD_0207,RKGRScen,Failure to maintain safe following distance,NHTSA-derived,coarse,1,1,1,1,1,1,1,1,1,1,1,1
NHTSA_FSD_0208,RKGRScen,Failure to maintain safe following distance,NHTSA-derived,coarse,0,0,1,,,,,,,,,
NHTSA_FSD_0209,RKGRScen,Failure to maintain safe following distance,NHTSA-derived,coarse,1,1,1,1,1,1,1,1,1,1,1,1
NHTSA_FSD_0210,RKGRScen,Failure to maintain safe following distance,NHTSA-derived,coarse,1,1,1,1,1,1,1,1,1,1,1,1
NHTSA_FSD_0211,RKGRScen,Failure to maintain safe following distance,NHTSA-derived,coarse,1,1,1,1,1,1,1,1,1,1,1,1
NHTSA_FSD_0212,RKGRScen,Failure to maintain safe following distance,NHTSA-derived,coarse,1,1,1,1,1,1,1,1,1,1,1,1
NHTSA_FSD_0213,RKGRScen,Failure to maintain safe following distance,NHTSA-derived,coarse,1,1,1,1,1,1,1,1,1,1,1,1
NHTSA_FSD_0214,RKGRScen,Failure to maintain safe following distance,NHTSA-derived,coarse,1,1,1,1,1,1,1,1,1,1,1,1
NHTSA_FSD_0215,RKGRScen,Failure to maintain safe following distance,NHTSA-derived,coarse,1,1,1,1,1,1,1,1,1,1,1,1
NHTSA_FSD_0216,RKGRScen,Failure to maintain safe following distance,NHTSA-derived,coarse,1,1,1,1,1,1,1,1,1,1,1,1
NHTSA_FSD_0217,RKGRScen,Failure to maintain safe following distance,NHTSA-derived,coarse,1,1,1,1,1,1,1,1,1,1,1,1
NHTSA_FSD_0218,RKGRScen,Failure to maintain safe following distance,NHTSA-derived,coarse,1,1,1,1,1,1,1,1,1,1,1,1
NHTSA_FSD_0219,RKGRScen,Failure to maintain safe following distance,NHTSA-derived,coarse,1,1,1,1,1,1,1,1,1,1,1,1
NHTSA_FSD_0220,RKGRScen,Failure to maintain safe following distance,NHTSA-derived,coarse,1,1,1,1,1,1,1,1,1,1,1,1
NHTSA_FSD_0221,RKGRScen,Failure to maintain safe following distance,NHTSA-derived,coarse,1,1,1,1,1,1,1,1,1,1,1,1
NHTSA_FSD_0222,RKGRScen,Failure to maintain safe following distance,NHTSA-derived,coarse,1,1,1,1,1,1,1,1,1,1,1,1
NHTSA_FSD_0223,RKGRScen,Failure to maintain safe following distance,NHTSA-derived,coarse,1,0,1,1,1,0,1,1,1,1,0,0.8
NHTSA_FSD_0224,RKGRScen,Failure to maintain safe following distance,NHTSA-derived,coarse,1,1,1,1,1,1,1,1,1,1,1,1
NHTSA_FSD_0225,RKGRScen,Failure to maintain safe following distance,NHTSA-derived,coarse,1,1,1,1,1,1,1,1,1,1,1,1
NHTSA_FSD_0226,RKGRScen,Failure to maintain safe following distance,NHTSA-derived,coarse,1,1,1,1,1,1,1,1,1,1,1,1
NHTSA_FSD_0227,RKGRScen,Failure to maintain safe following distance,NHTSA-derived,coarse,1,1,1,1,1,1,1,1,1,1,1,1
NHTSA_FSD_0228,RKGRScen,Failure to maintain safe following distance,NHTSA-derived,coarse,1,1,1,1,1,1,1,1,1,1,1,1
NHTSA_FSD_0229,RKGRScen,Failure to maintain safe following distance,NHTSA-derived,coarse,1,1,1,1,1,1,1,1,1,1,1,1
NHTSA_FSD_0230,RKGRScen,Failure to maintain safe following distance,NHTSA-derived,coarse,1,1,1,1,1,1,1,1,1,1,1,1
NHTSA_FSD_0231,RKGRScen,Failure to maintain safe following distance,NHTSA-derived,coarse,1,1,1,1,1,1,1,1,1,1,1,1
NHTSA_FSD_0232,RKGRScen,Failure to maintain safe following distance,NHTSA-derived,coarse,1,1,1,1,1,1,1,1,1,1,1,1
NHTSA_FSD_0233,RKGRScen,Failure to maintain safe following distance,NHTSA-derived,coarse,1,1,1,1,1,1,1,1,1,1,1,1
NHTSA_FSD_0234,RKGRScen,Failure to maintain safe following distance,NHTSA-derived,coarse,1,1,1,1,1,1,1,1,1,1,1,1
NHTSA_FSD_0235,RKGRScen,Failure to maintain safe following distance,NHTSA-derived,coarse,1,1,1,1,1,1,1,1,1,1,1,1
NHTSA_FSD_0236,RKGRScen,Failure to maintain safe following distance,NHTSA-derived,coarse,1,1,1,1,1,1,1,1,1,1,1,1
NHTSA_FSD_0237,RKGRScen,Failure to maintain safe following distance,NHTSA-derived,coarse,1,1,1,1,1,1,1,1,1,1,1,1
NHTSA_FSD_0238,RKGRScen,Failure to maintain safe following distance,NHTSA-derived,coarse,1,0,1,1,1,1,1,1,1,1,1,1
NHTSA_FSD_0239,RKGRScen,Failure to maintain safe following distance,NHTSA-derived,coarse,1,1,1,1,1,1,1,1,1,1,1,1
NHTSA_FSD_0240,RKGRScen,Failure to maintain safe following distance,NHTSA-derived,coarse,1,0,1,1,1,1,1,1,1,1,1,1
NHTSA_FSD_0241,RKGRScen,Failure to maintain safe following distance,NHTSA-derived,coarse,1,0,1,1,1,0,1,1,1,1,0,0.8
NHTSA_FSD_0242,RKGRScen,Failure to maintain safe following distance,NHTSA-derived,coarse,1,1,1,1,1,1,1,1,1,1,1,1
NHTSA_FSD_0243,RKGRScen,Failure to maintain safe following distance,NHTSA-derived,coarse,1,1,1,1,1,1,1,1,1,1,1,1
NHTSA_FSD_0244,RKGRScen,Failure to maintain safe following distance,NHTSA-derived,coarse,1,1,1,1,1,1,1,1,1,1,1,1
NHTSA_FSD_0245,RKGRScen,Failure to maintain safe following distance,NHTSA-derived,coarse,1,1,1,1,1,1,1,1,1,1,1,1
NHTSA_FSD_0246,RKGRScen,Failure to maintain safe following distance,NHTSA-derived,coarse,1,1,1,1,1,1,1,1,1,1,1,1
NHTSA_FSD_0247,RKGRScen,Failure to maintain safe following distance,NHTSA-derived,coarse,1,1,1,1,1,1,1,1,1,1,1,1
NHTSA_FSD_0248,RKGRScen,Failure to maintain safe following distance,NHTSA-derived,coarse,1,1,1,1,1,1,1,1,1,1,1,1
NHTSA_FSD_0249,RKGRScen,Failure to maintain safe following distance,NHTSA-derived,coarse,1,1,1,1,1,1,1,1,1,1,1,1
NHTSA_FSD_0250,RKGRScen,Failure to maintain safe following distance,NHTSA-derived,coarse,1,1,1,1,1,1,1,1,1,1,1,1
NHTSA_FSD_0251,RKGRScen,Failure to maintain safe following distance,NHTSA-derived,coarse,1,0,1,1,1,1,1,1,1,1,1,1
NHTSA_FSD_0252,RKGRScen,Failure to maintain safe following distance,NHTSA-derived,coarse,1,1,1,1,1,1,1,1,1,1,1,1
NHTSA_FSD_0253,RKGRScen,Failure to maintain safe following distance,NHTSA-derived,coarse,1,1,1,1,1,1,1,1,1,1,1,1
NHTSA_FSD_0254,RKGRScen,Failure to maintain safe following distance,NHTSA-derived,coarse,1,1,1,1,1,1,1,1,1,1,1,1
NHTSA_FSD_0255,RKGRScen,Failure to maintain safe following distance,NHTSA-derived,coarse,1,1,1,1,1,1,1,1,1,1,1,1
NHTSA_FSD_0256,RKGRScen,Failure to maintain safe following distance,NHTSA-derived,coarse,1,1,1,1,1,1,1,1,1,1,1,1
NHTSA_FSD_0257,RKGRScen,Failure to maintain safe following distance,NHTSA-derived,coarse,1,1,1,1,1,1,1,1,1,1,1,1
NHTSA_FSD_0258,RKGRScen,Failure to maintain safe following distance,NHTSA-derived,coarse,1,1,1,1,1,1,1,1,1,1,1,1
NHTSA_FSD_0259,RKGRScen,Failure to maintain safe following distance,NHTSA-derived,coarse,1,1,1,1,1,1,1,1,1,1,1,1
NHTSA_FSD_0260,RKGRScen,Failure to maintain safe following distance,NHTSA-derived,coarse,1,1,1,1,1,1,1,1,1,1,1,1
NHTSA_FSD_0261,RKGRScen,Failure to maintain safe following distance,NHTSA-derived,coarse,1,0,1,1,1,0,1,1,1,1,0,0.8
NHTSA_FSD_0262,RKGRScen,Failure to maintain safe following distance,NHTSA-derived,coarse,1,1,1,1,1,1,1,1,1,1,1,1
NHTSA_FSD_0263,RKGRScen,Failure to maintain safe following distance,NHTSA-derived,coarse,1,1,1,1,1,1,1,1,1,1,1,1
NHTSA_FSD_0264,RKGRScen,Failure to maintain safe following distance,NHTSA-derived,coarse,1,1,1,1,1,1,1,1,1,1,1,1
NHTSA_FSD_0265,RKGRScen,Failure to maintain safe following distance,NHTSA-derived,coarse,1,1,1,1,1,1,1,1,1,1,1,1
NHTSA_FSD_0266,RKGRScen,Failure to maintain safe following distance,NHTSA-derived,coarse,1,1,1,1,1,1,1,1,1,1,1,1
NHTSA_FSD_0267,RKGRScen,Failure to maintain safe following distance,NHTSA-derived,coarse,1,1,1,1,1,1,1,1,1,1,1,1
NHTSA_FSD_0268,RKGRScen,Failure to maintain safe following distance,NHTSA-derived,coarse,1,1,1,1,1,1,1,1,1,1,1,1
NHTSA_FSD_0269,RKGRScen,Failure to maintain safe following distance,NHTSA-derived,coarse,1,1,1,1,1,1,1,1,1,1,1,1
NHTSA_FSD_0270,RKGRScen,Failure to maintain safe following distance,NHTSA-derived,coarse,1,1,1,1,1,1,1,1,1,1,1,1
NHTSA_FSD_0271,RKGRScen,Failure to maintain safe following distance,NHTSA-derived,coarse,1,1,1,1,1,1,1,1,1,1,1,1
NHTSA_FSD_0272,RKGRScen,Failure to maintain safe following distance,NHTSA-derived,coarse,1,0,1,1,1,0,1,1,1,1,0,0.8
NHTSA_FSD_0273,RKGRScen,Failure to maintain safe following distance,NHTSA-derived,coarse,1,1,1,1,1,1,1,1,1,1,1,1
NHTSA_FSD_0274,RKGRScen,Failure to maintain safe following distance,NHTSA-derived,coarse,1,1,1,1,1,1,1,1,1,1,1,1
NHTSA_FSD_0275,RKGRScen,Failure to maintain safe following distance,NHTSA-derived,coarse,1,0,1,1,1,1,1,1,1,1,1,1
NHTSA_FSD_0276,RKGRScen,Failure to maintain safe following distance,NHTSA-derived,coarse,1,1,1,1,1,1,1,1,1,1,1,1
NHTSA_FSD_0277,RKGRScen,Failure to maintain safe following distance,NHTSA-derived,coarse,1,1,1,1,1,1,1,1,1,1,1,1
NHTSA_FSD_0278,RKGRScen,Failure to maintain safe following distance,NHTSA-derived,coarse,1,1,1,1,1,1,1,1,1,1,1,1
NHTSA_FSD_0279,RKGRScen,Failure to maintain safe following distance,NHTSA-derived,coarse,1,1,1,1,1,1,1,1,1,1,1,1
NHTSA_FSD_0280,RKGRScen,Failure to maintain safe following distance,NHTSA-derived,coarse,1,1,1,1,1,1,1,1,1,1,1,1
NHTSA_FSD_0281,RKGRScen,Failure to maintain safe following distance,NHTSA-derived,coarse,1,1,1,1,1,1,1,1,1,1,1,1
NHTSA_FSD_0282,RKGRScen,Failure to maintain safe following distance,NHTSA-derived,coarse,1,1,1,1,1,1,1,1,1,1,1,1
NHTSA_FSD_0283,RKGRScen,Failure to maintain safe following distance,NHTSA-derived,coarse,1,1,1,1,1,1,1,1,1,1,1,1
NHTSA_FSD_0284,RKGRScen,Failure to maintain safe following distance,NHTSA-derived,coarse,1,1,1,1,1,1,1,1,1,1,1,1
NHTSA_FSD_0285,RKGRScen,Failure to maintain safe following distance,NHTSA-derived,coarse,1,1,1,1,1,1,1,1,1,1,1,1
NHTSA_FSD_0286,RKGRScen,Failure to maintain safe following distance,NHTSA-derived,coarse,1,1,1,1,1,1,1,1,1,1,1,1
NHTSA_FSD_0287,RKGRScen,Failure to maintain safe following distance,NHTSA-derived,coarse,1,1,1,1,1,1,1,1,1,1,1,1
NHTSA_FSD_0288,RKGRScen,Failure to maintain safe following distance,NHTSA-derived,coarse,1,1,1,1,1,1,1,1,1,1,1,1
NHTSA_FSD_0289,RKGRScen,Failure to maintain safe following distance,NHTSA-derived,coarse,1,1,1,1,1,1,1,1,1,1,1,1
NHTSA_FSD_0290,RKGRScen,Failure to maintain safe following distance,NHTSA-derived,coarse,1,1,1,1,1,1,1,1,1,1,1,1
NHTSA_FSD_0291,RKGRScen,Failure to maintain safe following distance,NHTSA-derived,coarse,1,0,1,1,1,1,1,1,1,1,1,1
NHTSA_FSD_0292,RKGRScen,Failure to maintain safe following distance,NHTSA-derived,coarse,1,1,1,1,1,1,1,1,1,1,1,1
NHTSA_FSD_0293,RKGRScen,Failure to maintain safe following distance,NHTSA-derived,coarse,1,1,1,1,1,1,1,1,1,1,1,1
NHTSA_FSD_0294,RKGRScen,Failure to maintain safe following distance,NHTSA-derived,coarse,1,1,1,1,1,1,1,1,1,1,1,1
NHTSA_FSD_0295,RKGRScen,Failure to maintain safe following distance,NHTSA-derived,coarse,1,1,1,1,1,1,1,1,1,1,1,1
NHTSA_FSD_0296,RKGRScen,Failure to maintain safe following distance,NHTSA-derived,coarse,1,1,1,1,1,1,1,1,1,1,1,1
NHTSA_FSD_0297,RKGRScen,Failure to maintain safe following distance,NHTSA-derived,coarse,1,1,1,1,1,1,1,1,1,1,1,1
NHTSA_FSD_0298,RKGRScen,Failure to maintain safe following distance,NHTSA-derived,coarse,0,0,1,,,,,,,,,
NHTSA_FSD_0299,RKGRScen,Failure to maintain safe following distance,NHTSA-derived,coarse,1,1,1,1,1,1,1,1,1,1,1,1
NHTSA_FSD_0300,RKGRScen,Failure to maintain safe following distance,NHTSA-derived,coarse,1,1,1,1,1,1,1,1,1,1,1,1
NHTSA_FSD_0301,RKGRScen,Failure to maintain safe following distance,NHTSA-derived,coarse,1,1,1,1,1,1,1,1,1,1,1,1
NHTSA_FSD_0302,RKGRScen,Failure to maintain safe following distance,NHTSA-derived,coarse,1,1,1,1,1,1,1,1,1,1,1,1
SYNTH_FSD_0001,RKGRScen,Failure to maintain safe following distance,synthetic-topology-extension,fine,1,1,0,1,1,0,1,1,1,1,0,0.8
SYNTH_FSD_0002,RKGRScen,Failure to maintain safe following distance,synthetic-topology-extension,fine,1,0,1,1,1,0,1,1,1,1,0,0.8
SYNTH_FSD_0003,RKGRScen,Failure to maintain safe following distance,synthetic-topology-extension,fine,1,0,1,1,1,0,1,1,1,1,0,0.8
SYNTH_FSD_0004,RKGRScen,Failure to maintain safe following distance,synthetic-topology-extension,fine,1,0,0,1,1,0,1,1,1,1,0,0.8
SYNTH_FSD_0005,RKGRScen,Failure to maintain safe following distance,synthetic-topology-extension,fine,1,1,1,1,1,1,1,1,1,1,1,1
SYNTH_FSD_0006,RKGRScen,Failure to maintain safe following distance,synthetic-topology-extension,fine,1,1,1,1,1,1,1,1,1,1,1,1
SYNTH_FSD_0007,RKGRScen,Failure to maintain safe following distance,synthetic-topology-extension,fine,1,1,1,1,1,1,1,1,1,1,1,1
SYNTH_FSD_0008,RKGRScen,Failure to maintain safe following distance,synthetic-topology-extension,fine,0,0,1,,,,,,,,,
SYNTH_FSD_0009,RKGRScen,Failure to maintain safe following distance,synthetic-topology-extension,fine,1,1,1,1,1,1,1,1,1,1,1,1
SYNTH_FSD_0010,RKGRScen,Failure to maintain safe following distance,synthetic-topology-extension,fine,1,1,1,1,1,1,1,1,1,1,1,1
SYNTH_FSD_0011,RKGRScen,Failure to maintain safe following distance,synthetic-topology-extension,fine,1,1,1,1,1,1,1,1,1,1,1,1
SYNTH_FSD_0012,RKGRScen,Failure to maintain safe following distance,synthetic-topology-extension,fine,1,1,0,1,1,0,1,1,1,1,0,0.8
SYNTH_FSD_0013,RKGRScen,Failure to maintain safe following distance,synthetic-topology-extension,fine,1,0,1,1,1,1,1,1,1,1,1,1
SYNTH_FSD_0014,RKGRScen,Failure to maintain safe following distance,synthetic-topology-extension,fine,1,1,1,1,1,1,1,1,1,1,1,1
SYNTH_FSD_0015,RKGRScen,Failure to maintain safe following distance,synthetic-topology-extension,fine,1,1,1,1,1,1,1,1,1,1,1,1
SYNTH_FSD_0016,RKGRScen,Failure to maintain safe following distance,synthetic-topology-extension,fine,1,1,1,1,1,1,1,1,1,1,1,1
SYNTH_FSD_0017,RKGRScen,Failure to maintain safe following distance,synthetic-topology-extension,fine,1,1,1,1,1,1,1,1,1,1,1,1
SYNTH_FSD_0018,RKGRScen,Failure to maintain safe following distance,synthetic-topology-extension,fine,1,0,1,1,1,0,1,1,1,1,0,0.8
SYNTH_FSD_0019,RKGRScen,Failure to maintain safe following distance,synthetic-topology-extension,fine,1,1,1,1,1,1,1,1,1,1,1,1
SYNTH_FSD_0020,RKGRScen,Failure to maintain safe following distance,synthetic-topology-extension,fine,1,0,1,1,1,0,1,1,1,1,0,0.8
SYNTH_FSD_0021,RKGRScen,Failure to maintain safe following distance,synthetic-topology-extension,fine,1,1,1,1,1,1,1,1,1,1,1,1
SYNTH_FSD_0022,RKGRScen,Failure to maintain safe following distance,synthetic-topology-extension,fine,1,1,1,1,1,1,1,1,1,1,1,1
SYNTH_FSD_0023,RKGRScen,Failure to maintain safe following distance,synthetic-topology-extension,fine,1,1,1,1,1,1,1,1,1,1,1,1
SYNTH_FSD_0024,RKGRScen,Failure to maintain safe following distance,synthetic-topology-extension,fine,1,0,1,1,1,0,1,1,1,1,0,0.8
SYNTH_FSD_0025,RKGRScen,Failure to maintain safe following distance,synthetic-topology-extension,fine,1,0,1,1,1,1,1,1,1,1,1,1
SYNTH_FSD_0026,RKGRScen,Failure to maintain safe following distance,synthetic-topology-extension,fine,1,0,1,1,1,1,1,1,1,1,1,1
SYNTH_FSD_0027,RKGRScen,Failure to maintain safe following distance,synthetic-topology-extension,fine,1,1,1,1,1,1,1,1,1,1,1,1
SYNTH_FSD_0028,RKGRScen,Failure to maintain safe following distance,synthetic-topology-extension,fine,1,1,1,1,1,1,1,1,1,1,1,1
SYNTH_FSD_0029,RKGRScen,Failure to maintain safe following distance,synthetic-topology-extension,fine,0,0,1,,,,,,,,,
SYNTH_FSD_0030,RKGRScen,Failure to maintain safe following distance,synthetic-topology-extension,fine,1,1,1,1,1,1,1,1,1,1,1,1
SYNTH_FSD_0031,RKGRScen,Failure to maintain safe following distance,synthetic-topology-extension,fine,1,1,1,1,1,1,1,1,1,1,1,1
SYNTH_FSD_0032,RKGRScen,Failure to maintain safe following distance,synthetic-topology-extension,fine,1,1,1,1,1,1,1,1,1,1,1,1
SYNTH_FSD_0033,RKGRScen,Failure to maintain safe following distance,synthetic-topology-extension,fine,1,0,1,1,1,1,1,1,1,1,1,1
SYNTH_FSD_0034,RKGRScen,Failure to maintain safe following distance,synthetic-topology-extension,fine,1,1,1,1,1,1,1,1,1,1,1,1
SYNTH_FSD_0035,RKGRScen,Failure to maintain safe following distance,synthetic-topology-extension,fine,0,0,1,,,,,,,,,
SYNTH_FSD_0036,RKGRScen,Failure to maintain safe following distance,synthetic-topology-extension,fine,1,0,1,1,1,0,1,1,1,1,1,0.8400000000000001
SYNTH_FSD_0037,RKGRScen,Failure to maintain safe following distance,synthetic-topology-extension,fine,0,0,1,,,,,,,,,
SYNTH_FSD_0038,RKGRScen,Failure to maintain safe following distance,synthetic-topology-extension,fine,1,1,1,1,1,1,1,1,1,1,1,1
SYNTH_FSD_0039,RKGRScen,Failure to maintain safe following distance,synthetic-topology-extension,fine,1,1,1,1,1,1,1,1,1,1,1,1
SYNTH_FSD_0040,RKGRScen,Failure to maintain safe following distance,synthetic-topology-extension,fine,1,1,1,1,1,1,1,1,1,1,1,1
SYNTH_FSD_0041,RKGRScen,Failure to maintain safe following distance,synthetic-topology-extension,fine,1,1,0,1,1,0,1,1,1,1,0,0.8
SYNTH_FSD_0042,RKGRScen,Failure to maintain safe following distance,synthetic-topology-extension,fine,1,0,1,1,1,0,1,1,1,1,1,0.8400000000000001
SYNTH_FSD_0043,RKGRScen,Failure to maintain safe following distance,synthetic-topology-extension,fine,1,1,1,1,1,1,1,1,1,1,1,1
SYNTH_FSD_0044,RKGRScen,Failure to maintain safe following distance,synthetic-topology-extension,fine,1,1,1,1,1,1,1,1,1,1,1,1
SYNTH_FSD_0045,RKGRScen,Failure to maintain safe following distance,synthetic-topology-extension,fine,1,0,0,1,1,0,1,1,1,1,0,0.8
SYNTH_FSD_0046,RKGRScen,Failure to maintain safe following distance,synthetic-topology-extension,fine,0,0,1,,,,,,,,,
SYNTH_FSD_0047,RKGRScen,Failure to maintain safe following distance,synthetic-topology-extension,fine,1,1,1,1,1,1,1,1,1,1,1,1
SYNTH_FSD_0048,RKGRScen,Failure to maintain safe following distance,synthetic-topology-extension,fine,1,1,1,1,1,1,1,1,1,1,1,1
SYNTH_FSD_0049,RKGRScen,Failure to maintain safe following distance,synthetic-topology-extension,fine,1,0,1,1,1,0,1,1,1,1,0,0.8
SYNTH_FSD_0050,RKGRScen,Failure to maintain safe following distance,synthetic-topology-extension,fine,1,1,1,1,1,1,1,1,1,1,1,1
SYNTH_FSD_0051,RKGRScen,Failure to maintain safe following distance,synthetic-topology-extension,fine,1,1,1,1,1,1,1,1,1,1,1,1
SYNTH_FSD_0052,RKGRScen,Failure to maintain safe following distance,synthetic-topology-extension,fine,1,0,1,1,1,0,1,1,1,1,0,0.8
SYNTH_FSD_0053,RKGRScen,Failure to maintain safe following distance,synthetic-topology-extension,fine,1,1,1,1,1,1,1,1,1,1,1,1
SYNTH_FSD_0054,RKGRScen,Failure to maintain safe following distance,synthetic-topology-extension,fine,1,1,1,1,1,1,1,1,1,1,1,1
SYNTH_FSD_0055,RKGRScen,Failure to maintain safe following distance,synthetic-topology-extension,fine,1,1,0,1,1,0,1,1,1,1,0,0.8
SYNTH_FSD_0056,RKGRScen,Failure to maintain safe following distance,synthetic-topology-extension,fine,1,1,1,1,1,1,1,1,1,1,1,1
SYNTH_FSD_0057,RKGRScen,Failure to maintain safe following distance,synthetic-topology-extension,fine,1,0,1,1,1,1,1,1,1,1,1,1
SYNTH_FSD_0058,RKGRScen,Failure to maintain safe following distance,synthetic-topology-extension,fine,1,1,1,1,1,1,1,1,1,1,1,1
SYNTH_FSD_0059,RKGRScen,Failure to maintain safe following distance,synthetic-topology-extension,fine,1,1,1,1,1,1,1,1,1,1,1,1
SYNTH_FSD_0060,RKGRScen,Failure to maintain safe following distance,synthetic-topology-extension,fine,1,1,1,1,1,1,1,1,1,1,1,1
SYNTH_FSD_0061,RKGRScen,Failure to maintain safe following distance,synthetic-topology-extension,fine,1,1,0,1,1,0,1,1,1,1,0,0.8
SYNTH_FSD_0062,RKGRScen,Failure to maintain safe following distance,synthetic-topology-extension,fine,1,1,1,1,1,1,1,1,1,1,1,1
SYNTH_FSD_0063,RKGRScen,Failure to maintain safe following distance,synthetic-topology-extension,fine,1,1,1,1,1,1,1,1,1,1,1,1
SYNTH_FSD_0064,RKGRScen,Failure to maintain safe following distance,synthetic-topology-extension,fine,1,1,1,1,1,1,1,1,1,1,1,1
SYNTH_FSD_0065,RKGRScen,Failure to maintain safe following distance,synthetic-topology-extension,fine,1,1,1,1,1,1,1,1,1,1,1,1
SYNTH_FSD_0066,RKGRScen,Failure to maintain safe following distance,synthetic-topology-extension,fine,1,1,0,1,1,0,1,1,1,1,0,0.8
SYNTH_FSD_0067,RKGRScen,Failure to maintain safe following distance,synthetic-topology-extension,fine,1,1,1,1,1,1,1,1,1,1,1,1
SYNTH_FSD_0068,RKGRScen,Failure to maintain safe following distance,synthetic-topology-extension,fine,0,0,1,,,,,,,,,
SYNTH_FSD_0069,RKGRScen,Failure to maintain safe following distance,synthetic-topology-extension,fine,1,0,1,1,1,1,1,1,1,1,1,1
SYNTH_FSD_0070,RKGRScen,Failure to maintain safe following distance,synthetic-topology-extension,fine,1,1,1,1,1,1,1,1,1,1,1,1
SYNTH_FSD_0071,RKGRScen,Failure to maintain safe following distance,synthetic-topology-extension,fine,1,0,0,1,1,0,1,1,1,1,0,0.8
SYNTH_FSD_0072,RKGRScen,Failure to maintain safe following distance,synthetic-topology-extension,fine,1,1,1,1,1,1,1,1,1,1,1,1
SYNTH_FSD_0073,RKGRScen,Failure to maintain safe following distance,synthetic-topology-extension,fine,1,1,1,1,1,1,1,1,1,1,1,1
SYNTH_FSD_0074,RKGRScen,Failure to maintain safe following distance,synthetic-topology-extension,fine,1,0,1,1,1,1,1,1,1,1,1,1
SYNTH_FSD_0075,RKGRScen,Failure to maintain safe following distance,synthetic-topology-extension,fine,1,1,1,1,1,1,1,1,1,1,1,1
SYNTH_FSD_0076,RKGRScen,Failure to maintain safe following distance,synthetic-topology-extension,fine,1,1,0,1,1,0,1,1,1,1,0,0.8
SYNTH_FSD_0077,RKGRScen,Failure to maintain safe following distance,synthetic-topology-extension,fine,0,0,1,,,,,,,,,
SYNTH_FSD_0078,RKGRScen,Failure to maintain safe following distance,synthetic-topology-extension,fine,1,1,0,1,1,0,1,1,1,1,0,0.8
SYNTH_FSD_0079,RKGRScen,Failure to maintain safe following distance,synthetic-topology-extension,fine,1,1,1,1,1,1,1,1,1,1,1,1
SYNTH_FSD_0080,RKGRScen,Failure to maintain safe following distance,synthetic-topology-extension,fine,1,1,1,1,1,1,1,1,1,1,1,1
SYNTH_FSD_0081,RKGRScen,Failure to maintain safe following distance,synthetic-topology-extension,fine,1,1,1,1,1,1,1,1,1,1,1,1
SYNTH_FSD_0082,RKGRScen,Failure to maintain safe following distance,synthetic-topology-extension,fine,1,0,1,1,1,0,1,1,1,1,0,0.8
SYNTH_FSD_0083,RKGRScen,Failure to maintain safe following distance,synthetic-topology-extension,fine,1,0,1,1,1,1,1,1,1,1,1,1
SYNTH_FSD_0084,RKGRScen,Failure to maintain safe following distance,synthetic-topology-extension,fine,1,1,1,1,1,1,1,1,1,1,1,1
SYNTH_FSD_0085,RKGRScen,Failure to maintain safe following distance,synthetic-topology-extension,fine,1,1,1,1,1,1,1,1,1,1,1,1
SYNTH_FSD_0086,RKGRScen,Failure to maintain safe following distance,synthetic-topology-extension,fine,1,1,0,1,1,0,1,1,1,1,0,0.8
SYNTH_FSD_0087,RKGRScen,Failure to maintain safe following distance,synthetic-topology-extension,fine,1,1,1,1,1,1,1,1,1,1,1,1
SYNTH_FSD_0088,RKGRScen,Failure to maintain safe following distance,synthetic-topology-extension,fine,1,0,1,1,1,0,1,1,1,1,0,0.8
SYNTH_FSD_0089,RKGRScen,Failure to maintain safe following distance,synthetic-topology-extension,fine,1,1,1,1,1,1,1,1,1,1,1,1
SYNTH_FSD_0090,RKGRScen,Failure to maintain safe following distance,synthetic-topology-extension,fine,1,1,1,1,1,1,1,1,1,1,1,1
SYNTH_FSD_0091,RKGRScen,Failure to maintain safe following distance,synthetic-topology-extension,fine,1,0,1,1,1,1,1,1,1,1,1,1
SYNTH_FSD_0092,RKGRScen,Failure to maintain safe following distance,synthetic-topology-extension,fine,0,0,1,,,,,,,,,
SYNTH_FSD_0093,RKGRScen,Failure to maintain safe following distance,synthetic-topology-extension,fine,1,0,1,1,1,0,1,1,1,1,0,0.8
SYNTH_FSD_0094,RKGRScen,Failure to maintain safe following distance,synthetic-topology-extension,fine,1,0,1,1,1,1,1,1,1,1,1,1
SYNTH_FSD_0095,RKGRScen,Failure to maintain safe following distance,synthetic-topology-extension,fine,1,1,1,1,1,1,1,1,1,1,1,1
SYNTH_FSD_0096,RKGRScen,Failure to maintain safe following distance,synthetic-topology-extension,fine,1,1,1,1,1,1,1,1,1,1,1,1
SYNTH_FSD_0097,RKGRScen,Failure to maintain safe following distance,synthetic-topology-extension,fine,1,0,1,1,1,1,1,1,1,1,1,1
SYNTH_FSD_0098,RKGRScen,Failure to maintain safe following distance,synthetic-topology-extension,fine,1,0,1,1,1,1,1,1,1,1,1,1
SYNTH_FSD_0099,RKGRScen,Failure to maintain safe following distance,synthetic-topology-extension,fine,1,1,1,1,1,1,1,1,1,1,1,1
SYNTH_FSD_0100,RKGRScen,Failure to maintain safe following distance,synthetic-topology-extension,fine,1,1,1,1,1,1,1,1,1,1,1,1
NHTSA_WWD_0001,RKGRScen,Wrong-way driving,NHTSA-derived,coarse,1,0,1,1,1,1,1,1,1,1,1,1
NHTSA_WWD_0002,RKGRScen,Wrong-way driving,NHTSA-derived,coarse,1,0,1,1,1,1,1,1,1,1,1,1
NHTSA_WWD_0003,RKGRScen,Wrong-way driving,NHTSA-derived,coarse,1,0,1,1,1,1,1,1,1,1,1,1
NHTSA_WWD_0004,RKGRScen,Wrong-way driving,NHTSA-derived,coarse,1,0,1,1,1,0,1,1,1,1,0,0.8
NHTSA_WWD_0005,RKGRScen,Wrong-way driving,NHTSA-derived,coarse,1,0,1,1,1,0,1,1,1,1,0,0.8
NHTSA_WWD_0006,RKGRScen,Wrong-way driving,NHTSA-derived,coarse,1,1,1,1,1,1,1,1,1,1,1,1
NHTSA_WWD_0007,RKGRScen,Wrong-way driving,NHTSA-derived,coarse,1,1,1,1,1,1,1,1,1,1,1,1
NHTSA_WWD_0008,RKGRScen,Wrong-way driving,NHTSA-derived,coarse,1,0,1,1,1,0,1,1,1,1,0,0.8
NHTSA_WWD_0009,RKGRScen,Wrong-way driving,NHTSA-derived,coarse,1,1,1,1,1,1,1,1,1,1,1,1
NHTSA_WWD_0010,RKGRScen,Wrong-way driving,NHTSA-derived,coarse,1,0,1,1,1,0,1,1,1,1,0,0.8
NHTSA_WWD_0011,RKGRScen,Wrong-way driving,NHTSA-derived,coarse,0,0,1,,,,,,,,,
NHTSA_WWD_0012,RKGRScen,Wrong-way driving,NHTSA-derived,coarse,1,1,1,1,1,1,1,1,1,1,1,1
NHTSA_WWD_0013,RKGRScen,Wrong-way driving,NHTSA-derived,coarse,1,0,1,1,1,1,1,1,1,1,1,1
NHTSA_WWD_0014,RKGRScen,Wrong-way driving,NHTSA-derived,coarse,1,0,1,1,1,0,1,1,1,1,0,0.8
NHTSA_WWD_0015,RKGRScen,Wrong-way driving,NHTSA-derived,coarse,0,0,1,,,,,,,,,
NHTSA_WWD_0016,RKGRScen,Wrong-way driving,NHTSA-derived,coarse,1,1,1,1,1,1,1,1,1,1,1,1
NHTSA_WWD_0017,RKGRScen,Wrong-way driving,NHTSA-derived,coarse,1,1,1,1,1,1,1,1,1,1,1,1
NHTSA_WWD_0018,RKGRScen,Wrong-way driving,NHTSA-derived,coarse,1,1,1,1,1,1,1,1,1,1,1,1
NHTSA_WWD_0019,RKGRScen,Wrong-way driving,NHTSA-derived,coarse,1,0,1,1,1,1,1,1,1,1,1,1
NHTSA_WWD_0020,RKGRScen,Wrong-way driving,NHTSA-derived,coarse,1,0,1,1,1,1,1,1,1,1,1,1
NHTSA_WWD_0021,RKGRScen,Wrong-way driving,NHTSA-derived,coarse,1,0,1,1,1,0,1,1,1,1,0,0.8
NHTSA_WWD_0022,RKGRScen,Wrong-way driving,NHTSA-derived,coarse,1,1,1,1,1,1,1,1,1,1,1,1
NHTSA_WWD_0023,RKGRScen,Wrong-way driving,NHTSA-derived,coarse,1,0,1,1,1,0,1,1,1,1,0,0.8
NHTSA_WWD_0024,RKGRScen,Wrong-way driving,NHTSA-derived,coarse,1,0,1,1,1,0,1,1,1,1,0,0.8
NHTSA_WWD_0025,RKGRScen,Wrong-way driving,NHTSA-derived,coarse,1,0,1,1,1,1,1,1,1,1,0,0.9600000000000001
NHTSA_WWD_0026,RKGRScen,Wrong-way driving,NHTSA-derived,coarse,1,0,1,1,1,1,1,1,1,1,1,1
NHTSA_WWD_0027,RKGRScen,Wrong-way driving,NHTSA-derived,coarse,1,0,1,1,1,1,1,1,1,1,1,1
NHTSA_WWD_0028,RKGRScen,Wrong-way driving,NHTSA-derived,coarse,1,0,1,1,1,1,1,1,1,1,1,1
NHTSA_WWD_0029,RKGRScen,Wrong-way driving,NHTSA-derived,coarse,1,0,1,1,1,1,1,1,1,1,1,1
NHTSA_WWD_0030,RKGRScen,Wrong-way driving,NHTSA-derived,coarse,1,1,1,1,1,1,1,1,1,1,1,1
NHTSA_WWD_0031,RKGRScen,Wrong-way driving,NHTSA-derived,coarse,1,0,1,1,1,0,1,1,1,1,0,0.8
NHTSA_WWD_0032,RKGRScen,Wrong-way driving,NHTSA-derived,coarse,1,1,1,1,1,1,1,1,1,1,1,1
NHTSA_WWD_0033,RKGRScen,Wrong-way driving,NHTSA-derived,coarse,1,0,1,1,1,1,1,1,1,1,1,1
NHTSA_WWD_0034,RKGRScen,Wrong-way driving,NHTSA-derived,coarse,0,0,1,,,,,,,,,
NHTSA_WWD_0035,RKGRScen,Wrong-way driving,NHTSA-derived,coarse,1,0,1,1,1,1,1,1,1,1,1,1
NHTSA_WWD_0036,RKGRScen,Wrong-way driving,NHTSA-derived,coarse,1,0,1,1,1,0,1,1,1,1,0,0.8
NHTSA_WWD_0037,RKGRScen,Wrong-way driving,NHTSA-derived,coarse,1,0,1,1,1,1,1,1,1,1,1,1
NHTSA_WWD_0038,RKGRScen,Wrong-way driving,NHTSA-derived,coarse,0,0,1,,,,,,,,,
NHTSA_WWD_0039,RKGRScen,Wrong-way driving,NHTSA-derived,coarse,1,0,1,1,1,0,1,1,1,1,0,0.8
NHTSA_WWD_0040,RKGRScen,Wrong-way driving,NHTSA-derived,coarse,1,1,1,1,1,1,1,1,1,1,1,1
NHTSA_WWD_0041,RKGRScen,Wrong-way driving,NHTSA-derived,coarse,1,0,1,1,1,1,1,1,1,1,1,1
NHTSA_WWD_0042,RKGRScen,Wrong-way driving,NHTSA-derived,coarse,1,0,1,1,1,1,1,1,1,1,1,1
NHTSA_WWD_0043,RKGRScen,Wrong-way driving,NHTSA-derived,coarse,1,1,1,1,1,1,1,1,1,1,1,1
NHTSA_WWD_0044,RKGRScen,Wrong-way driving,NHTSA-derived,coarse,1,1,1,1,1,1,1,1,1,1,1,1
NHTSA_WWD_0045,RKGRScen,Wrong-way driving,NHTSA-derived,coarse,1,1,1,1,1,1,1,1,1,1,1,1
NHTSA_WWD_0046,RKGRScen,Wrong-way driving,NHTSA-derived,coarse,0,0,1,,,,,,,,,
NHTSA_WWD_0047,RKGRScen,Wrong-way driving,NHTSA-derived,coarse,1,0,1,1,1,1,1,1,1,1,1,1
NHTSA_WWD_0048,RKGRScen,Wrong-way driving,NHTSA-derived,coarse,1,0,1,1,1,1,1,1,1,1,1,1
NHTSA_WWD_0049,RKGRScen,Wrong-way driving,NHTSA-derived,coarse,0,0,1,,,,,,,,,
NHTSA_WWD_0050,RKGRScen,Wrong-way driving,NHTSA-derived,coarse,1,1,1,1,1,1,1,1,1,1,1,1
NHTSA_WWD_0051,RKGRScen,Wrong-way driving,NHTSA-derived,coarse,1,0,1,1,1,1,1,1,1,1,0,0.9600000000000001
NHTSA_WWD_0052,RKGRScen,Wrong-way driving,NHTSA-derived,coarse,1,1,1,1,1,1,1,1,1,1,1,1
NHTSA_WWD_0053,RKGRScen,Wrong-way driving,NHTSA-derived,coarse,1,1,1,1,1,1,1,1,1,1,1,1
NHTSA_WWD_0054,RKGRScen,Wrong-way driving,NHTSA-derived,coarse,1,1,1,1,1,1,1,1,1,1,1,1
NHTSA_WWD_0055,RKGRScen,Wrong-way driving,NHTSA-derived,coarse,1,1,1,1,1,1,1,1,1,1,1,1
NHTSA_WWD_0056,RKGRScen,Wrong-way driving,NHTSA-derived,coarse,1,0,1,1,1,1,1,1,1,1,1,1
NHTSA_WWD_0057,RKGRScen,Wrong-way driving,NHTSA-derived,coarse,1,0,1,1,1,1,1,1,1,1,1,1
NHTSA_WWD_0058,RKGRScen,Wrong-way driving,NHTSA-derived,coarse,1,0,1,1,1,0,1,1,1,1,0,0.8
NHTSA_WWD_0059,RKGRScen,Wrong-way driving,NHTSA-derived,coarse,1,0,1,1,1,0,1,1,1,1,1,0.8400000000000001
NHTSA_WWD_0060,RKGRScen,Wrong-way driving,NHTSA-derived,coarse,0,0,1,,,,,,,,,
NHTSA_WWD_0061,RKGRScen,Wrong-way driving,NHTSA-derived,coarse,1,0,1,1,1,1,1,1,1,1,1,1
NHTSA_WWD_0062,RKGRScen,Wrong-way driving,NHTSA-derived,coarse,1,0,1,1,1,1,1,1,1,1,1,1
NHTSA_WWD_0063,RKGRScen,Wrong-way driving,NHTSA-derived,coarse,1,0,1,1,1,1,1,1,1,1,1,1
NHTSA_WWD_0064,RKGRScen,Wrong-way driving,NHTSA-derived,coarse,1,1,1,1,1,1,1,1,1,1,1,1
NHTSA_WWD_0065,RKGRScen,Wrong-way driving,NHTSA-derived,coarse,0,0,1,,,,,,,,,
NHTSA_WWD_0066,RKGRScen,Wrong-way driving,NHTSA-derived,coarse,1,1,1,1,1,1,1,1,1,1,1,1
NHTSA_WWD_0067,RKGRScen,Wrong-way driving,NHTSA-derived,coarse,1,0,1,1,1,1,1,1,1,1,1,1
NHTSA_WWD_0068,RKGRScen,Wrong-way driving,NHTSA-derived,coarse,1,1,1,1,1,1,1,1,1,1,1,1
NHTSA_WWD_0069,RKGRScen,Wrong-way driving,NHTSA-derived,coarse,1,0,1,1,1,0,1,1,1,1,0,0.8
NHTSA_WWD_0070,RKGRScen,Wrong-way driving,NHTSA-derived,coarse,1,0,1,1,1,1,1,1,1,1,1,1
NHTSA_WWD_0071,RKGRScen,Wrong-way driving,NHTSA-derived,coarse,1,0,1,1,1,1,1,1,1,1,1,1
NHTSA_WWD_0072,RKGRScen,Wrong-way driving,NHTSA-derived,coarse,1,1,1,1,1,1,1,1,1,1,1,1
NHTSA_WWD_0073,RKGRScen,Wrong-way driving,NHTSA-derived,coarse,1,0,1,1,1,0,1,1,1,1,0,0.8
NHTSA_WWD_0074,RKGRScen,Wrong-way driving,NHTSA-derived,coarse,1,0,1,1,1,1,1,1,1,1,1,1
NHTSA_WWD_0075,RKGRScen,Wrong-way driving,NHTSA-derived,coarse,1,1,1,1,1,1,1,1,1,1,1,1
NHTSA_WWD_0076,RKGRScen,Wrong-way driving,NHTSA-derived,coarse,0,0,1,,,,,,,,,
NHTSA_WWD_0077,RKGRScen,Wrong-way driving,NHTSA-derived,coarse,1,0,1,1,1,1,1,1,1,1,1,1
NHTSA_WWD_0078,RKGRScen,Wrong-way driving,NHTSA-derived,coarse,1,0,1,1,1,0,1,1,1,1,0,0.8
NHTSA_WWD_0079,RKGRScen,Wrong-way driving,NHTSA-derived,coarse,1,1,1,1,1,1,1,1,1,1,1,1
NHTSA_WWD_0080,RKGRScen,Wrong-way driving,NHTSA-derived,coarse,1,1,1,1,1,1,1,1,1,1,1,1
NHTSA_WWD_0081,RKGRScen,Wrong-way driving,NHTSA-derived,coarse,1,0,1,1,1,1,1,1,1,1,1,1
NHTSA_WWD_0082,RKGRScen,Wrong-way driving,NHTSA-derived,coarse,0,0,1,,,,,,,,,
NHTSA_WWD_0083,RKGRScen,Wrong-way driving,NHTSA-derived,coarse,1,1,1,1,1,1,1,1,1,1,1,1
NHTSA_WWD_0084,RKGRScen,Wrong-way driving,NHTSA-derived,coarse,1,1,1,1,1,1,1,1,1,1,1,1
SYNTH_WWD_0001,RKGRScen,Wrong-way driving,synthetic-topology-extension,fine,1,1,1,1,1,1,1,1,1,1,1,1
SYNTH_WWD_0002,RKGRScen,Wrong-way driving,synthetic-topology-extension,fine,1,1,1,1,1,1,1,1,1,1,1,1
SYNTH_WWD_0003,RKGRScen,Wrong-way driving,synthetic-topology-extension,fine,1,0,1,1,1,1,1,1,1,1,1,1
SYNTH_WWD_0004,RKGRScen,Wrong-way driving,synthetic-topology-extension,fine,1,0,1,1,1,0,1,1,1,1,0,0.8
SYNTH_WWD_0005,RKGRScen,Wrong-way driving,synthetic-topology-extension,fine,1,0,1,1,1,1,1,1,1,1,1,1
SYNTH_WWD_0006,RKGRScen,Wrong-way driving,synthetic-topology-extension,fine,1,1,1,1,1,1,1,1,1,1,1,1
SYNTH_WWD_0007,RKGRScen,Wrong-way driving,synthetic-topology-extension,fine,1,1,1,1,1,1,1,1,1,1,1,1
SYNTH_WWD_0008,RKGRScen,Wrong-way driving,synthetic-topology-extension,fine,1,1,1,1,1,1,1,1,1,1,1,1
SYNTH_WWD_0009,RKGRScen,Wrong-way driving,synthetic-topology-extension,fine,1,1,1,1,1,1,1,1,1,1,1,1
SYNTH_WWD_0010,RKGRScen,Wrong-way driving,synthetic-topology-extension,fine,1,1,1,1,1,1,1,1,1,1,1,1
SYNTH_WWD_0011,RKGRScen,Wrong-way driving,synthetic-topology-extension,fine,1,1,1,1,1,1,1,1,1,1,1,1
SYNTH_WWD_0012,RKGRScen,Wrong-way driving,synthetic-topology-extension,fine,1,1,1,1,1,1,1,1,1,1,1,1
SYNTH_WWD_0013,RKGRScen,Wrong-way driving,synthetic-topology-extension,fine,1,1,1,1,1,1,1,1,1,1,1,1
SYNTH_WWD_0014,RKGRScen,Wrong-way driving,synthetic-topology-extension,fine,1,1,1,1,1,1,1,1,1,1,1,1
SYNTH_WWD_0015,RKGRScen,Wrong-way driving,synthetic-topology-extension,fine,1,1,1,1,1,1,1,1,1,1,1,1
SYNTH_WWD_0016,RKGRScen,Wrong-way driving,synthetic-topology-extension,fine,1,1,1,1,1,1,1,1,1,1,1,1
SYNTH_WWD_0017,RKGRScen,Wrong-way driving,synthetic-topology-extension,fine,1,1,1,1,1,1,1,1,1,1,1,1
SYNTH_WWD_0018,RKGRScen,Wrong-way driving,synthetic-topology-extension,fine,1,1,1,1,1,1,1,1,1,1,1,1
SYNTH_WWD_0019,RKGRScen,Wrong-way driving,synthetic-topology-extension,fine,1,1,1,1,1,1,1,1,1,1,1,1
SYNTH_WWD_0020,RKGRScen,Wrong-way driving,synthetic-topology-extension,fine,1,0,1,1,1,1,1,1,1,1,1,1
SYNTH_WWD_0021,RKGRScen,Wrong-way driving,synthetic-topology-extension,fine,1,1,1,1,1,1,1,1,1,1,1,1
SYNTH_WWD_0022,RKGRScen,Wrong-way driving,synthetic-topology-extension,fine,0,0,1,,,,,,,,,
SYNTH_WWD_0023,RKGRScen,Wrong-way driving,synthetic-topology-extension,fine,1,1,1,1,1,1,1,1,1,1,1,1
SYNTH_WWD_0024,RKGRScen,Wrong-way driving,synthetic-topology-extension,fine,1,1,1,1,1,1,1,1,1,1,1,1
SYNTH_WWD_0025,RKGRScen,Wrong-way driving,synthetic-topology-extension,fine,1,1,1,1,1,1,1,1,1,1,1,1
SYNTH_WWD_0026,RKGRScen,Wrong-way driving,synthetic-topology-extension,fine,1,1,1,1,1,1,1,1,1,1,1,1
SYNTH_WWD_0027,RKGRScen,Wrong-way driving,synthetic-topology-extension,fine,1,1,1,1,1,1,1,1,1,1,1,1
SYNTH_WWD_0028,RKGRScen,Wrong-way driving,synthetic-topology-extension,fine,1,1,1,1,1,1,1,1,1,1,1,1
SYNTH_WWD_0029,RKGRScen,Wrong-way driving,synthetic-topology-extension,fine,1,1,0,1,1,0,1,1,1,1,0,0.8
SYNTH_WWD_0030,RKGRScen,Wrong-way driving,synthetic-topology-extension,fine,1,1,1,1,1,1,1,1,1,1,1,1
SYNTH_WWD_0031,RKGRScen,Wrong-way driving,synthetic-topology-extension,fine,1,1,1,1,1,1,1,1,1,1,1,1
SYNTH_WWD_0032,RKGRScen,Wrong-way driving,synthetic-topology-extension,fine,1,1,1,1,1,1,1,1,1,1,1,1
SYNTH_WWD_0033,RKGRScen,Wrong-way driving,synthetic-topology-extension,fine,1,1,1,1,1,1,1,1,1,1,1,1
SYNTH_WWD_0034,RKGRScen,Wrong-way driving,synthetic-topology-extension,fine,1,1,1,1,1,1,1,1,1,1,1,1
SYNTH_WWD_0035,RKGRScen,Wrong-way driving,synthetic-topology-extension,fine,1,1,1,1,1,1,1,1,1,1,1,1
SYNTH_WWD_0036,RKGRScen,Wrong-way driving,synthetic-topology-extension,fine,1,1,0,1,1,0,1,1,1,1,0,0.8
SYNTH_WWD_0037,RKGRScen,Wrong-way driving,synthetic-topology-extension,fine,1,1,1,1,1,1,1,1,1,1,1,1
SYNTH_WWD_0038,RKGRScen,Wrong-way driving,synthetic-topology-extension,fine,1,1,1,1,1,1,1,1,1,1,1,1
SYNTH_WWD_0039,RKGRScen,Wrong-way driving,synthetic-topology-extension,fine,1,1,1,1,1,1,1,1,1,1,1,1
SYNTH_WWD_0040,RKGRScen,Wrong-way driving,synthetic-topology-extension,fine,0,0,1,,,,,,,,,
SYNTH_WWD_0041,RKGRScen,Wrong-way driving,synthetic-topology-extension,fine,1,1,1,1,1,1,1,1,1,1,1,1
SYNTH_WWD_0042,RKGRScen,Wrong-way driving,synthetic-topology-extension,fine,1,1,1,1,1,1,1,1,1,1,1,1
SYNTH_WWD_0043,RKGRScen,Wrong-way driving,synthetic-topology-extension,fine,1,1,1,1,1,1,1,1,1,1,1,1
SYNTH_WWD_0044,RKGRScen,Wrong-way driving,synthetic-topology-extension,fine,1,1,1,1,1,1,1,1,1,1,1,1
SYNTH_WWD_0045,RKGRScen,Wrong-way driving,synthetic-topology-extension,fine,1,1,1,1,1,1,1,1,1,1,1,1
SYNTH_WWD_0046,RKGRScen,Wrong-way driving,synthetic-topology-extension,fine,1,1,1,1,1,1,1,1,1,1,1,1
SYNTH_WWD_0047,RKGRScen,Wrong-way driving,synthetic-topology-extension,fine,1,1,1,1,1,1,1,1,1,1,1,1
SYNTH_WWD_0048,RKGRScen,Wrong-way driving,synthetic-topology-extension,fine,1,1,1,1,1,1,1,1,1,1,1,1
SYNTH_WWD_0049,RKGRScen,Wrong-way driving,synthetic-topology-extension,fine,1,1,1,1,1,1,1,1,1,1,1,1
SYNTH_WWD_0050,RKGRScen,Wrong-way driving,synthetic-topology-extension,fine,1,1,1,1,1,1,1,1,1,1,1,1
SYNTH_WWD_0051,RKGRScen,Wrong-way driving,synthetic-topology-extension,fine,1,1,0,1,1,0,1,1,1,1,0,0.8
SYNTH_WWD_0052,RKGRScen,Wrong-way driving,synthetic-topology-extension,fine,1,1,1,1,1,1,1,1,1,1,1,1
SYNTH_WWD_0053,RKGRScen,Wrong-way driving,synthetic-topology-extension,fine,1,1,1,1,1,1,1,1,1,1,1,1
SYNTH_WWD_0054,RKGRScen,Wrong-way driving,synthetic-topology-extension,fine,1,1,1,1,1,1,1,1,1,1,1,1
SYNTH_WWD_0055,RKGRScen,Wrong-way driving,synthetic-topology-extension,fine,1,1,0,1,1,0,1,1,1,1,0,0.8
SYNTH_WWD_0056,RKGRScen,Wrong-way driving,synthetic-topology-extension,fine,1,1,1,1,1,1,1,1,1,1,1,1
SYNTH_WWD_0057,RKGRScen,Wrong-way driving,synthetic-topology-extension,fine,1,0,1,1,1,0,1,1,1,1,0,0.8
SYNTH_WWD_0058,RKGRScen,Wrong-way driving,synthetic-topology-extension,fine,1,1,1,1,1,1,1,1,1,1,1,1
SYNTH_WWD_0059,RKGRScen,Wrong-way driving,synthetic-topology-extension,fine,1,1,1,1,1,1,1,1,1,1,1,1
SYNTH_WWD_0060,RKGRScen,Wrong-way driving,synthetic-topology-extension,fine,1,1,0,1,1,0,1,1,1,1,0,0.8
NHTSA_ILC_0001,RKGRScen,Illegal lane change,NHTSA-derived,fine,1,1,1,1,1,1,1,1,1,1,1,1
NHTSA_ILC_0002,RKGRScen,Illegal lane change,NHTSA-derived,fine,1,1,1,1,1,1,1,1,1,1,1,1
NHTSA_ILC_0003,RKGRScen,Illegal lane change,NHTSA-derived,fine,1,1,1,1,1,1,1,1,1,1,1,1
NHTSA_ILC_0004,RKGRScen,Illegal lane change,NHTSA-derived,fine,1,0,1,1,1,1,1,1,1,1,1,1
NHTSA_ILC_0005,RKGRScen,Illegal lane change,NHTSA-derived,fine,1,1,1,1,1,1,1,1,1,1,1,1
NHTSA_ILC_0006,RKGRScen,Illegal lane change,NHTSA-derived,fine,1,0,1,1,1,0,1,1,1,1,0,0.8
NHTSA_ILC_0007,RKGRScen,Illegal lane change,NHTSA-derived,fine,1,1,1,1,1,1,1,1,1,1,1,1
NHTSA_ILC_0008,RKGRScen,Illegal lane change,NHTSA-derived,fine,1,1,1,1,1,1,1,1,1,1,1,1
NHTSA_ILC_0009,RKGRScen,Illegal lane change,NHTSA-derived,fine,1,0,1,1,1,0,1,1,1,1,0,0.8
NHTSA_ILC_0010,RKGRScen,Illegal lane change,NHTSA-derived,fine,1,1,1,1,1,1,1,1,1,1,1,1
NHTSA_ILC_0011,RKGRScen,Illegal lane change,NHTSA-derived,fine,1,1,1,1,1,1,1,1,1,1,1,1
NHTSA_ILC_0012,RKGRScen,Illegal lane change,NHTSA-derived,fine,1,1,1,1,1,1,1,1,1,1,1,1
NHTSA_ILC_0013,RKGRScen,Illegal lane change,NHTSA-derived,fine,1,1,1,1,1,1,1,1,1,1,1,1
NHTSA_ILC_0014,RKGRScen,Illegal lane change,NHTSA-derived,fine,1,1,1,1,1,1,1,1,1,1,1,1
NHTSA_ILC_0015,RKGRScen,Illegal lane change,NHTSA-derived,fine,1,1,1,1,1,1,1,1,1,1,1,1
NHTSA_ILC_0016,RKGRScen,Illegal lane change,NHTSA-derived,fine,1,1,1,1,1,1,1,1,1,1,1,1
NHTSA_ILC_0017,RKGRScen,Illegal lane change,NHTSA-derived,fine,1,1,1,1,1,1,1,1,1,1,1,1
NHTSA_ILC_0018,RKGRScen,Illegal lane change,NHTSA-derived,fine,1,0,1,1,1,0,1,1,1,1,0,0.8
NHTSA_ILC_0019,RKGRScen,Illegal lane change,NHTSA-derived,fine,1,1,1,1,1,1,1,1,1,1,1,1
NHTSA_ILC_0020,RKGRScen,Illegal lane change,NHTSA-derived,fine,1,1,1,1,1,1,1,1,1,1,1,1
NHTSA_ILC_0021,RKGRScen,Illegal lane change,NHTSA-derived,fine,1,0,1,1,1,1,1,1,1,1,1,1
NHTSA_ILC_0022,RKGRScen,Illegal lane change,NHTSA-derived,fine,1,1,1,1,1,1,1,1,1,1,1,1
NHTSA_ILC_0023,RKGRScen,Illegal lane change,NHTSA-derived,fine,1,1,1,1,1,1,1,1,1,1,1,1
NHTSA_ILC_0024,RKGRScen,Illegal lane change,NHTSA-derived,fine,1,0,1,1,1,1,1,1,1,1,1,1
NHTSA_ILC_0025,RKGRScen,Illegal lane change,NHTSA-derived,fine,1,1,1,1,1,1,1,1,1,1,1,1
NHTSA_ILC_0026,RKGRScen,Illegal lane change,NHTSA-derived,fine,1,1,1,1,1,1,1,1,1,1,1,1
NHTSA_ILC_0027,RKGRScen,Illegal lane change,NHTSA-derived,fine,1,1,1,1,1,1,1,1,1,1,1,1
NHTSA_ILC_0028,RKGRScen,Illegal lane change,NHTSA-derived,fine,1,1,1,1,1,1,1,1,1,1,1,1
NHTSA_ILC_0029,RKGRScen,Illegal lane change,NHTSA-derived,fine,1,0,1,1,1,1,1,1,1,1,1,1
NHTSA_ILC_0030,RKGRScen,Illegal lane change,NHTSA-derived,fine,1,1,1,1,1,1,1,1,1,1,1,1
NHTSA_ILC_0031,RKGRScen,Illegal lane change,NHTSA-derived,fine,1,1,1,1,1,1,1,1,1,1,1,1
NHTSA_ILC_0032,RKGRScen,Illegal lane change,NHTSA-derived,fine,1,1,1,1,1,1,1,1,1,1,1,1
NHTSA_ILC_0033,RKGRScen,Illegal lane change,NHTSA-derived,fine,1,1,1,1,1,1,1,1,1,1,1,1
NHTSA_ILC_0034,RKGRScen,Illegal lane change,NHTSA-derived,fine,1,1,1,1,1,1,1,1,1,1,1,1
NHTSA_ILC_0035,RKGRScen,Illegal lane change,NHTSA-derived,fine,1,0,1,1,1,1,1,1,1,1,1,1
NHTSA_ILC_0036,RKGRScen,Illegal lane change,NHTSA-derived,fine,1,0,1,1,1,1,1,1,1,1,1,1
NHTSA_ILC_0037,RKGRScen,Illegal lane change,NHTSA-derived,fine,1,0,0,1,1,0,1,1,1,1,0,0.8
NHTSA_ILC_0038,RKGRScen,Illegal lane change,NHTSA-derived,fine,1,1,0,1,1,0,1,1,1,1,0,0.8
NHTSA_ILC_0039,RKGRScen,Illegal lane change,NHTSA-derived,fine,1,1,1,1,1,1,1,1,1,1,1,1
NHTSA_ILC_0040,RKGRScen,Illegal lane change,NHTSA-derived,fine,1,1,1,1,1,1,1,1,1,1,1,1
NHTSA_ILC_0041,RKGRScen,Illegal lane change,NHTSA-derived,coarse,1,1,1,1,1,1,1,1,1,1,1,1
NHTSA_ILC_0042,RKGRScen,Illegal lane change,NHTSA-derived,coarse,1,1,1,1,1,1,1,1,1,1,1,1
NHTSA_ILC_0043,RKGRScen,Illegal lane change,NHTSA-derived,coarse,1,1,1,1,1,1,1,1,1,1,1,1
NHTSA_ILC_0044,RKGRScen,Illegal lane change,NHTSA-derived,coarse,1,0,1,1,1,0,1,1,1,1,0,0.8
NHTSA_ILC_0045,RKGRScen,Illegal lane change,NHTSA-derived,coarse,0,0,1,,,,,,,,,
NHTSA_ILC_0046,RKGRScen,Illegal lane change,NHTSA-derived,coarse,1,1,1,1,1,1,1,1,1,1,1,1
NHTSA_ILC_0047,RKGRScen,Illegal lane change,NHTSA-derived,coarse,1,0,1,1,1,0,1,1,1,1,0,0.8
NHTSA_ILC_0048,RKGRScen,Illegal lane change,NHTSA-derived,coarse,1,1,1,1,1,1,1,1,1,1,1,1
NHTSA_ILC_0049,RKGRScen,Illegal lane change,NHTSA-derived,coarse,1,1,1,1,1,1,1,1,1,1,1,1
NHTSA_ILC_0050,RKGRScen,Illegal lane change,NHTSA-derived,coarse,1,0,1,1,1,1,1,1,1,1,1,1
NHTSA_ILC_0051,RKGRScen,Illegal lane change,NHTSA-derived,coarse,1,0,1,1,1,1,1,1,1,1,1,1
NHTSA_ILC_0052,RKGRScen,Illegal lane change,NHTSA-derived,coarse,1,1,1,1,1,1,1,1,1,1,1,1
NHTSA_ILC_0053,RKGRScen,Illegal lane change,NHTSA-derived,coarse,1,1,1,1,1,1,1,1,1,1,1,1
NHTSA_ILC_0054,RKGRScen,Illegal lane change,NHTSA-derived,coarse,1,1,1,1,1,1,1,1,1,1,1,1
NHTSA_ILC_0055,RKGRScen,Illegal lane change,NHTSA-derived,coarse,1,0,1,1,1,1,1,1,1,1,1,1
SYNTH_ILC_0001,RKGRScen,Illegal lane change,synthetic-topology-extension,fine,1,0,1,1,1,1,1,1,1,1,1,1
SYNTH_ILC_0002,RKGRScen,Illegal lane change,synthetic-topology-extension,fine,1,0,1,1,1,1,1,1,1,1,1,1
SYNTH_ILC_0003,RKGRScen,Illegal lane change,synthetic-topology-extension,fine,1,0,1,1,1,0,1,1,1,1,0,0.8
SYNTH_ILC_0004,RKGRScen,Illegal lane change,synthetic-topology-extension,fine,0,0,1,,,,,,,,,
SYNTH_ILC_0005,RKGRScen,Illegal lane change,synthetic-topology-extension,fine,0,0,1,,,,,,,,,
SYNTH_ILC_0006,RKGRScen,Illegal lane change,synthetic-topology-extension,fine,1,0,1,1,1,0,1,1,1,1,0,0.8
SYNTH_ILC_0007,RKGRScen,Illegal lane change,synthetic-topology-extension,fine,1,0,1,1,1,0,1,1,1,1,0,0.8
SYNTH_ILC_0008,RKGRScen,Illegal lane change,synthetic-topology-extension,fine,1,0,0,1,1,0,1,1,1,1,0,0.8
SYNTH_ILC_0009,RKGRScen,Illegal lane change,synthetic-topology-extension,fine,1,0,1,1,1,0,1,1,1,1,0,0.8
SYNTH_ILC_0010,RKGRScen,Illegal lane change,synthetic-topology-extension,fine,0,0,1,,,,,,,,,
SYNTH_ILC_0011,RKGRScen,Illegal lane change,synthetic-topology-extension,fine,1,0,0,1,1,0,1,1,1,1,0,0.8
SYNTH_ILC_0012,RKGRScen,Illegal lane change,synthetic-topology-extension,fine,1,0,1,1,1,1,1,1,1,1,1,1
SYNTH_ILC_0013,RKGRScen,Illegal lane change,synthetic-topology-extension,fine,1,0,1,1,1,1,1,1,1,1,1,1
SYNTH_ILC_0014,RKGRScen,Illegal lane change,synthetic-topology-extension,fine,0,0,1,,,,,,,,,
SYNTH_ILC_0015,RKGRScen,Illegal lane change,synthetic-topology-extension,fine,1,0,1,1,1,1,1,1,1,1,1,1
SYNTH_ILC_0016,RKGRScen,Illegal lane change,synthetic-topology-extension,fine,1,0,1,1,1,1,1,1,1,1,1,1
SYNTH_ILC_0017,RKGRScen,Illegal lane change,synthetic-topology-extension,fine,0,0,1,,,,,,,,,
SYNTH_ILC_0018,RKGRScen,Illegal lane change,synthetic-topology-extension,fine,1,0,1,1,1,1,1,1,1,1,1,1
SYNTH_ILC_0019,RKGRScen,Illegal lane change,synthetic-topology-extension,fine,1,0,1,1,1,0,1,1,1,1,0,0.8
SYNTH_ILC_0020,RKGRScen,Illegal lane change,synthetic-topology-extension,fine,1,0,1,1,1,0,1,1,1,1,0,0.8
SYNTH_ILC_0021,RKGRScen,Illegal lane change,synthetic-topology-extension,fine,1,0,1,1,1,1,1,1,1,1,1,1
SYNTH_ILC_0022,RKGRScen,Illegal lane change,synthetic-topology-extension,fine,1,0,1,1,1,0,1,1,1,1,0,0.8
NHTSA_IOT_0001,RKGRScen,Illegal overtaking,NHTSA-derived,fine,1,0,1,1,1,1,1,1,1,1,1,1
NHTSA_IOT_0002,RKGRScen,Illegal overtaking,NHTSA-derived,fine,1,1,1,1,1,1,1,1,1,1,1,1
NHTSA_IOT_0003,RKGRScen,Illegal overtaking,NHTSA-derived,fine,1,0,1,1,1,0,1,1,1,1,0,0.8
NHTSA_IOT_0004,RKGRScen,Illegal overtaking,NHTSA-derived,fine,1,1,1,1,1,1,1,1,1,1,1,1
NHTSA_IOT_0005,RKGRScen,Illegal overtaking,NHTSA-derived,fine,1,1,1,1,1,1,1,1,1,1,1,1
NHTSA_IOT_0006,RKGRScen,Illegal overtaking,NHTSA-derived,fine,1,0,1,1,1,1,1,1,1,1,1,1
NHTSA_IOT_0007,RKGRScen,Illegal overtaking,NHTSA-derived,fine,1,0,1,1,1,0,1,1,1,1,0,0.8
NHTSA_IOT_0008,RKGRScen,Illegal overtaking,NHTSA-derived,fine,1,0,1,1,1,1,1,1,1,1,1,1
NHTSA_IOT_0009,RKGRScen,Illegal overtaking,NHTSA-derived,fine,1,0,1,1,1,1,1,1,1,1,1,1
NHTSA_IOT_0010,RKGRScen,Illegal overtaking,NHTSA-derived,fine,1,0,1,1,1,1,1,1,1,1,1,1
NHTSA_IOT_0011,RKGRScen,Illegal overtaking,NHTSA-derived,fine,1,0,1,1,1,0,1,1,1,1,0,0.8
NHTSA_IOT_0012,RKGRScen,Illegal overtaking,NHTSA-derived,fine,1,1,1,1,1,1,1,1,1,1,1,1
NHTSA_IOT_0013,RKGRScen,Illegal overtaking,NHTSA-derived,fine,1,0,1,1,1,1,1,1,1,1,1,1
NHTSA_IOT_0014,RKGRScen,Illegal overtaking,NHTSA-derived,fine,1,0,1,1,1,0,1,1,1,1,0,0.8
NHTSA_IOT_0015,RKGRScen,Illegal overtaking,NHTSA-derived,fine,1,0,1,1,1,1,1,1,1,1,1,1
NHTSA_IOT_0016,RKGRScen,Illegal overtaking,NHTSA-derived,fine,1,0,1,1,1,1,1,1,1,1,1,1
NHTSA_IOT_0017,RKGRScen,Illegal overtaking,NHTSA-derived,fine,1,0,1,1,1,0,1,1,1,1,0,0.8
NHTSA_IOT_0018,RKGRScen,Illegal overtaking,NHTSA-derived,fine,1,0,1,1,1,1,1,1,1,1,0,0.9600000000000001
NHTSA_IOT_0019,RKGRScen,Illegal overtaking,NHTSA-derived,fine,1,1,1,1,1,1,1,1,1,1,1,1
NHTSA_IOT_0020,RKGRScen,Illegal overtaking,NHTSA-derived,fine,0,0,1,,,,,,,,,
NHTSA_IOT_0021,RKGRScen,Illegal overtaking,NHTSA-derived,fine,1,0,0,1,1,0,1,1,1,1,0,0.8
NHTSA_IOT_0022,RKGRScen,Illegal overtaking,NHTSA-derived,fine,1,0,1,1,1,1,1,1,1,1,1,1
NHTSA_IOT_0023,RKGRScen,Illegal overtaking,NHTSA-derived,fine,0,0,1,,,,,,,,,
NHTSA_IOT_0024,RKGRScen,Illegal overtaking,NHTSA-derived,fine,1,0,1,1,1,1,1,1,1,1,1,1
NHTSA_IOT_0025,RKGRScen,Illegal overtaking,NHTSA-derived,fine,1,0,1,1,1,1,1,1,1,1,1,1
NHTSA_IOT_0026,RKGRScen,Illegal overtaking,NHTSA-derived,fine,1,1,1,1,1,1,1,1,1,1,1,1
NHTSA_IOT_0027,RKGRScen,Illegal overtaking,NHTSA-derived,fine,0,0,1,,,,,,,,,
NHTSA_IOT_0028,RKGRScen,Illegal overtaking,NHTSA-derived,fine,1,0,1,1,1,0,1,1,1,1,0,0.8
NHTSA_IOT_0029,RKGRScen,Illegal overtaking,NHTSA-derived,fine,0,0,1,,,,,,,,,
NHTSA_IOT_0030,RKGRScen,Illegal overtaking,NHTSA-derived,fine,1,1,1,1,1,1,1,1,1,1,1,1
NHTSA_IOT_0031,RKGRScen,Illegal overtaking,NHTSA-derived,fine,1,1,1,1,1,1,1,1,1,1,1,1
NHTSA_IOT_0032,RKGRScen,Illegal overtaking,NHTSA-derived,fine,1,1,1,1,1,1,1,1,1,1,1,1
NHTSA_IOT_0033,RKGRScen,Illegal overtaking,NHTSA-derived,fine,1,0,1,1,1,0,1,1,1,1,0,0.8
NHTSA_IOT_0034,RKGRScen,Illegal overtaking,NHTSA-derived,fine,1,0,1,1,1,0,1,1,1,1,0,0.8
NHTSA_IOT_0035,RKGRScen,Illegal overtaking,NHTSA-derived,fine,1,0,1,1,1,1,1,1,1,1,1,1
NHTSA_IOT_0036,RKGRScen,Illegal overtaking,NHTSA-derived,fine,0,0,1,,,,,,,,,
NHTSA_IOT_0037,RKGRScen,Illegal overtaking,NHTSA-derived,fine,1,1,1,1,1,1,1,1,1,1,1,1
NHTSA_IOT_0038,RKGRScen,Illegal overtaking,NHTSA-derived,fine,0,0,1,,,,,,,,,
NHTSA_IOT_0039,RKGRScen,Illegal overtaking,NHTSA-derived,fine,1,0,1,1,1,0,1,1,1,1,0,0.8
NHTSA_IOT_0040,RKGRScen,Illegal overtaking,NHTSA-derived,fine,0,0,1,,,,,,,,,
NHTSA_IOT_0041,RKGRScen,Illegal overtaking,NHTSA-derived,fine,1,0,1,1,1,1,1,1,1,1,1,1
NHTSA_IOT_0042,RKGRScen,Illegal overtaking,NHTSA-derived,fine,1,1,1,1,1,1,1,1,1,1,1,1
NHTSA_IOT_0043,RKGRScen,Illegal overtaking,NHTSA-derived,fine,1,1,1,1,1,1,1,1,1,1,1,1
NHTSA_IOT_0044,RKGRScen,Illegal overtaking,NHTSA-derived,coarse,1,1,1,1,1,1,1,1,1,1,1,1
NHTSA_IOT_0045,RKGRScen,Illegal overtaking,NHTSA-derived,coarse,0,0,0,,,,,,,,,
NHTSA_IOT_0046,RKGRScen,Illegal overtaking,NHTSA-derived,coarse,0,0,1,,,,,,,,,
NHTSA_IOT_0047,RKGRScen,Illegal overtaking,NHTSA-derived,coarse,1,0,1,1,1,0,1,1,1,1,0,0.8
NHTSA_IOT_0048,RKGRScen,Illegal overtaking,NHTSA-derived,coarse,1,1,1,1,1,1,1,1,1,1,1,1
NHTSA_IOT_0049,RKGRScen,Illegal overtaking,NHTSA-derived,coarse,1,0,1,1,1,0,1,1,1,1,0,0.8
NHTSA_IOT_0050,RKGRScen,Illegal overtaking,NHTSA-derived,coarse,1,1,1,1,1,1,1,1,1,1,1,1
NHTSA_IOT_0051,RKGRScen,Illegal overtaking,NHTSA-derived,coarse,1,1,1,1,1,1,1,1,1,1,1,1
NHTSA_IOT_0052,RKGRScen,Illegal overtaking,NHTSA-derived,coarse,1,1,1,1,1,1,1,1,1,1,1,1
SYNTH_IOT_0001,RKGRScen,Illegal overtaking,synthetic-topology-extension,fine,1,0,1,1,1,1,1,1,1,1,1,1
SYNTH_IOT_0002,RKGRScen,Illegal overtaking,synthetic-topology-extension,fine,1,0,0,1,1,0,1,1,1,1,0,0.8
SYNTH_IOT_0003,RKGRScen,Illegal overtaking,synthetic-topology-extension,fine,1,0,1,1,1,0,1,1,1,1,0,0.8
SYNTH_IOT_0004,RKGRScen,Illegal overtaking,synthetic-topology-extension,fine,0,0,1,,,,,,,,,
SYNTH_IOT_0005,RKGRScen,Illegal overtaking,synthetic-topology-extension,fine,1,0,1,1,1,1,1,1,1,1,1,1
SYNTH_IOT_0006,RKGRScen,Illegal overtaking,synthetic-topology-extension,fine,1,0,1,1,1,0,1,1,1,1,0,0.8
SYNTH_IOT_0007,RKGRScen,Illegal overtaking,synthetic-topology-extension,fine,1,0,1,1,1,1,1,1,1,1,1,1
SYNTH_IOT_0008,RKGRScen,Illegal overtaking,synthetic-topology-extension,fine,1,0,1,1,1,0,1,1,1,1,0,0.8
SYNTH_IOT_0009,RKGRScen,Illegal overtaking,synthetic-topology-extension,fine,1,0,1,1,1,1,1,1,1,1,1,1
SYNTH_IOT_0010,RKGRScen,Illegal overtaking,synthetic-topology-extension,fine,1,0,1,1,1,1,1,1,1,1,1,1
SYNTH_IOT_0011,RKGRScen,Illegal overtaking,synthetic-topology-extension,fine,0,0,1,,,,,,,,,
SYNTH_IOT_0012,RKGRScen,Illegal overtaking,synthetic-topology-extension,fine,1,0,1,1,1,1,1,1,1,1,0,0.9600000000000001
SYNTH_IOT_0013,RKGRScen,Illegal overtaking,synthetic-topology-extension,fine,1,0,1,1,1,0,1,1,1,1,0,0.8
SYNTH_IOT_0014,RKGRScen,Illegal overtaking,synthetic-topology-extension,fine,1,0,1,1,1,0,1,1,1,1,0,0.8
SYNTH_IOT_0015,RKGRScen,Illegal overtaking,synthetic-topology-extension,fine,0,0,0,,,,,,,,,
NHTSA_INA_0001,Template Mapping,Inattention to the road ahead,NHTSA-derived,fine,1,1,1,1,1,1,1,1,1,1,1,1
NHTSA_INA_0002,Template Mapping,Inattention to the road ahead,NHTSA-derived,fine,1,1,0,1,1,0,1,0,1,1,0,0.68
NHTSA_INA_0003,Template Mapping,Inattention to the road ahead,NHTSA-derived,fine,1,1,0,1,1,0,1,0,1,1,0,0.68
NHTSA_INA_0004,Template Mapping,Inattention to the road ahead,NHTSA-derived,fine,1,1,1,1,1,1,1,1,1,1,1,1
NHTSA_INA_0005,Template Mapping,Inattention to the road ahead,NHTSA-derived,fine,1,1,1,1,1,1,1,1,1,1,1,1
NHTSA_INA_0006,Template Mapping,Inattention to the road ahead,NHTSA-derived,fine,1,1,0,1,1,0,1,0,1,1,0,0.68
NHTSA_INA_0007,Template Mapping,Inattention to the road ahead,NHTSA-derived,fine,1,1,1,1,1,1,1,1,1,1,1,1
NHTSA_INA_0008,Template Mapping,Inattention to the road ahead,NHTSA-derived,fine,1,1,1,1,1,1,1,1,1,1,1,1
NHTSA_INA_0009,Template Mapping,Inattention to the road ahead,NHTSA-derived,fine,1,1,1,1,1,1,1,1,1,1,1,1
NHTSA_INA_0010,Template Mapping,Inattention to the road ahead,NHTSA-derived,fine,1,1,1,1,1,1,1,1,1,1,1,1
NHTSA_INA_0011,Template Mapping,Inattention to the road ahead,NHTSA-derived,fine,1,1,1,1,1,1,1,1,1,1,1,1
NHTSA_INA_0012,Template Mapping,Inattention to the road ahead,NHTSA-derived,fine,1,1,1,1,1,1,1,1,1,1,1,1
NHTSA_INA_0013,Template Mapping,Inattention to the road ahead,NHTSA-derived,fine,1,1,1,1,1,1,1,1,1,1,1,1
NHTSA_INA_0014,Template Mapping,Inattention to the road ahead,NHTSA-derived,fine,1,1,1,1,1,1,1,1,1,1,1,1
NHTSA_INA_0015,Template Mapping,Inattention to the road ahead,NHTSA-derived,fine,1,1,0,1,1,0,1,0,1,1,0,0.68
NHTSA_INA_0016,Template Mapping,Inattention to the road ahead,NHTSA-derived,fine,1,1,0,1,1,0,1,0,1,1,0,0.68
NHTSA_INA_0017,Template Mapping,Inattention to the road ahead,NHTSA-derived,fine,1,1,1,1,1,1,1,1,1,1,1,1
NHTSA_INA_0018,Template Mapping,Inattention to the road ahead,NHTSA-derived,fine,1,1,1,1,1,1,1,1,1,1,1,1
NHTSA_INA_0019,Template Mapping,Inattention to the road ahead,NHTSA-derived,fine,1,1,0,1,1,0,1,0,1,1,0,0.68
NHTSA_INA_0020,Template Mapping,Inattention to the road ahead,NHTSA-derived,fine,1,1,1,1,1,1,1,1,1,1,1,1
NHTSA_INA_0021,Template Mapping,Inattention to the road ahead,NHTSA-derived,fine,1,1,1,1,1,1,1,1,1,1,1,1
NHTSA_INA_0022,Template Mapping,Inattention to the road ahead,NHTSA-derived,fine,1,1,0,1,1,0,1,0,1,1,0,0.68
NHTSA_INA_0023,Template Mapping,Inattention to the road ahead,NHTSA-derived,fine,1,1,1,1,1,1,1,1,1,1,1,1
NHTSA_INA_0024,Template Mapping,Inattention to the road ahead,NHTSA-derived,fine,1,1,1,1,1,0,1,1,1,1,1,0.8400000000000001
NHTSA_INA_0025,Template Mapping,Inattention to the road ahead,NHTSA-derived,fine,1,1,1,1,1,1,1,1,1,1,1,1
NHTSA_INA_0026,Template Mapping,Inattention to the road ahead,NHTSA-derived,fine,1,1,1,1,1,1,1,1,1,1,1,1
NHTSA_INA_0027,Template Mapping,Inattention to the road ahead,NHTSA-derived,fine,1,1,0,1,1,0,1,0,1,1,0,0.68
NHTSA_INA_0028,Template Mapping,Inattention to the road ahead,NHTSA-derived,fine,1,1,1,1,1,1,1,1,1,1,1,1
NHTSA_INA_0029,Template Mapping,Inattention to the road ahead,NHTSA-derived,fine,1,1,1,1,1,1,1,1,1,1,1,1
NHTSA_INA_0030,Template Mapping,Inattention to the road ahead,NHTSA-derived,fine,1,1,1,1,1,1,1,1,1,1,1,1
NHTSA_INA_0031,Template Mapping,Inattention to the road ahead,NHTSA-derived,fine,1,1,0,1,1,0,1,0,1,1,0,0.68
NHTSA_INA_0032,Template Mapping,Inattention to the road ahead,NHTSA-derived,fine,1,1,1,1,1,1,1,1,1,1,1,1
NHTSA_INA_0033,Template Mapping,Inattention to the road ahead,NHTSA-derived,fine,1,1,1,1,1,1,1,1,1,1,1,1
NHTSA_INA_0034,Template Mapping,Inattention to the road ahead,NHTSA-derived,fine,1,1,1,1,1,1,1,1,1,1,1,1
NHTSA_INA_0035,Template Mapping,Inattention to the road ahead,NHTSA-derived,fine,1,1,0,1,1,0,1,0,1,1,0,0.68
NHTSA_INA_0036,Template Mapping,Inattention to the road ahead,NHTSA-derived,fine,1,1,1,1,1,1,1,1,1,1,1,1
NHTSA_INA_0037,Template Mapping,Inattention to the road ahead,NHTSA-derived,fine,1,1,1,1,1,1,1,1,1,1,1,1
NHTSA_INA_0038,Template Mapping,Inattention to the road ahead,NHTSA-derived,fine,1,1,1,1,1,1,1,1,1,1,1,1
NHTSA_INA_0039,Template Mapping,Inattention to the road ahead,NHTSA-derived,fine,1,1,1,1,1,1,1,1,1,1,1,1
NHTSA_INA_0040,Template Mapping,Inattention to the road ahead,NHTSA-derived,fine,1,1,1,1,1,1,1,1,1,1,1,1
NHTSA_INA_0041,Template Mapping,Inattention to the road ahead,NHTSA-derived,fine,1,1,0,1,1,0,1,0,1,1,0,0.68
NHTSA_INA_0042,Template Mapping,Inattention to the road ahead,NHTSA-derived,fine,1,1,1,1,1,1,1,1,1,1,1,1
NHTSA_INA_0043,Template Mapping,Inattention to the road ahead,NHTSA-derived,fine,1,1,1,1,1,1,1,1,1,1,1,1
NHTSA_INA_0044,Template Mapping,Inattention to the road ahead,NHTSA-derived,fine,1,1,1,1,1,1,1,0,1,1,1,0.8800000000000001
NHTSA_INA_0045,Template Mapping,Inattention to the road ahead,NHTSA-derived,fine,1,1,1,1,1,0,1,1,1,1,1,0.8400000000000001
NHTSA_INA_0046,Template Mapping,Inattention to the road ahead,NHTSA-derived,fine,1,1,1,1,1,1,1,1,1,1,1,1
NHTSA_INA_0047,Template Mapping,Inattention to the road ahead,NHTSA-derived,fine,1,1,1,1,1,1,1,1,1,1,1,1
NHTSA_INA_0048,Template Mapping,Inattention to the road ahead,NHTSA-derived,fine,1,1,1,1,1,0,1,1,1,1,1,0.8400000000000001
NHTSA_INA_0049,Template Mapping,Inattention to the road ahead,NHTSA-derived,fine,1,1,1,1,1,1,1,1,1,1,1,1
NHTSA_INA_0050,Template Mapping,Inattention to the road ahead,NHTSA-derived,fine,1,1,1,1,1,1,1,1,1,1,1,1
NHTSA_INA_0051,Template Mapping,Inattention to the road ahead,NHTSA-derived,fine,1,1,0,1,1,0,1,0,1,1,0,0.68
NHTSA_INA_0052,Template Mapping,Inattention to the road ahead,NHTSA-derived,fine,1,1,1,1,1,1,1,1,1,1,1,1
NHTSA_INA_0053,Template Mapping,Inattention to the road ahead,NHTSA-derived,fine,1,1,1,1,1,1,1,1,1,1,1,1
NHTSA_INA_0054,Template Mapping,Inattention to the road ahead,NHTSA-derived,fine,1,1,1,1,1,1,1,1,1,1,1,1
NHTSA_INA_0055,Template Mapping,Inattention to the road ahead,NHTSA-derived,fine,1,1,1,1,1,1,1,1,1,1,1,1
NHTSA_INA_0056,Template Mapping,Inattention to the road ahead,NHTSA-derived,fine,1,1,1,1,1,1,1,1,1,1,1,1
NHTSA_INA_0057,Template Mapping,Inattention to the road ahead,NHTSA-derived,fine,1,1,1,1,1,1,1,1,1,1,1,1
NHTSA_INA_0058,Template Mapping,Inattention to the road ahead,NHTSA-derived,fine,1,1,0,1,1,0,1,0,1,1,0,0.68
NHTSA_INA_0059,Template Mapping,Inattention to the road ahead,NHTSA-derived,fine,1,1,1,1,1,1,1,1,1,1,1,1
NHTSA_INA_0060,Template Mapping,Inattention to the road ahead,NHTSA-derived,fine,1,1,0,1,1,0,1,0,1,1,0,0.68
NHTSA_INA_0061,Template Mapping,Inattention to the road ahead,NHTSA-derived,fine,1,1,1,1,1,1,1,1,1,1,1,1
NHTSA_INA_0062,Template Mapping,Inattention to the road ahead,NHTSA-derived,fine,1,1,1,1,1,1,1,1,1,1,1,1
NHTSA_INA_0063,Template Mapping,Inattention to the road ahead,NHTSA-derived,coarse,1,1,1,1,1,0,1,0,1,1,1,0.7200000000000001
NHTSA_INA_0064,Template Mapping,Inattention to the road ahead,NHTSA-derived,coarse,1,1,1,1,1,1,1,1,1,1,1,1
NHTSA_INA_0065,Template Mapping,Inattention to the road ahead,NHTSA-derived,coarse,1,1,1,1,1,1,1,1,1,1,1,1
NHTSA_INA_0066,Template Mapping,Inattention to the road ahead,NHTSA-derived,coarse,1,1,1,1,1,1,1,1,1,1,1,1
NHTSA_INA_0067,Template Mapping,Inattention to the road ahead,NHTSA-derived,coarse,1,1,1,1,1,1,1,1,1,1,1,1
NHTSA_INA_0068,Template Mapping,Inattention to the road ahead,NHTSA-derived,coarse,1,1,1,1,1,1,1,1,1,1,1,1
NHTSA_INA_0069,Template Mapping,Inattention to the road ahead,NHTSA-derived,coarse,1,1,1,1,1,1,1,1,1,1,1,1
NHTSA_INA_0070,Template Mapping,Inattention to the road ahead,NHTSA-derived,coarse,1,1,1,1,1,1,1,1,1,1,1,1
NHTSA_INA_0071,Template Mapping,Inattention to the road ahead,NHTSA-derived,coarse,1,1,1,1,1,1,1,1,1,1,1,1
NHTSA_INA_0072,Template Mapping,Inattention to the road ahead,NHTSA-derived,coarse,0,0,1,,,,,,,,,
NHTSA_INA_0073,Template Mapping,Inattention to the road ahead,NHTSA-derived,coarse,1,0,1,1,1,0,1,1,1,1,1,0.8400000000000001
NHTSA_INA_0074,Template Mapping,Inattention to the road ahead,NHTSA-derived,coarse,1,1,1,1,1,1,1,1,1,1,1,1
NHTSA_INA_0075,Template Mapping,Inattention to the road ahead,NHTSA-derived,coarse,0,0,1,,,,,,,,,
NHTSA_INA_0076,Template Mapping,Inattention to the road ahead,NHTSA-derived,coarse,1,1,1,1,1,1,1,1,1,1,1,1
NHTSA_INA_0077,Template Mapping,Inattention to the road ahead,NHTSA-derived,coarse,0,0,1,,,,,,,,,
NHTSA_INA_0078,Template Mapping,Inattention to the road ahead,NHTSA-derived,coarse,1,1,1,1,1,1,1,1,1,1,1,1
NHTSA_INA_0079,Template Mapping,Inattention to the road ahead,NHTSA-derived,coarse,1,1,1,1,1,1,1,1,1,1,1,1
NHTSA_INA_0080,Template Mapping,Inattention to the road ahead,NHTSA-derived,coarse,1,1,1,1,1,1,1,1,1,1,1,1
NHTSA_INA_0081,Template Mapping,Inattention to the road ahead,NHTSA-derived,coarse,1,1,1,1,1,1,1,1,1,1,1,1
NHTSA_INA_0082,Template Mapping,Inattention to the road ahead,NHTSA-derived,coarse,1,1,0,1,1,0,1,0,1,1,0,0.68
NHTSA_INA_0083,Template Mapping,Inattention to the road ahead,NHTSA-derived,coarse,1,1,1,1,1,1,1,1,1,1,1,1
NHTSA_INA_0084,Template Mapping,Inattention to the road ahead,NHTSA-derived,coarse,1,1,1,1,1,1,1,1,1,1,1,1
NHTSA_INA_0085,Template Mapping,Inattention to the road ahead,NHTSA-derived,coarse,1,1,1,1,1,1,1,1,1,1,1,1
NHTSA_INA_0086,Template Mapping,Inattention to the road ahead,NHTSA-derived,coarse,1,1,0,1,1,0,1,0,1,1,0,0.68
NHTSA_INA_0087,Template Mapping,Inattention to the road ahead,NHTSA-derived,coarse,1,1,1,1,1,1,1,1,1,1,1,1
NHTSA_INA_0088,Template Mapping,Inattention to the road ahead,NHTSA-derived,coarse,1,0,1,1,1,0,1,0,1,1,1,0.7200000000000001
NHTSA_INA_0089,Template Mapping,Inattention to the road ahead,NHTSA-derived,coarse,1,1,1,1,1,1,1,1,1,1,1,1
NHTSA_INA_0090,Template Mapping,Inattention to the road ahead,NHTSA-derived,coarse,1,1,1,1,1,1,1,1,1,1,1,1
NHTSA_INA_0091,Template Mapping,Inattention to the road ahead,NHTSA-derived,coarse,1,1,1,1,1,1,1,1,1,1,1,1
NHTSA_INA_0092,Template Mapping,Inattention to the road ahead,NHTSA-derived,coarse,1,1,1,1,1,1,1,1,1,1,1,1
NHTSA_INA_0093,Template Mapping,Inattention to the road ahead,NHTSA-derived,coarse,1,1,1,1,1,1,1,1,1,1,1,1
NHTSA_INA_0094,Template Mapping,Inattention to the road ahead,NHTSA-derived,coarse,1,1,1,1,1,1,1,1,1,1,1,1
NHTSA_INA_0095,Template Mapping,Inattention to the road ahead,NHTSA-derived,coarse,1,1,1,1,1,1,1,1,1,1,1,1
NHTSA_INA_0096,Template Mapping,Inattention to the road ahead,NHTSA-derived,coarse,1,1,1,1,1,1,1,1,1,1,1,1
NHTSA_INA_0097,Template Mapping,Inattention to the road ahead,NHTSA-derived,coarse,1,0,1,1,1,0,1,0,1,1,1,0.7200000000000001
NHTSA_INA_0098,Template Mapping,Inattention to the road ahead,NHTSA-derived,coarse,1,1,1,1,1,1,1,1,1,1,1,1
NHTSA_INA_0099,Template Mapping,Inattention to the road ahead,NHTSA-derived,coarse,1,1,1,1,1,1,1,1,1,1,1,1
NHTSA_INA_0100,Template Mapping,Inattention to the road ahead,NHTSA-derived,coarse,1,0,1,1,1,0,1,0,1,1,1,0.7200000000000001
NHTSA_INA_0101,Template Mapping,Inattention to the road ahead,NHTSA-derived,coarse,1,1,1,1,1,1,1,1,1,1,1,1
NHTSA_INA_0102,Template Mapping,Inattention to the road ahead,NHTSA-derived,coarse,1,1,1,1,1,1,1,1,1,1,1,1
NHTSA_INA_0103,Template Mapping,Inattention to the road ahead,NHTSA-derived,coarse,1,1,1,1,1,1,1,1,1,1,1,1
NHTSA_INA_0104,Template Mapping,Inattention to the road ahead,NHTSA-derived,coarse,1,1,1,1,1,1,1,1,1,1,1,1
NHTSA_INA_0105,Template Mapping,Inattention to the road ahead,NHTSA-derived,coarse,1,1,1,1,1,1,1,1,1,1,1,1
NHTSA_INA_0106,Template Mapping,Inattention to the road ahead,NHTSA-derived,coarse,1,1,1,1,1,1,1,1,1,1,1,1
NHTSA_INA_0107,Template Mapping,Inattention to the road ahead,NHTSA-derived,coarse,1,1,1,1,1,1,1,1,1,1,1,1
NHTSA_INA_0108,Template Mapping,Inattention to the road ahead,NHTSA-derived,coarse,1,1,0,1,1,0,1,0,1,1,0,0.68
NHTSA_INA_0109,Template Mapping,Inattention to the road ahead,NHTSA-derived,coarse,1,1,1,1,1,1,1,1,1,1,1,1
NHTSA_INA_0110,Template Mapping,Inattention to the road ahead,NHTSA-derived,coarse,1,0,0,1,1,0,1,0,1,1,0,0.68
NHTSA_INA_0111,Template Mapping,Inattention to the road ahead,NHTSA-derived,coarse,1,1,1,1,1,1,1,1,1,1,1,1
NHTSA_INA_0112,Template Mapping,Inattention to the road ahead,NHTSA-derived,coarse,1,1,0,1,1,0,1,0,1,1,0,0.68
NHTSA_INA_0113,Template Mapping,Inattention to the road ahead,NHTSA-derived,coarse,1,0,1,1,1,0,1,0,1,1,1,0.7200000000000001
NHTSA_INA_0114,Template Mapping,Inattention to the road ahead,NHTSA-derived,coarse,1,1,1,1,1,1,1,1,1,1,1,1
NHTSA_INA_0115,Template Mapping,Inattention to the road ahead,NHTSA-derived,coarse,1,1,1,1,1,0,1,1,1,1,1,0.8400000000000001
NHTSA_INA_0116,Template Mapping,Inattention to the road ahead,NHTSA-derived,coarse,1,1,1,1,1,1,1,1,1,1,1,1
NHTSA_INA_0117,Template Mapping,Inattention to the road ahead,NHTSA-derived,coarse,0,0,1,,,,,,,,,
NHTSA_INA_0118,Template Mapping,Inattention to the road ahead,NHTSA-derived,coarse,0,0,1,,,,,,,,,
NHTSA_INA_0119,Template Mapping,Inattention to the road ahead,NHTSA-derived,coarse,1,1,1,1,1,1,1,1,1,1,1,1
NHTSA_INA_0120,Template Mapping,Inattention to the road ahead,NHTSA-derived,coarse,0,0,1,,,,,,,,,
NHTSA_INA_0121,Template Mapping,Inattention to the road ahead,NHTSA-derived,coarse,1,1,1,1,1,1,1,1,1,1,1,1
NHTSA_INA_0122,Template Mapping,Inattention to the road ahead,NHTSA-derived,coarse,1,1,1,1,1,1,1,1,1,1,1,1
NHTSA_INA_0123,Template Mapping,Inattention to the road ahead,NHTSA-derived,coarse,1,1,1,1,1,1,1,1,1,1,1,1
NHTSA_INA_0124,Template Mapping,Inattention to the road ahead,NHTSA-derived,coarse,0,0,1,,,,,,,,,
NHTSA_INA_0125,Template Mapping,Inattention to the road ahead,NHTSA-derived,coarse,0,0,1,,,,,,,,,
NHTSA_INA_0126,Template Mapping,Inattention to the road ahead,NHTSA-derived,coarse,1,1,1,1,1,1,1,1,1,1,1,1
NHTSA_INA_0127,Template Mapping,Inattention to the road ahead,NHTSA-derived,coarse,1,1,1,1,1,0,1,1,1,1,1,0.8400000000000001
NHTSA_INA_0128,Template Mapping,Inattention to the road ahead,NHTSA-derived,coarse,1,1,1,1,1,1,1,1,1,1,1,1
NHTSA_INA_0129,Template Mapping,Inattention to the road ahead,NHTSA-derived,coarse,1,1,1,1,1,1,1,1,1,1,1,1
NHTSA_INA_0130,Template Mapping,Inattention to the road ahead,NHTSA-derived,coarse,1,1,1,1,1,1,1,1,1,1,1,1
NHTSA_INA_0131,Template Mapping,Inattention to the road ahead,NHTSA-derived,coarse,1,1,1,1,1,1,1,1,1,1,1,1
NHTSA_INA_0132,Template Mapping,Inattention to the road ahead,NHTSA-derived,coarse,1,1,1,1,1,1,1,1,1,1,1,1
NHTSA_INA_0133,Template Mapping,Inattention to the road ahead,NHTSA-derived,coarse,1,0,1,1,1,0,1,0,1,1,1,0.7200000000000001
NHTSA_INA_0134,Template Mapping,Inattention to the road ahead,NHTSA-derived,coarse,1,1,1,1,1,1,1,1,1,1,1,1
NHTSA_INA_0135,Template Mapping,Inattention to the road ahead,NHTSA-derived,coarse,1,1,1,1,1,1,1,1,1,1,1,1
NHTSA_INA_0136,Template Mapping,Inattention to the road ahead,NHTSA-derived,coarse,1,1,1,1,1,1,1,1,1,1,1,1
NHTSA_INA_0137,Template Mapping,Inattention to the road ahead,NHTSA-derived,coarse,1,1,1,1,1,1,1,1,1,1,1,1
NHTSA_INA_0138,Template Mapping,Inattention to the road ahead,NHTSA-derived,coarse,1,1,1,1,1,1,1,1,1,1,1,1
NHTSA_INA_0139,Template Mapping,Inattention to the road ahead,NHTSA-derived,coarse,1,1,1,1,1,1,1,1,1,1,1,1
NHTSA_INA_0140,Template Mapping,Inattention to the road ahead,NHTSA-derived,coarse,1,1,0,1,1,0,1,0,1,1,0,0.68
NHTSA_INA_0141,Template Mapping,Inattention to the road ahead,NHTSA-derived,coarse,1,1,1,1,1,1,1,1,1,1,1,1
NHTSA_INA_0142,Template Mapping,Inattention to the road ahead,NHTSA-derived,coarse,1,1,1,1,1,1,1,1,1,1,1,1
NHTSA_INA_0143,Template Mapping,Inattention to the road ahead,NHTSA-derived,coarse,1,1,1,1,1,1,1,1,1,1,1,1
NHTSA_INA_0144,Template Mapping,Inattention to the road ahead,NHTSA-derived,coarse,1,1,1,1,1,1,1,1,1,1,1,1
NHTSA_INA_0145,Template Mapping,Inattention to the road ahead,NHTSA-derived,coarse,1,0,1,1,1,0,1,0,1,1,1,0.7200000000000001
NHTSA_INA_0146,Template Mapping,Inattention to the road ahead,NHTSA-derived,coarse,1,1,1,1,1,1,1,1,1,1,1,1
NHTSA_INA_0147,Template Mapping,Inattention to the road ahead,NHTSA-derived,coarse,1,1,1,1,1,1,1,1,1,1,1,1
NHTSA_INA_0148,Template Mapping,Inattention to the road ahead,NHTSA-derived,coarse,1,1,0,1,1,0,1,0,1,1,0,0.68
NHTSA_INA_0149,Template Mapping,Inattention to the road ahead,NHTSA-derived,coarse,0,0,1,,,,,,,,,
NHTSA_INA_0150,Template Mapping,Inattention to the road ahead,NHTSA-derived,coarse,1,1,1,1,1,1,1,1,1,1,1,1
NHTSA_INA_0151,Template Mapping,Inattention to the road ahead,NHTSA-derived,coarse,1,1,1,1,1,1,1,1,1,1,1,1
NHTSA_INA_0152,Template Mapping,Inattention to the road ahead,NHTSA-derived,coarse,1,1,1,1,1,1,1,1,1,1,1,1
NHTSA_INA_0153,Template Mapping,Inattention to the road ahead,NHTSA-derived,coarse,1,1,0,1,1,0,1,0,1,1,0,0.68
NHTSA_INA_0154,Template Mapping,Inattention to the road ahead,NHTSA-derived,coarse,0,0,1,,,,,,,,,
NHTSA_INA_0155,Template Mapping,Inattention to the road ahead,NHTSA-derived,coarse,0,0,1,,,,,,,,,
NHTSA_INA_0156,Template Mapping,Inattention to the road ahead,NHTSA-derived,coarse,0,0,1,,,,,,,,,
NHTSA_INA_0157,Template Mapping,Inattention to the road ahead,NHTSA-derived,coarse,1,1,1,1,1,0,1,1,1,1,1,0.8400000000000001
NHTSA_INA_0158,Template Mapping,Inattention to the road ahead,NHTSA-derived,coarse,1,0,1,1,1,0,1,0,1,1,1,0.7200000000000001
NHTSA_INA_0159,Template Mapping,Inattention to the road ahead,NHTSA-derived,coarse,1,1,1,1,1,1,1,1,1,1,1,1
NHTSA_INA_0160,Template Mapping,Inattention to the road ahead,NHTSA-derived,coarse,1,0,1,1,1,0,1,0,1,1,1,0.7200000000000001
NHTSA_INA_0161,Template Mapping,Inattention to the road ahead,NHTSA-derived,coarse,0,0,1,,,,,,,,,
NHTSA_INA_0162,Template Mapping,Inattention to the road ahead,NHTSA-derived,coarse,1,1,1,1,1,1,1,0,1,1,1,0.8800000000000001
NHTSA_INA_0163,Template Mapping,Inattention to the road ahead,NHTSA-derived,coarse,1,1,1,1,1,1,1,1,1,1,1,1
NHTSA_INA_0164,Template Mapping,Inattention to the road ahead,NHTSA-derived,coarse,1,0,0,1,1,0,1,0,1,1,0,0.68
NHTSA_INA_0165,Template Mapping,Inattention to the road ahead,NHTSA-derived,coarse,1,1,1,1,1,1,1,1,1,1,1,1
NHTSA_INA_0166,Template Mapping,Inattention to the road ahead,NHTSA-derived,coarse,1,1,1,1,1,1,1,1,1,1,1,1
NHTSA_INA_0167,Template Mapping,Inattention to the road ahead,NHTSA-derived,coarse,0,0,1,,,,,,,,,
NHTSA_INA_0168,Template Mapping,Inattention to the road ahead,NHTSA-derived,coarse,1,0,1,1,1,0,1,0,1,1,1,0.7200000000000001
NHTSA_INA_0169,Template Mapping,Inattention to the road ahead,NHTSA-derived,coarse,1,1,1,1,1,1,1,1,1,1,1,1
NHTSA_INA_0170,Template Mapping,Inattention to the road ahead,NHTSA-derived,coarse,1,1,1,1,1,1,1,1,1,1,1,1
NHTSA_INA_0171,Template Mapping,Inattention to the road ahead,NHTSA-derived,coarse,1,0,0,1,1,0,1,0,1,1,0,0.68
NHTSA_INA_0172,Template Mapping,Inattention to the road ahead,NHTSA-derived,coarse,1,0,1,1,1,0,1,0,1,1,1,0.7200000000000001
NHTSA_INA_0173,Template Mapping,Inattention to the road ahead,NHTSA-derived,coarse,1,1,1,1,1,0,1,0,1,1,1,0.7200000000000001
NHTSA_INA_0174,Template Mapping,Inattention to the road ahead,NHTSA-derived,coarse,1,1,1,1,1,1,1,1,1,1,1,1
NHTSA_INA_0175,Template Mapping,Inattention to the road ahead,NHTSA-derived,coarse,1,1,1,1,1,1,1,1,1,1,1,1
NHTSA_INA_0176,Template Mapping,Inattention to the road ahead,NHTSA-derived,coarse,1,1,1,1,1,1,1,1,1,1,1,1
NHTSA_INA_0177,Template Mapping,Inattention to the road ahead,NHTSA-derived,coarse,0,0,1,,,,,,,,,
NHTSA_INA_0178,Template Mapping,Inattention to the road ahead,NHTSA-derived,coarse,1,1,1,1,1,0,1,1,1,1,1,0.8400000000000001
NHTSA_INA_0179,Template Mapping,Inattention to the road ahead,NHTSA-derived,coarse,1,1,1,1,1,1,1,1,1,1,1,1
NHTSA_INA_0180,Template Mapping,Inattention to the road ahead,NHTSA-derived,coarse,1,1,1,1,1,1,1,1,1,1,1,1
NHTSA_INA_0181,Template Mapping,Inattention to the road ahead,NHTSA-derived,coarse,0,0,1,,,,,,,,,
NHTSA_INA_0182,Template Mapping,Inattention to the road ahead,NHTSA-derived,coarse,1,1,1,1,1,1,1,1,1,1,1,1
NHTSA_INA_0183,Template Mapping,Inattention to the road ahead,NHTSA-derived,coarse,1,1,1,1,1,1,1,1,1,1,1,1
NHTSA_INA_0184,Template Mapping,Inattention to the road ahead,NHTSA-derived,coarse,1,1,1,1,1,1,1,1,1,1,1,1
NHTSA_INA_0185,Template Mapping,Inattention to the road ahead,NHTSA-derived,coarse,1,1,0,1,1,0,1,0,1,1,0,0.68
NHTSA_INA_0186,Template Mapping,Inattention to the road ahead,NHTSA-derived,coarse,1,1,1,1,1,1,1,1,1,1,1,1
NHTSA_INA_0187,Template Mapping,Inattention to the road ahead,NHTSA-derived,coarse,1,1,1,1,1,1,1,1,1,1,1,1
NHTSA_INA_0188,Template Mapping,Inattention to the road ahead,NHTSA-derived,coarse,1,1,1,1,1,0,1,1,1,1,1,0.8400000000000001
NHTSA_INA_0189,Template Mapping,Inattention to the road ahead,NHTSA-derived,coarse,1,1,1,1,1,1,1,1,1,1,1,1
NHTSA_INA_0190,Template Mapping,Inattention to the road ahead,NHTSA-derived,coarse,1,1,1,1,1,1,1,1,1,1,1,1
NHTSA_INA_0191,Template Mapping,Inattention to the road ahead,NHTSA-derived,coarse,1,1,1,1,1,1,1,1,1,1,1,1
NHTSA_INA_0192,Template Mapping,Inattention to the road ahead,NHTSA-derived,coarse,0,0,1,,,,,,,,,
NHTSA_INA_0193,Template Mapping,Inattention to the road ahead,NHTSA-derived,coarse,1,1,1,1,1,1,1,1,1,1,1,1
NHTSA_INA_0194,Template Mapping,Inattention to the road ahead,NHTSA-derived,coarse,1,1,1,1,1,1,1,1,1,1,1,1
NHTSA_INA_0195,Template Mapping,Inattention to the road ahead,NHTSA-derived,coarse,1,1,1,1,1,1,1,1,1,1,1,1
NHTSA_INA_0196,Template Mapping,Inattention to the road ahead,NHTSA-derived,coarse,1,1,1,1,1,1,1,1,1,1,1,1
NHTSA_INA_0197,Template Mapping,Inattention to the road ahead,NHTSA-derived,coarse,1,1,1,1,1,1,1,1,1,1,1,1
NHTSA_INA_0198,Template Mapping,Inattention to the road ahead,NHTSA-derived,coarse,1,1,1,1,1,1,1,1,1,1,1,1
NHTSA_INA_0199,Template Mapping,Inattention to the road ahead,NHTSA-derived,coarse,1,1,1,1,1,1,1,1,1,1,1,1
NHTSA_INA_0200,Template Mapping,Inattention to the road ahead,NHTSA-derived,coarse,1,1,0,1,1,0,1,0,1,1,0,0.68
NHTSA_INA_0201,Template Mapping,Inattention to the road ahead,NHTSA-derived,coarse,0,0,1,,,,,,,,,
NHTSA_INA_0202,Template Mapping,Inattention to the road ahead,NHTSA-derived,coarse,1,1,1,1,1,1,1,1,1,1,1,1
NHTSA_INA_0203,Template Mapping,Inattention to the road ahead,NHTSA-derived,coarse,1,1,1,1,1,1,1,1,1,1,1,1
NHTSA_INA_0204,Template Mapping,Inattention to the road ahead,NHTSA-derived,coarse,1,1,1,1,1,1,1,1,1,1,1,1
NHTSA_INA_0205,Template Mapping,Inattention to the road ahead,NHTSA-derived,coarse,1,1,1,1,1,1,1,1,1,1,1,1
NHTSA_INA_0206,Template Mapping,Inattention to the road ahead,NHTSA-derived,coarse,1,1,1,1,1,1,1,1,1,1,1,1
NHTSA_INA_0207,Template Mapping,Inattention to the road ahead,NHTSA-derived,coarse,1,0,1,1,1,0,1,0,1,1,0,0.68
NHTSA_INA_0208,Template Mapping,Inattention to the road ahead,NHTSA-derived,coarse,1,1,1,1,1,1,1,1,1,1,1,1
NHTSA_INA_0209,Template Mapping,Inattention to the road ahead,NHTSA-derived,coarse,1,1,1,1,1,1,1,1,1,1,1,1
NHTSA_INA_0210,Template Mapping,Inattention to the road ahead,NHTSA-derived,coarse,0,0,0,,,,,,,,,
NHTSA_INA_0211,Template Mapping,Inattention to the road ahead,NHTSA-derived,coarse,0,0,1,,,,,,,,,
NHTSA_INA_0212,Template Mapping,Inattention to the road ahead,NHTSA-derived,coarse,1,1,0,1,1,0,1,0,1,1,0,0.68
NHTSA_INA_0213,Template Mapping,Inattention to the road ahead,NHTSA-derived,coarse,1,1,1,1,1,1,1,1,1,1,1,1
NHTSA_INA_0214,Template Mapping,Inattention to the road ahead,NHTSA-derived,coarse,0,0,1,,,,,,,,,
NHTSA_INA_0215,Template Mapping,Inattention to the road ahead,NHTSA-derived,coarse,1,1,1,1,1,1,1,1,1,1,1,1
NHTSA_INA_0216,Template Mapping,Inattention to the road ahead,NHTSA-derived,coarse,1,1,1,1,1,1,1,1,1,1,1,1
NHTSA_INA_0217,Template Mapping,Inattention to the road ahead,NHTSA-derived,coarse,1,0,1,1,1,0,1,0,1,1,1,0.7200000000000001
NHTSA_INA_0218,Template Mapping,Inattention to the road ahead,NHTSA-derived,coarse,1,1,1,1,1,1,1,1,1,1,1,1
NHTSA_INA_0219,Template Mapping,Inattention to the road ahead,NHTSA-derived,coarse,1,1,0,1,1,0,1,0,1,1,0,0.68
NHTSA_INA_0220,Template Mapping,Inattention to the road ahead,NHTSA-derived,coarse,1,1,1,1,1,1,1,1,1,1,1,1
NHTSA_INA_0221,Template Mapping,Inattention to the road ahead,NHTSA-derived,coarse,1,1,1,1,1,1,1,1,1,1,1,1
NHTSA_INA_0222,Template Mapping,Inattention to the road ahead,NHTSA-derived,coarse,1,1,1,1,1,1,1,1,1,1,1,1
NHTSA_INA_0223,Template Mapping,Inattention to the road ahead,NHTSA-derived,coarse,1,1,1,1,1,1,1,1,1,1,1,1
NHTSA_INA_0224,Template Mapping,Inattention to the road ahead,NHTSA-derived,coarse,1,1,1,1,1,1,1,1,1,1,1,1
NHTSA_INA_0225,Template Mapping,Inattention to the road ahead,NHTSA-derived,coarse,1,1,1,1,1,1,1,1,1,1,1,1
NHTSA_INA_0226,Template Mapping,Inattention to the road ahead,NHTSA-derived,coarse,1,1,1,1,1,1,1,1,1,1,1,1
NHTSA_INA_0227,Template Mapping,Inattention to the road ahead,NHTSA-derived,coarse,1,1,0,1,1,0,1,0,1,1,0,0.68
NHTSA_INA_0228,Template Mapping,Inattention to the road ahead,NHTSA-derived,coarse,1,1,1,1,1,1,1,1,1,1,1,1
NHTSA_INA_0229,Template Mapping,Inattention to the road ahead,NHTSA-derived,coarse,1,1,1,1,1,1,1,1,1,1,1,1
NHTSA_INA_0230,Template Mapping,Inattention to the road ahead,NHTSA-derived,coarse,1,1,0,1,1,0,1,0,1,1,0,0.68
NHTSA_INA_0231,Template Mapping,Inattention to the road ahead,NHTSA-derived,coarse,1,1,1,1,1,1,1,1,1,1,1,1
NHTSA_INA_0232,Template Mapping,Inattention to the road ahead,NHTSA-derived,coarse,1,1,1,1,1,1,1,1,1,1,1,1
NHTSA_INA_0233,Template Mapping,Inattention to the road ahead,NHTSA-derived,coarse,1,1,1,1,1,1,1,1,1,1,1,1
NHTSA_INA_0234,Template Mapping,Inattention to the road ahead,NHTSA-derived,coarse,0,0,1,,,,,,,,,
NHTSA_INA_0235,Template Mapping,Inattention to the road ahead,NHTSA-derived,coarse,1,1,1,1,1,1,1,1,1,1,1,1
NHTSA_INA_0236,Template Mapping,Inattention to the road ahead,NHTSA-derived,coarse,1,1,1,1,1,1,1,1,1,1,1,1
NHTSA_INA_0237,Template Mapping,Inattention to the road ahead,NHTSA-derived,coarse,1,1,1,1,1,0,1,1,1,1,1,0.8400000000000001
NHTSA_INA_0238,Template Mapping,Inattention to the road ahead,NHTSA-derived,coarse,1,1,1,1,1,1,1,1,1,1,1,1
NHTSA_INA_0239,Template Mapping,Inattention to the road ahead,NHTSA-derived,coarse,1,1,1,1,1,1,1,1,1,1,1,1
NHTSA_INA_0240,Template Mapping,Inattention to the road ahead,NHTSA-derived,coarse,1,1,1,1,1,1,1,1,1,1,1,1
NHTSA_INA_0241,Template Mapping,Inattention to the road ahead,NHTSA-derived,coarse,1,1,1,1,1,1,1,1,1,1,1,1
NHTSA_INA_0242,Template Mapping,Inattention to the road ahead,NHTSA-derived,coarse,1,1,1,1,1,1,1,1,1,1,1,1
NHTSA_INA_0243,Template Mapping,Inattention to the road ahead,NHTSA-derived,coarse,0,0,1,,,,,,,,,
NHTSA_INA_0244,Template Mapping,Inattention to the road ahead,NHTSA-derived,coarse,1,1,1,1,1,1,1,1,1,1,1,1
NHTSA_INA_0245,Template Mapping,Inattention to the road ahead,NHTSA-derived,coarse,1,1,1,1,1,1,1,1,1,1,1,1
NHTSA_INA_0246,Template Mapping,Inattention to the road ahead,NHTSA-derived,coarse,1,0,1,1,1,0,1,0,1,1,1,0.7200000000000001
NHTSA_INA_0247,Template Mapping,Inattention to the road ahead,NHTSA-derived,coarse,1,1,1,1,1,1,1,1,1,1,1,1
NHTSA_INA_0248,Template Mapping,Inattention to the road ahead,NHTSA-derived,coarse,1,1,1,1,1,1,1,1,1,1,1,1
NHTSA_INA_0249,Template Mapping,Inattention to the road ahead,NHTSA-derived,coarse,1,1,1,1,1,1,1,1,1,1,1,1
NHTSA_INA_0250,Template Mapping,Inattention to the road ahead,NHTSA-derived,coarse,1,1,1,1,1,1,1,1,1,1,1,1
NHTSA_INA_0251,Template Mapping,Inattention to the road ahead,NHTSA-derived,coarse,1,1,1,1,1,1,1,1,1,1,1,1
NHTSA_INA_0252,Template Mapping,Inattention to the road ahead,NHTSA-derived,coarse,1,1,1,1,1,1,1,1,1,1,1,1
NHTSA_INA_0253,Template Mapping,Inattention to the road ahead,NHTSA-derived,coarse,1,1,1,1,1,1,1,1,1,1,1,1
NHTSA_INA_0254,Template Mapping,Inattention to the road ahead,NHTSA-derived,coarse,1,1,1,1,1,1,1,1,1,1,1,1
NHTSA_INA_0255,Template Mapping,Inattention to the road ahead,NHTSA-derived,coarse,1,1,1,1,1,1,1,1,1,1,1,1
NHTSA_INA_0256,Template Mapping,Inattention to the road ahead,NHTSA-derived,coarse,1,1,1,1,1,0,1,0,1,1,1,0.7200000000000001
NHTSA_INA_0257,Template Mapping,Inattention to the road ahead,NHTSA-derived,coarse,1,1,1,1,1,0,1,0,1,1,1,0.7200000000000001
NHTSA_INA_0258,Template Mapping,Inattention to the road ahead,NHTSA-derived,coarse,1,1,0,1,1,0,1,0,1,1,0,0.68
NHTSA_INA_0259,Template Mapping,Inattention to the road ahead,NHTSA-derived,coarse,1,1,1,1,1,1,1,1,1,1,1,1
NHTSA_INA_0260,Template Mapping,Inattention to the road ahead,NHTSA-derived,coarse,1,1,1,1,1,0,1,0,1,1,1,0.7200000000000001
NHTSA_INA_0261,Template Mapping,Inattention to the road ahead,NHTSA-derived,coarse,1,1,1,1,1,1,1,1,1,1,1,1
NHTSA_INA_0262,Template Mapping,Inattention to the road ahead,NHTSA-derived,coarse,1,1,1,1,1,1,1,1,1,1,1,1
NHTSA_INA_0263,Template Mapping,Inattention to the road ahead,NHTSA-derived,coarse,1,1,1,1,1,1,1,1,1,1,1,1
NHTSA_INA_0264,Template Mapping,Inattention to the road ahead,NHTSA-derived,coarse,1,1,0,1,1,0,1,0,1,1,0,0.68
NHTSA_INA_0265,Template Mapping,Inattention to the road ahead,NHTSA-derived,coarse,0,0,1,,,,,,,,,
NHTSA_INA_0266,Template Mapping,Inattention to the road ahead,NHTSA-derived,coarse,1,1,1,1,1,1,1,1,1,1,1,1
NHTSA_INA_0267,Template Mapping,Inattention to the road ahead,NHTSA-derived,coarse,1,1,1,1,1,1,1,1,1,1,1,1
NHTSA_INA_0268,Template Mapping,Inattention to the road ahead,NHTSA-derived,coarse,1,1,1,1,1,1,1,1,1,1,1,1
NHTSA_INA_0269,Template Mapping,Inattention to the road ahead,NHTSA-derived,coarse,1,1,1,1,1,0,1,0,1,1,1,0.7200000000000001
NHTSA_INA_0270,Template Mapping,Inattention to the road ahead,NHTSA-derived,coarse,1,1,1,1,1,1,1,1,1,1,1,1
NHTSA_INA_0271,Template Mapping,Inattention to the road ahead,NHTSA-derived,coarse,1,0,1,1,1,0,1,0,1,1,1,0.7200000000000001
NHTSA_INA_0272,Template Mapping,Inattention to the road ahead,NHTSA-derived,coarse,1,0,1,1,1,0,1,0,1,1,1,0.7200000000000001
NHTSA_INA_0273,Template Mapping,Inattention to the road ahead,NHTSA-derived,coarse,1,0,1,1,1,0,1,0,1,1,1,0.7200000000000001
NHTSA_INA_0274,Template Mapping,Inattention to the road ahead,NHTSA-derived,coarse,1,0,1,1,1,0,1,0,1,1,0,0.68
NHTSA_INA_0275,Template Mapping,Inattention to the road ahead,NHTSA-derived,coarse,1,1,1,1,1,1,1,1,1,1,1,1
NHTSA_INA_0276,Template Mapping,Inattention to the road ahead,NHTSA-derived,coarse,1,1,1,1,1,1,1,1,1,1,1,1
NHTSA_INA_0277,Template Mapping,Inattention to the road ahead,NHTSA-derived,coarse,1,1,1,1,1,1,1,1,1,1,1,1
NHTSA_INA_0278,Template Mapping,Inattention to the road ahead,NHTSA-derived,coarse,1,1,1,1,1,1,1,1,1,1,1,1
NHTSA_INA_0279,Template Mapping,Inattention to the road ahead,NHTSA-derived,coarse,1,1,1,1,1,1,1,1,1,1,1,1
NHTSA_INA_0280,Template Mapping,Inattention to the road ahead,NHTSA-derived,coarse,1,1,1,1,1,1,1,1,1,1,1,1
NHTSA_INA_0281,Template Mapping,Inattention to the road ahead,NHTSA-derived,coarse,1,1,1,1,1,1,1,1,1,1,1,1
NHTSA_INA_0282,Template Mapping,Inattention to the road ahead,NHTSA-derived,coarse,1,1,1,1,1,1,1,1,1,1,1,1
NHTSA_INA_0283,Template Mapping,Inattention to the road ahead,NHTSA-derived,coarse,1,1,1,1,1,1,1,1,1,1,1,1
NHTSA_INA_0284,Template Mapping,Inattention to the road ahead,NHTSA-derived,coarse,1,1,1,1,1,1,1,1,1,1,1,1
NHTSA_INA_0285,Template Mapping,Inattention to the road ahead,NHTSA-derived,coarse,1,1,1,1,1,1,1,1,1,1,1,1
NHTSA_INA_0286,Template Mapping,Inattention to the road ahead,NHTSA-derived,coarse,1,0,1,1,1,0,1,0,1,1,1,0.7200000000000001
NHTSA_INA_0287,Template Mapping,Inattention to the road ahead,NHTSA-derived,coarse,0,0,1,,,,,,,,,
NHTSA_INA_0288,Template Mapping,Inattention to the road ahead,NHTSA-derived,coarse,1,0,1,1,1,0,1,0,1,1,0,0.68
NHTSA_INA_0289,Template Mapping,Inattention to the road ahead,NHTSA-derived,coarse,0,0,1,,,,,,,,,
NHTSA_INA_0290,Template Mapping,Inattention to the road ahead,NHTSA-derived,coarse,1,1,0,1,1,0,1,0,1,1,0,0.68
NHTSA_INA_0291,Template Mapping,Inattention to the road ahead,NHTSA-derived,coarse,1,1,1,1,1,1,1,1,1,1,1,1
NHTSA_INA_0292,Template Mapping,Inattention to the road ahead,NHTSA-derived,coarse,1,1,0,1,1,0,1,0,1,1,0,0.68
NHTSA_INA_0293,Template Mapping,Inattention to the road ahead,NHTSA-derived,coarse,1,1,1,1,1,1,1,1,1,1,1,1
NHTSA_INA_0294,Template Mapping,Inattention to the road ahead,NHTSA-derived,coarse,1,1,1,1,1,1,1,1,1,1,1,1
NHTSA_INA_0295,Template Mapping,Inattention to the road ahead,NHTSA-derived,coarse,1,1,1,1,1,1,1,1,1,1,1,1
NHTSA_INA_0296,Template Mapping,Inattention to the road ahead,NHTSA-derived,coarse,1,1,1,1,1,1,1,1,1,1,1,1
NHTSA_INA_0297,Template Mapping,Inattention to the road ahead,NHTSA-derived,coarse,1,1,1,1,1,1,1,1,1,1,1,1
NHTSA_INA_0298,Template Mapping,Inattention to the road ahead,NHTSA-derived,coarse,1,1,1,1,1,1,1,1,1,1,1,1
NHTSA_INA_0299,Template Mapping,Inattention to the road ahead,NHTSA-derived,coarse,1,1,1,1,1,1,1,1,1,1,1,1
NHTSA_INA_0300,Template Mapping,Inattention to the road ahead,NHTSA-derived,coarse,1,1,1,1,1,1,1,1,1,1,1,1
NHTSA_INA_0301,Template Mapping,Inattention to the road ahead,NHTSA-derived,coarse,1,1,1,1,1,1,1,1,1,1,1,1
NHTSA_INA_0302,Template Mapping,Inattention to the road ahead,NHTSA-derived,coarse,1,1,1,1,1,1,1,1,1,1,1,1
NHTSA_INA_0303,Template Mapping,Inattention to the road ahead,NHTSA-derived,coarse,1,1,1,1,1,1,1,1,1,1,1,1
NHTSA_INA_0304,Template Mapping,Inattention to the road ahead,NHTSA-derived,coarse,1,1,1,1,1,1,1,1,1,1,1,1
NHTSA_INA_0305,Template Mapping,Inattention to the road ahead,NHTSA-derived,coarse,1,1,1,1,1,1,1,1,1,1,1,1
NHTSA_INA_0306,Template Mapping,Inattention to the road ahead,NHTSA-derived,coarse,1,0,1,1,1,0,1,0,1,1,0,0.68
NHTSA_INA_0307,Template Mapping,Inattention to the road ahead,NHTSA-derived,coarse,1,1,1,1,1,1,1,1,1,1,1,1
NHTSA_INA_0308,Template Mapping,Inattention to the road ahead,NHTSA-derived,coarse,1,1,1,1,1,1,1,1,1,1,1,1
NHTSA_INA_0309,Template Mapping,Inattention to the road ahead,NHTSA-derived,coarse,1,1,1,1,1,1,1,1,1,1,1,1
NHTSA_INA_0310,Template Mapping,Inattention to the road ahead,NHTSA-derived,coarse,1,1,1,1,1,1,1,1,1,1,1,1
NHTSA_INA_0311,Template Mapping,Inattention to the road ahead,NHTSA-derived,coarse,1,1,1,1,1,1,1,1,1,1,1,1
NHTSA_INA_0312,Template Mapping,Inattention to the road ahead,NHTSA-derived,coarse,1,1,1,1,1,1,1,1,1,1,1,1
NHTSA_INA_0313,Template Mapping,Inattention to the road ahead,NHTSA-derived,coarse,1,1,1,1,1,1,1,1,1,1,1,1
NHTSA_INA_0314,Template Mapping,Inattention to the road ahead,NHTSA-derived,coarse,1,1,1,1,1,1,1,1,1,1,1,1
NHTSA_INA_0315,Template Mapping,Inattention to the road ahead,NHTSA-derived,coarse,1,0,1,1,1,0,1,0,1,1,0,0.68
NHTSA_INA_0316,Template Mapping,Inattention to the road ahead,NHTSA-derived,coarse,1,1,1,1,1,1,1,1,1,1,1,1
NHTSA_INA_0317,Template Mapping,Inattention to the road ahead,NHTSA-derived,coarse,1,1,1,1,1,1,1,1,1,1,1,1
NHTSA_INA_0318,Template Mapping,Inattention to the road ahead,NHTSA-derived,coarse,0,0,0,,,,,,,,,
NHTSA_INA_0319,Template Mapping,Inattention to the road ahead,NHTSA-derived,coarse,1,1,0,1,1,0,1,0,1,1,0,0.68
NHTSA_INA_0320,Template Mapping,Inattention to the road ahead,NHTSA-derived,coarse,0,0,1,,,,,,,,,
NHTSA_INA_0321,Template Mapping,Inattention to the road ahead,NHTSA-derived,coarse,1,1,1,1,1,1,1,1,1,1,1,1
NHTSA_INA_0322,Template Mapping,Inattention to the road ahead,NHTSA-derived,coarse,1,1,1,1,1,1,1,1,1,1,1,1
NHTSA_INA_0323,Template Mapping,Inattention to the road ahead,NHTSA-derived,coarse,1,1,0,1,1,0,1,0,1,1,0,0.68
NHTSA_INA_0324,Template Mapping,Inattention to the road ahead,NHTSA-derived,coarse,1,1,0,1,1,0,1,0,1,1,0,0.68
NHTSA_INA_0325,Template Mapping,Inattention to the road ahead,NHTSA-derived,coarse,1,1,1,1,1,1,1,1,1,1,1,1
NHTSA_INA_0326,Template Mapping,Inattention to the road ahead,NHTSA-derived,coarse,1,1,1,1,1,1,1,1,1,1,1,1
NHTSA_INA_0327,Template Mapping,Inattention to the road ahead,NHTSA-derived,coarse,1,1,1,1,1,1,1,1,1,1,1,1
NHTSA_INA_0328,Template Mapping,Inattention to the road ahead,NHTSA-derived,coarse,1,1,1,1,1,1,1,1,1,1,1,1
NHTSA_INA_0329,Template Mapping,Inattention to the road ahead,NHTSA-derived,coarse,1,1,1,1,1,1,1,1,1,1,1,1
NHTSA_INA_0330,Template Mapping,Inattention to the road ahead,NHTSA-derived,coarse,1,1,1,1,1,1,1,1,1,1,1,1
NHTSA_INA_0331,Template Mapping,Inattention to the road ahead,NHTSA-derived,coarse,1,1,0,1,1,0,1,0,1,1,0,0.68
NHTSA_INA_0332,Template Mapping,Inattention to the road ahead,NHTSA-derived,coarse,1,1,1,1,1,1,1,1,1,1,1,1
NHTSA_INA_0333,Template Mapping,Inattention to the road ahead,NHTSA-derived,coarse,0,0,1,,,,,,,,,
NHTSA_INA_0334,Template Mapping,Inattention to the road ahead,NHTSA-derived,coarse,0,0,1,,,,,,,,,
NHTSA_INA_0335,Template Mapping,Inattention to the road ahead,NHTSA-derived,coarse,1,1,1,1,1,1,1,1,1,1,1,1
NHTSA_INA_0336,Template Mapping,Inattention to the road ahead,NHTSA-derived,coarse,1,1,1,1,1,1,1,1,1,1,1,1
NHTSA_INA_0337,Template Mapping,Inattention to the road ahead,NHTSA-derived,coarse,1,1,0,1,1,0,1,0,1,1,0,0.68
NHTSA_INA_0338,Template Mapping,Inattention to the road ahead,NHTSA-derived,coarse,1,1,0,1,1,0,1,0,1,1,0,0.68
NHTSA_INA_0339,Template Mapping,Inattention to the road ahead,NHTSA-derived,coarse,1,0,1,1,1,0,1,0,1,1,1,0.7200000000000001
NHTSA_INA_0340,Template Mapping,Inattention to the road ahead,NHTSA-derived,coarse,0,0,1,,,,,,,,,
NHTSA_INA_0341,Template Mapping,Inattention to the road ahead,NHTSA-derived,coarse,1,1,1,1,1,1,1,1,1,1,1,1
NHTSA_INA_0342,Template Mapping,Inattention to the road ahead,NHTSA-derived,coarse,1,1,1,1,1,1,1,1,1,1,1,1
NHTSA_INA_0343,Template Mapping,Inattention to the road ahead,NHTSA-derived,coarse,1,1,1,1,1,1,1,0,1,1,1,0.8800000000000001
NHTSA_INA_0344,Template Mapping,Inattention to the road ahead,NHTSA-derived,coarse,1,1,1,1,1,1,1,1,1,1,1,1
NHTSA_INA_0345,Template Mapping,Inattention to the road ahead,NHTSA-derived,coarse,1,1,1,1,1,1,1,1,1,1,1,1
NHTSA_INA_0346,Template Mapping,Inattention to the road ahead,NHTSA-derived,coarse,1,1,1,1,1,1,1,1,1,1,1,1
NHTSA_INA_0347,Template Mapping,Inattention to the road ahead,NHTSA-derived,coarse,0,0,1,,,,,,,,,
NHTSA_INA_0348,Template Mapping,Inattention to the road ahead,NHTSA-derived,coarse,1,0,1,1,1,0,1,0,1,1,1,0.7200000000000001
NHTSA_INA_0349,Template Mapping,Inattention to the road ahead,NHTSA-derived,coarse,0,0,0,,,,,,,,,
NHTSA_INA_0350,Template Mapping,Inattention to the road ahead,NHTSA-derived,coarse,1,1,1,1,1,1,1,1,1,1,1,1
NHTSA_INA_0351,Template Mapping,Inattention to the road ahead,NHTSA-derived,coarse,0,0,1,,,,,,,,,
NHTSA_INA_0352,Template Mapping,Inattention to the road ahead,NHTSA-derived,coarse,1,1,1,1,1,1,1,1,1,1,1,1
NHTSA_INA_0353,Template Mapping,Inattention to the road ahead,NHTSA-derived,coarse,1,1,1,1,1,1,1,1,1,1,1,1
NHTSA_INA_0354,Template Mapping,Inattention to the road ahead,NHTSA-derived,coarse,1,1,1,1,1,0,1,1,1,1,1,0.8400000000000001
NHTSA_INA_0355,Template Mapping,Inattention to the road ahead,NHTSA-derived,coarse,0,0,1,,,,,,,,,
NHTSA_INA_0356,Template Mapping,Inattention to the road ahead,NHTSA-derived,coarse,1,1,1,1,1,1,1,1,1,1,1,1
NHTSA_INA_0357,Template Mapping,Inattention to the road ahead,NHTSA-derived,coarse,1,1,0,1,1,0,1,0,1,1,0,0.68
NHTSA_INA_0358,Template Mapping,Inattention to the road ahead,NHTSA-derived,coarse,1,1,1,1,1,1,1,1,1,1,1,1
NHTSA_INA_0359,Template Mapping,Inattention to the road ahead,NHTSA-derived,coarse,1,1,1,1,1,1,1,1,1,1,1,1
NHTSA_INA_0360,Template Mapping,Inattention to the road ahead,NHTSA-derived,coarse,0,0,0,,,,,,,,,
NHTSA_INA_0361,Template Mapping,Inattention to the road ahead,NHTSA-derived,coarse,1,1,1,1,1,1,1,1,1,1,1,1
NHTSA_INA_0362,Template Mapping,Inattention to the road ahead,NHTSA-derived,coarse,1,1,1,1,1,1,1,1,1,1,1,1
NHTSA_INA_0363,Template Mapping,Inattention to the road ahead,NHTSA-derived,coarse,1,1,1,1,1,1,1,1,1,1,1,1
NHTSA_INA_0364,Template Mapping,Inattention to the road ahead,NHTSA-derived,coarse,1,1,1,1,1,1,1,1,1,1,1,1
NHTSA_INA_0365,Template Mapping,Inattention to the road ahead,NHTSA-derived,coarse,1,1,1,1,1,1,1,1,1,1,1,1
NHTSA_INA_0366,Template Mapping,Inattention to the road ahead,NHTSA-derived,coarse,1,1,0,1,1,0,1,0,1,1,0,0.68
NHTSA_INA_0367,Template Mapping,Inattention to the road ahead,NHTSA-derived,coarse,1,1,0,1,1,0,1,0,1,1,0,0.68
NHTSA_INA_0368,Template Mapping,Inattention to the road ahead,NHTSA-derived,coarse,1,1,1,1,1,1,1,1,1,1,1,1
NHTSA_INA_0369,Template Mapping,Inattention to the road ahead,NHTSA-derived,coarse,0,0,1,,,,,,,,,
NHTSA_INA_0370,Template Mapping,Inattention to the road ahead,NHTSA-derived,coarse,1,1,1,1,1,1,1,1,1,1,1,1
NHTSA_INA_0371,Template Mapping,Inattention to the road ahead,NHTSA-derived,coarse,1,1,1,1,1,1,1,1,1,1,1,1
NHTSA_INA_0372,Template Mapping,Inattention to the road ahead,NHTSA-derived,coarse,0,0,1,,,,,,,,,
NHTSA_INA_0373,Template Mapping,Inattention to the road ahead,NHTSA-derived,coarse,1,1,1,1,1,1,1,1,1,1,1,1
NHTSA_INA_0374,Template Mapping,Inattention to the road ahead,NHTSA-derived,coarse,0,0,1,,,,,,,,,
NHTSA_INA_0375,Template Mapping,Inattention to the road ahead,NHTSA-derived,coarse,1,1,1,1,1,1,1,1,1,1,1,1
NHTSA_INA_0376,Template Mapping,Inattention to the road ahead,NHTSA-derived,coarse,1,1,0,1,1,0,1,0,1,1,0,0.68
NHTSA_INA_0377,Template Mapping,Inattention to the road ahead,NHTSA-derived,coarse,1,0,1,1,1,0,1,0,1,1,1,0.7200000000000001
NHTSA_INA_0378,Template Mapping,Inattention to the road ahead,NHTSA-derived,coarse,1,1,1,1,1,1,1,1,1,1,1,1
NHTSA_INA_0379,Template Mapping,Inattention to the road ahead,NHTSA-derived,coarse,1,1,1,1,1,1,1,1,1,1,1,1
NHTSA_INA_0380,Template Mapping,Inattention to the road ahead,NHTSA-derived,coarse,1,1,1,1,1,1,1,1,1,1,1,1
NHTSA_INA_0381,Template Mapping,Inattention to the road ahead,NHTSA-derived,coarse,1,1,1,1,1,1,1,1,1,1,1,1
NHTSA_INA_0382,Template Mapping,Inattention to the road ahead,NHTSA-derived,coarse,1,1,1,1,1,1,1,1,1,1,1,1
NHTSA_INA_0383,Template Mapping,Inattention to the road ahead,NHTSA-derived,coarse,1,1,0,1,1,0,1,0,1,1,0,0.68
NHTSA_INA_0384,Template Mapping,Inattention to the road ahead,NHTSA-derived,coarse,1,1,1,1,1,1,1,1,1,1,1,1
NHTSA_INA_0385,Template Mapping,Inattention to the road ahead,NHTSA-derived,coarse,1,1,1,1,1,1,1,1,1,1,1,1
NHTSA_INA_0386,Template Mapping,Inattention to the road ahead,NHTSA-derived,coarse,1,1,1,1,1,0,1,1,1,1,1,0.8400000000000001
NHTSA_INA_0387,Template Mapping,Inattention to the road ahead,NHTSA-derived,coarse,1,1,1,1,1,1,1,1,1,1,1,1
NHTSA_INA_0388,Template Mapping,Inattention to the road ahead,NHTSA-derived,coarse,1,1,1,1,1,1,1,1,1,1,1,1
NHTSA_INA_0389,Template Mapping,Inattention to the road ahead,NHTSA-derived,coarse,1,1,1,1,1,1,1,1,1,1,1,1
NHTSA_INA_0390,Template Mapping,Inattention to the road ahead,NHTSA-derived,coarse,1,1,1,1,1,1,1,1,1,1,1,1
NHTSA_INA_0391,Template Mapping,Inattention to the road ahead,NHTSA-derived,coarse,1,1,1,1,1,1,1,1,1,1,1,1
NHTSA_INA_0392,Template Mapping,Inattention to the road ahead,NHTSA-derived,coarse,1,1,1,1,1,1,1,1,1,1,1,1
NHTSA_INA_0393,Template Mapping,Inattention to the road ahead,NHTSA-derived,coarse,1,1,1,1,1,1,1,1,1,1,1,1
NHTSA_INA_0394,Template Mapping,Inattention to the road ahead,NHTSA-derived,coarse,1,1,1,1,1,1,1,1,1,1,1,1
NHTSA_INA_0395,Template Mapping,Inattention to the road ahead,NHTSA-derived,coarse,1,1,1,1,1,1,1,1,1,1,1,1
NHTSA_INA_0396,Template Mapping,Inattention to the road ahead,NHTSA-derived,coarse,1,1,1,1,1,1,1,1,1,1,1,1
NHTSA_INA_0397,Template Mapping,Inattention to the road ahead,NHTSA-derived,coarse,1,1,1,1,1,1,1,1,1,1,1,1
NHTSA_INA_0398,Template Mapping,Inattention to the road ahead,NHTSA-derived,coarse,1,1,1,1,1,1,1,1,1,1,1,1
NHTSA_INA_0399,Template Mapping,Inattention to the road ahead,NHTSA-derived,coarse,1,1,1,1,1,0,1,1,1,1,1,0.8400000000000001
NHTSA_INA_0400,Template Mapping,Inattention to the road ahead,NHTSA-derived,coarse,1,1,1,1,1,1,1,1,1,1,1,1
NHTSA_INA_0401,Template Mapping,Inattention to the road ahead,NHTSA-derived,coarse,1,0,1,1,1,0,1,0,1,1,0,0.68
NHTSA_INA_0402,Template Mapping,Inattention to the road ahead,NHTSA-derived,coarse,1,0,1,1,1,0,1,0,1,1,0,0.68
NHTSA_INA_0403,Template Mapping,Inattention to the road ahead,NHTSA-derived,coarse,1,1,1,1,1,1,1,1,1,1,1,1
NHTSA_INA_0404,Template Mapping,Inattention to the road ahead,NHTSA-derived,coarse,1,0,1,1,1,0,1,0,1,1,0,0.68
NHTSA_INA_0405,Template Mapping,Inattention to the road ahead,NHTSA-derived,coarse,1,1,1,1,1,1,1,1,1,1,1,1
NHTSA_INA_0406,Template Mapping,Inattention to the road ahead,NHTSA-derived,coarse,1,1,1,1,1,1,1,1,1,1,1,1
NHTSA_INA_0407,Template Mapping,Inattention to the road ahead,NHTSA-derived,coarse,1,1,1,1,1,1,1,1,1,1,1,1
NHTSA_INA_0408,Template Mapping,Inattention to the road ahead,NHTSA-derived,coarse,0,0,1,,,,,,,,,
NHTSA_INA_0409,Template Mapping,Inattention to the road ahead,NHTSA-derived,coarse,1,1,1,1,1,1,1,1,1,1,1,1
NHTSA_INA_0410,Template Mapping,Inattention to the road ahead,NHTSA-derived,coarse,1,1,1,1,1,1,1,1,1,1,1,1
NHTSA_INA_0411,Template Mapping,Inattention to the road ahead,NHTSA-derived,coarse,1,1,1,1,1,1,1,1,1,1,1,1
NHTSA_INA_0412,Template Mapping,Inattention to the road ahead,NHTSA-derived,coarse,0,0,0,,,,,,,,,
NHTSA_INA_0413,Template Mapping,Inattention to the road ahead,NHTSA-derived,coarse,1,1,1,1,1,1,1,1,1,1,1,1
NHTSA_INA_0414,Template Mapping,Inattention to the road ahead,NHTSA-derived,coarse,0,0,1,,,,,,,,,
NHTSA_INA_0415,Template Mapping,Inattention to the road ahead,NHTSA-derived,coarse,1,1,1,1,1,1,1,1,1,1,1,1
NHTSA_INA_0416,Template Mapping,Inattention to the road ahead,NHTSA-derived,coarse,1,1,1,1,1,1,1,1,1,1,1,1
NHTSA_INA_0417,Template Mapping,Inattention to the road ahead,NHTSA-derived,coarse,1,1,1,1,1,1,1,1,1,1,1,1
NHTSA_INA_0418,Template Mapping,Inattention to the road ahead,NHTSA-derived,coarse,1,1,0,1,1,0,1,0,1,1,0,0.68
NHTSA_INA_0419,Template Mapping,Inattention to the road ahead,NHTSA-derived,coarse,1,1,1,1,1,1,1,1,1,1,1,1
NHTSA_INA_0420,Template Mapping,Inattention to the road ahead,NHTSA-derived,coarse,1,1,1,1,1,1,1,1,1,1,1,1
NHTSA_INA_0421,Template Mapping,Inattention to the road ahead,NHTSA-derived,coarse,1,1,1,1,1,1,1,1,1,1,1,1
NHTSA_INA_0422,Template Mapping,Inattention to the road ahead,NHTSA-derived,coarse,1,0,1,1,1,0,1,0,1,1,1,0.7200000000000001
NHTSA_INA_0423,Template Mapping,Inattention to the road ahead,NHTSA-derived,coarse,1,1,0,1,1,0,1,0,1,1,0,0.68
NHTSA_INA_0424,Template Mapping,Inattention to the road ahead,NHTSA-derived,coarse,1,1,1,1,1,1,1,1,1,1,1,1
NHTSA_INA_0425,Template Mapping,Inattention to the road ahead,NHTSA-derived,coarse,1,1,1,1,1,1,1,1,1,1,1,1
NHTSA_INA_0426,Template Mapping,Inattention to the road ahead,NHTSA-derived,coarse,1,1,0,1,1,0,1,0,1,1,0,0.68
NHTSA_INA_0427,Template Mapping,Inattention to the road ahead,NHTSA-derived,coarse,1,1,1,1,1,1,1,1,1,1,1,1
NHTSA_INA_0428,Template Mapping,Inattention to the road ahead,NHTSA-derived,coarse,1,1,1,1,1,1,1,1,1,1,1,1
NHTSA_INA_0429,Template Mapping,Inattention to the road ahead,NHTSA-derived,coarse,1,1,1,1,1,1,1,1,1,1,1,1
NHTSA_INA_0430,Template Mapping,Inattention to the road ahead,NHTSA-derived,coarse,1,1,1,1,1,1,1,1,1,1,1,1
NHTSA_INA_0431,Template Mapping,Inattention to the road ahead,NHTSA-derived,coarse,1,1,1,1,1,1,1,1,1,1,1,1
NHTSA_INA_0432,Template Mapping,Inattention to the road ahead,NHTSA-derived,coarse,1,1,0,1,1,0,1,0,1,1,0,0.68
NHTSA_INA_0433,Template Mapping,Inattention to the road ahead,NHTSA-derived,coarse,0,0,1,,,,,,,,,
NHTSA_INA_0434,Template Mapping,Inattention to the road ahead,NHTSA-derived,coarse,1,1,1,1,1,1,1,1,1,1,1,1
NHTSA_INA_0435,Template Mapping,Inattention to the road ahead,NHTSA-derived,coarse,1,1,1,1,1,1,1,1,1,1,1,1
NHTSA_INA_0436,Template Mapping,Inattention to the road ahead,NHTSA-derived,coarse,1,1,1,1,1,1,1,1,1,1,1,1
NHTSA_INA_0437,Template Mapping,Inattention to the road ahead,NHTSA-derived,coarse,1,1,1,1,1,1,1,1,1,1,1,1
NHTSA_INA_0438,Template Mapping,Inattention to the road ahead,NHTSA-derived,coarse,1,1,1,1,1,1,1,1,1,1,1,1
NHTSA_INA_0439,Template Mapping,Inattention to the road ahead,NHTSA-derived,coarse,1,1,1,1,1,1,1,1,1,1,1,1
NHTSA_INA_0440,Template Mapping,Inattention to the road ahead,NHTSA-derived,coarse,1,0,1,1,1,0,1,0,1,1,0,0.68
NHTSA_INA_0441,Template Mapping,Inattention to the road ahead,NHTSA-derived,coarse,1,1,1,1,1,1,1,1,1,1,1,1
NHTSA_INA_0442,Template Mapping,Inattention to the road ahead,NHTSA-derived,coarse,1,1,1,1,1,1,1,1,1,1,1,1
NHTSA_INA_0443,Template Mapping,Inattention to the road ahead,NHTSA-derived,coarse,1,0,0,1,1,0,1,0,1,1,0,0.68
NHTSA_INA_0444,Template Mapping,Inattention to the road ahead,NHTSA-derived,coarse,0,0,1,,,,,,,,,
NHTSA_INA_0445,Template Mapping,Inattention to the road ahead,NHTSA-derived,coarse,1,1,1,1,1,1,1,1,1,1,1,1
NHTSA_INA_0446,Template Mapping,Inattention to the road ahead,NHTSA-derived,coarse,1,1,1,1,1,1,1,1,1,1,1,1
NHTSA_INA_0447,Template Mapping,Inattention to the road ahead,NHTSA-derived,coarse,1,1,1,1,1,1,1,1,1,1,1,1
NHTSA_INA_0448,Template Mapping,Inattention to the road ahead,NHTSA-derived,coarse,1,1,1,1,1,1,1,1,1,1,1,1
NHTSA_INA_0449,Template Mapping,Inattention to the road ahead,NHTSA-derived,coarse,1,1,1,1,1,1,1,1,1,1,1,1
NHTSA_INA_0450,Template Mapping,Inattention to the road ahead,NHTSA-derived,coarse,1,1,1,1,1,1,1,1,1,1,1,1
NHTSA_INA_0451,Template Mapping,Inattention to the road ahead,NHTSA-derived,coarse,1,1,1,1,1,1,1,1,1,1,1,1
NHTSA_INA_0452,Template Mapping,Inattention to the road ahead,NHTSA-derived,coarse,1,1,1,1,1,1,1,1,1,1,1,1
NHTSA_INA_0453,Template Mapping,Inattention to the road ahead,NHTSA-derived,coarse,1,1,1,1,1,1,1,1,1,1,1,1
NHTSA_INA_0454,Template Mapping,Inattention to the road ahead,NHTSA-derived,coarse,1,1,1,1,1,1,1,1,1,1,1,1
NHTSA_INA_0455,Template Mapping,Inattention to the road ahead,NHTSA-derived,coarse,0,0,1,,,,,,,,,
NHTSA_INA_0456,Template Mapping,Inattention to the road ahead,NHTSA-derived,coarse,1,1,1,1,1,1,1,1,1,1,1,1
NHTSA_INA_0457,Template Mapping,Inattention to the road ahead,NHTSA-derived,coarse,1,1,1,1,1,1,1,1,1,1,1,1
NHTSA_INA_0458,Template Mapping,Inattention to the road ahead,NHTSA-derived,coarse,1,1,1,1,1,1,1,1,1,1,1,1
NHTSA_INA_0459,Template Mapping,Inattention to the road ahead,NHTSA-derived,coarse,1,1,1,1,1,1,1,0,1,1,1,0.8800000000000001
NHTSA_INA_0460,Template Mapping,Inattention to the road ahead,NHTSA-derived,coarse,1,1,1,1,1,1,1,1,1,1,1,1
NHTSA_INA_0461,Template Mapping,Inattention to the road ahead,NHTSA-derived,coarse,1,1,1,1,1,1,1,1,1,1,1,1
NHTSA_INA_0462,Template Mapping,Inattention to the road ahead,NHTSA-derived,coarse,1,0,1,1,1,0,1,0,1,1,1,0.7200000000000001
NHTSA_INA_0463,Template Mapping,Inattention to the road ahead,NHTSA-derived,coarse,1,1,1,1,1,1,1,1,1,1,1,1
NHTSA_INA_0464,Template Mapping,Inattention to the road ahead,NHTSA-derived,coarse,0,0,1,,,,,,,,,
NHTSA_INA_0465,Template Mapping,Inattention to the road ahead,NHTSA-derived,coarse,1,1,1,1,1,1,1,1,1,1,1,1
NHTSA_INA_0466,Template Mapping,Inattention to the road ahead,NHTSA-derived,coarse,1,1,1,1,1,1,1,1,1,1,1,1
NHTSA_INA_0467,Template Mapping,Inattention to the road ahead,NHTSA-derived,coarse,1,1,1,1,1,0,1,1,1,1,1,0.8400000000000001
NHTSA_INA_0468,Template Mapping,Inattention to the road ahead,NHTSA-derived,coarse,1,1,1,1,1,1,1,1,1,1,1,1
NHTSA_INA_0469,Template Mapping,Inattention to the road ahead,NHTSA-derived,coarse,0,0,1,,,,,,,,,
NHTSA_INA_0470,Template Mapping,Inattention to the road ahead,NHTSA-derived,coarse,1,1,0,1,1,0,1,0,1,1,0,0.68
NHTSA_INA_0471,Template Mapping,Inattention to the road ahead,NHTSA-derived,coarse,1,1,1,1,1,1,1,1,1,1,1,1
NHTSA_INA_0472,Template Mapping,Inattention to the road ahead,NHTSA-derived,coarse,1,1,1,1,1,1,1,1,1,1,1,1
NHTSA_INA_0473,Template Mapping,Inattention to the road ahead,NHTSA-derived,coarse,1,1,1,1,1,1,1,1,1,1,1,1
NHTSA_INA_0474,Template Mapping,Inattention to the road ahead,NHTSA-derived,coarse,1,1,1,1,1,1,1,1,1,1,1,1
NHTSA_INA_0475,Template Mapping,Inattention to the road ahead,NHTSA-derived,coarse,1,1,1,1,1,1,1,1,1,1,1,1
NHTSA_INA_0476,Template Mapping,Inattention to the road ahead,NHTSA-derived,coarse,1,0,1,1,1,0,1,0,1,1,1,0.7200000000000001
NHTSA_INA_0477,Template Mapping,Inattention to the road ahead,NHTSA-derived,coarse,1,1,1,1,1,1,1,1,1,1,1,1
NHTSA_INA_0478,Template Mapping,Inattention to the road ahead,NHTSA-derived,coarse,1,1,1,1,1,0,1,0,1,1,1,0.7200000000000001
NHTSA_INA_0479,Template Mapping,Inattention to the road ahead,NHTSA-derived,coarse,1,1,1,1,1,1,1,1,1,1,1,1
NHTSA_INA_0480,Template Mapping,Inattention to the road ahead,NHTSA-derived,coarse,0,0,1,,,,,,,,,
NHTSA_INA_0481,Template Mapping,Inattention to the road ahead,NHTSA-derived,coarse,1,1,1,1,1,1,1,1,1,1,1,1
NHTSA_INA_0482,Template Mapping,Inattention to the road ahead,NHTSA-derived,coarse,1,0,1,1,1,0,1,0,1,1,1,0.7200000000000001
NHTSA_INA_0483,Template Mapping,Inattention to the road ahead,NHTSA-derived,coarse,1,1,1,1,1,1,1,1,1,1,1,1
NHTSA_INA_0484,Template Mapping,Inattention to the road ahead,NHTSA-derived,coarse,1,1,1,1,1,1,1,1,1,1,1,1
NHTSA_INA_0485,Template Mapping,Inattention to the road ahead,NHTSA-derived,coarse,0,0,1,,,,,,,,,
NHTSA_INA_0486,Template Mapping,Inattention to the road ahead,NHTSA-derived,coarse,1,1,1,1,1,1,1,1,1,1,1,1
NHTSA_INA_0487,Template Mapping,Inattention to the road ahead,NHTSA-derived,coarse,0,0,0,,,,,,,,,
NHTSA_INA_0488,Template Mapping,Inattention to the road ahead,NHTSA-derived,coarse,1,1,1,1,1,1,1,1,1,1,1,1
NHTSA_INA_0489,Template Mapping,Inattention to the road ahead,NHTSA-derived,coarse,1,1,1,1,1,1,1,1,1,1,1,1
NHTSA_INA_0490,Template Mapping,Inattention to the road ahead,NHTSA-derived,coarse,1,1,1,1,1,1,1,1,1,1,1,1
NHTSA_INA_0491,Template Mapping,Inattention to the road ahead,NHTSA-derived,coarse,1,0,1,1,1,0,1,0,1,1,0,0.68
NHTSA_INA_0492,Template Mapping,Inattention to the road ahead,NHTSA-derived,coarse,1,1,1,1,1,1,1,1,1,1,1,1
NHTSA_INA_0493,Template Mapping,Inattention to the road ahead,NHTSA-derived,coarse,1,1,1,1,1,1,1,1,1,1,1,1
NHTSA_INA_0494,Template Mapping,Inattention to the road ahead,NHTSA-derived,coarse,1,1,1,1,1,1,1,1,1,1,1,1
NHTSA_INA_0495,Template Mapping,Inattention to the road ahead,NHTSA-derived,coarse,1,0,0,1,1,0,1,0,1,1,0,0.68
NHTSA_INA_0496,Template Mapping,Inattention to the road ahead,NHTSA-derived,coarse,1,1,1,1,1,0,1,0,1,1,1,0.7200000000000001
NHTSA_INA_0497,Template Mapping,Inattention to the road ahead,NHTSA-derived,coarse,1,1,1,1,1,1,1,0,1,1,1,0.8800000000000001
NHTSA_INA_0498,Template Mapping,Inattention to the road ahead,NHTSA-derived,coarse,1,1,1,1,1,1,1,1,1,1,1,1
NHTSA_INA_0499,Template Mapping,Inattention to the road ahead,NHTSA-derived,coarse,0,0,1,,,,,,,,,
NHTSA_INA_0500,Template Mapping,Inattention to the road ahead,NHTSA-derived,coarse,1,1,1,1,1,1,1,1,1,1,1,1
NHTSA_INA_0501,Template Mapping,Inattention to the road ahead,NHTSA-derived,coarse,1,1,1,1,1,1,1,1,1,1,1,1
NHTSA_INA_0502,Template Mapping,Inattention to the road ahead,NHTSA-derived,coarse,1,1,1,1,1,1,1,1,1,1,1,1
NHTSA_INA_0503,Template Mapping,Inattention to the road ahead,NHTSA-derived,coarse,1,1,1,1,1,1,1,1,1,1,1,1
NHTSA_INA_0504,Template Mapping,Inattention to the road ahead,NHTSA-derived,coarse,1,1,1,1,1,1,1,1,1,1,1,1
NHTSA_INA_0505,Template Mapping,Inattention to the road ahead,NHTSA-derived,coarse,1,1,1,1,1,1,1,1,1,1,1,1
NHTSA_INA_0506,Template Mapping,Inattention to the road ahead,NHTSA-derived,coarse,1,1,1,1,1,1,1,1,1,1,1,1
NHTSA_INA_0507,Template Mapping,Inattention to the road ahead,NHTSA-derived,coarse,1,1,1,1,1,1,1,1,1,1,1,1
NHTSA_INA_0508,Template Mapping,Inattention to the road ahead,NHTSA-derived,coarse,0,0,1,,,,,,,,,
NHTSA_INA_0509,Template Mapping,Inattention to the road ahead,NHTSA-derived,coarse,1,1,1,1,1,1,1,1,1,1,1,1
NHTSA_INA_0510,Template Mapping,Inattention to the road ahead,NHTSA-derived,coarse,1,1,1,1,1,1,1,1,1,1,1,1
NHTSA_INA_0511,Template Mapping,Inattention to the road ahead,NHTSA-derived,coarse,1,1,1,1,1,1,1,1,1,1,1,1
NHTSA_INA_0512,Template Mapping,Inattention to the road ahead,NHTSA-derived,coarse,1,1,1,1,1,1,1,1,1,1,1,1
NHTSA_INA_0513,Template Mapping,Inattention to the road ahead,NHTSA-derived,coarse,1,1,1,1,1,1,1,1,1,1,1,1
NHTSA_INA_0514,Template Mapping,Inattention to the road ahead,NHTSA-derived,coarse,1,1,1,1,1,1,1,1,1,1,1,1
NHTSA_INA_0515,Template Mapping,Inattention to the road ahead,NHTSA-derived,coarse,1,1,0,1,1,0,1,0,1,1,0,0.68
NHTSA_INA_0516,Template Mapping,Inattention to the road ahead,NHTSA-derived,coarse,1,1,1,1,1,1,1,1,1,1,1,1
NHTSA_INA_0517,Template Mapping,Inattention to the road ahead,NHTSA-derived,coarse,1,1,1,1,1,1,1,1,1,1,1,1
NHTSA_INA_0518,Template Mapping,Inattention to the road ahead,NHTSA-derived,coarse,1,0,1,1,1,0,1,0,1,1,1,0.7200000000000001
NHTSA_INA_0519,Template Mapping,Inattention to the road ahead,NHTSA-derived,coarse,1,1,0,1,1,0,1,0,1,1,0,0.68
NHTSA_INA_0520,Template Mapping,Inattention to the road ahead,NHTSA-derived,coarse,0,0,1,,,,,,,,,
NHTSA_INA_0521,Template Mapping,Inattention to the road ahead,NHTSA-derived,coarse,1,1,1,1,1,1,1,1,1,1,1,1
NHTSA_INA_0522,Template Mapping,Inattention to the road ahead,NHTSA-derived,coarse,1,1,1,1,1,1,1,1,1,1,1,1
NHTSA_INA_0523,Template Mapping,Inattention to the road ahead,NHTSA-derived,coarse,1,1,1,1,1,1,1,1,1,1,1,1
NHTSA_INA_0524,Template Mapping,Inattention to the road ahead,NHTSA-derived,coarse,1,1,1,1,1,1,1,1,1,1,1,1
NHTSA_INA_0525,Template Mapping,Inattention to the road ahead,NHTSA-derived,coarse,1,1,1,1,1,1,1,1,1,1,1,1
NHTSA_INA_0526,Template Mapping,Inattention to the road ahead,NHTSA-derived,coarse,1,1,1,1,1,1,1,1,1,1,1,1
NHTSA_INA_0527,Template Mapping,Inattention to the road ahead,NHTSA-derived,coarse,1,1,1,1,1,1,1,1,1,1,1,1
NHTSA_INA_0528,Template Mapping,Inattention to the road ahead,NHTSA-derived,coarse,1,1,1,1,1,1,1,0,1,1,1,0.8800000000000001
NHTSA_INA_0529,Template Mapping,Inattention to the road ahead,NHTSA-derived,coarse,0,0,1,,,,,,,,,
NHTSA_INA_0530,Template Mapping,Inattention to the road ahead,NHTSA-derived,coarse,1,1,1,1,1,1,1,1,1,1,1,1
NHTSA_INA_0531,Template Mapping,Inattention to the road ahead,NHTSA-derived,coarse,1,1,1,1,1,1,1,1,1,1,1,1
NHTSA_INA_0532,Template Mapping,Inattention to the road ahead,NHTSA-derived,coarse,1,1,1,1,1,1,1,1,1,1,1,1
NHTSA_INA_0533,Template Mapping,Inattention to the road ahead,NHTSA-derived,coarse,1,1,0,1,1,0,1,0,1,1,0,0.68
NHTSA_INA_0534,Template Mapping,Inattention to the road ahead,NHTSA-derived,coarse,1,1,1,1,1,1,1,1,1,1,1,1
NHTSA_INA_0535,Template Mapping,Inattention to the road ahead,NHTSA-derived,coarse,1,1,1,1,1,1,1,1,1,1,1,1
NHTSA_INA_0536,Template Mapping,Inattention to the road ahead,NHTSA-derived,coarse,1,1,1,1,1,1,1,1,1,1,1,1
NHTSA_INA_0537,Template Mapping,Inattention to the road ahead,NHTSA-derived,coarse,1,1,0,1,1,0,1,0,1,1,0,0.68
NHTSA_INA_0538,Template Mapping,Inattention to the road ahead,NHTSA-derived,coarse,1,1,1,1,1,1,1,1,1,1,1,1
NHTSA_INA_0539,Template Mapping,Inattention to the road ahead,NHTSA-derived,coarse,1,1,0,1,1,0,1,0,1,1,0,0.68
NHTSA_INA_0540,Template Mapping,Inattention to the road ahead,NHTSA-derived,coarse,1,1,1,1,1,1,1,1,1,1,1,1
NHTSA_INA_0541,Template Mapping,Inattention to the road ahead,NHTSA-derived,coarse,1,1,1,1,1,1,1,1,1,1,1,1
NHTSA_INA_0542,Template Mapping,Inattention to the road ahead,NHTSA-derived,coarse,1,1,1,1,1,1,1,1,1,1,1,1
NHTSA_INA_0543,Template Mapping,Inattention to the road ahead,NHTSA-derived,coarse,1,1,1,1,1,1,1,1,1,1,1,1
NHTSA_INA_0544,Template Mapping,Inattention to the road ahead,NHTSA-derived,coarse,1,1,1,1,1,1,1,1,1,1,1,1
NHTSA_INA_0545,Template Mapping,Inattention to the road ahead,NHTSA-derived,coarse,1,1,1,1,1,1,1,1,1,1,1,1
NHTSA_INA_0546,Template Mapping,Inattention to the road ahead,NHTSA-derived,coarse,1,1,1,1,1,1,1,1,1,1,1,1
NHTSA_INA_0547,Template Mapping,Inattention to the road ahead,NHTSA-derived,coarse,1,1,1,1,1,1,1,1,1,1,1,1
NHTSA_INA_0548,Template Mapping,Inattention to the road ahead,NHTSA-derived,coarse,1,0,1,1,1,0,1,0,1,1,1,0.7200000000000001
NHTSA_INA_0549,Template Mapping,Inattention to the road ahead,NHTSA-derived,coarse,1,1,1,1,1,1,1,1,1,1,1,1
NHTSA_INA_0550,Template Mapping,Inattention to the road ahead,NHTSA-derived,coarse,1,1,1,1,1,1,1,1,1,1,1,1
NHTSA_INA_0551,Template Mapping,Inattention to the road ahead,NHTSA-derived,coarse,1,1,1,1,1,1,1,1,1,1,1,1
NHTSA_INA_0552,Template Mapping,Inattention to the road ahead,NHTSA-derived,coarse,1,1,1,1,1,1,1,1,1,1,1,1
NHTSA_INA_0553,Template Mapping,Inattention to the road ahead,NHTSA-derived,coarse,0,0,1,,,,,,,,,
NHTSA_INA_0554,Template Mapping,Inattention to the road ahead,NHTSA-derived,coarse,1,1,1,1,1,1,1,1,1,1,1,1
NHTSA_INA_0555,Template Mapping,Inattention to the road ahead,NHTSA-derived,coarse,1,1,1,1,1,1,1,1,1,1,1,1
NHTSA_INA_0556,Template Mapping,Inattention to the road ahead,NHTSA-derived,coarse,1,1,1,1,1,1,1,1,1,1,1,1
NHTSA_INA_0557,Template Mapping,Inattention to the road ahead,NHTSA-derived,coarse,1,1,1,1,1,1,1,1,1,1,1,1
NHTSA_INA_0558,Template Mapping,Inattention to the road ahead,NHTSA-derived,coarse,1,0,1,1,1,0,1,0,1,1,1,0.7200000000000001
NHTSA_INA_0559,Template Mapping,Inattention to the road ahead,NHTSA-derived,coarse,1,1,1,1,1,1,1,1,1,1,1,1
NHTSA_INA_0560,Template Mapping,Inattention to the road ahead,NHTSA-derived,coarse,1,1,0,1,1,0,1,0,1,1,0,0.68
NHTSA_INA_0561,Template Mapping,Inattention to the road ahead,NHTSA-derived,coarse,1,1,1,1,1,1,1,1,1,1,1,1
NHTSA_INA_0562,Template Mapping,Inattention to the road ahead,NHTSA-derived,coarse,1,1,1,1,1,1,1,1,1,1,1,1
NHTSA_INA_0563,Template Mapping,Inattention to the road ahead,NHTSA-derived,coarse,1,1,1,1,1,1,1,1,1,1,1,1
NHTSA_INA_0564,Template Mapping,Inattention to the road ahead,NHTSA-derived,coarse,1,1,1,1,1,1,1,1,1,1,1,1
NHTSA_INA_0565,Template Mapping,Inattention to the road ahead,NHTSA-derived,coarse,1,1,1,1,1,1,1,1,1,1,1,1
NHTSA_INA_0566,Template Mapping,Inattention to the road ahead,NHTSA-derived,coarse,1,1,1,1,1,0,1,1,1,1,1,0.8400000000000001
NHTSA_INA_0567,Template Mapping,Inattention to the road ahead,NHTSA-derived,coarse,1,0,1,1,1,0,1,0,1,1,1,0.7200000000000001
NHTSA_INA_0568,Template Mapping,Inattention to the road ahead,NHTSA-derived,coarse,1,1,1,1,1,1,1,1,1,1,1,1
NHTSA_INA_0569,Template Mapping,Inattention to the road ahead,NHTSA-derived,coarse,0,0,0,,,,,,,,,
NHTSA_INA_0570,Template Mapping,Inattention to the road ahead,NHTSA-derived,coarse,1,1,1,1,1,1,1,1,1,1,1,1
NHTSA_INA_0571,Template Mapping,Inattention to the road ahead,NHTSA-derived,coarse,1,1,1,1,1,1,1,1,1,1,1,1
NHTSA_INA_0572,Template Mapping,Inattention to the road ahead,NHTSA-derived,coarse,1,1,0,1,1,0,1,0,1,1,0,0.68
NHTSA_INA_0573,Template Mapping,Inattention to the road ahead,NHTSA-derived,coarse,1,1,1,1,1,1,1,1,1,1,1,1
NHTSA_INA_0574,Template Mapping,Inattention to the road ahead,NHTSA-derived,coarse,1,1,1,1,1,1,1,1,1,1,1,1
NHTSA_INA_0575,Template Mapping,Inattention to the road ahead,NHTSA-derived,coarse,0,0,1,,,,,,,,,
NHTSA_INA_0576,Template Mapping,Inattention to the road ahead,NHTSA-derived,coarse,1,0,1,1,1,0,1,0,1,1,1,0.7200000000000001
NHTSA_INA_0577,Template Mapping,Inattention to the road ahead,NHTSA-derived,coarse,0,0,1,,,,,,,,,
NHTSA_INA_0578,Template Mapping,Inattention to the road ahead,NHTSA-derived,coarse,1,1,1,1,1,1,1,1,1,1,1,1
NHTSA_INA_0579,Template Mapping,Inattention to the road ahead,NHTSA-derived,coarse,1,1,1,1,1,1,1,1,1,1,1,1
NHTSA_INA_0580,Template Mapping,Inattention to the road ahead,NHTSA-derived,coarse,1,1,1,1,1,0,1,1,1,1,1,0.8400000000000001
NHTSA_INA_0581,Template Mapping,Inattention to the road ahead,NHTSA-derived,coarse,1,1,1,1,1,1,1,1,1,1,1,1
NHTSA_INA_0582,Template Mapping,Inattention to the road ahead,NHTSA-derived,coarse,1,1,0,1,1,0,1,0,1,1,0,0.68
NHTSA_INA_0583,Template Mapping,Inattention to the road ahead,NHTSA-derived,coarse,1,1,1,1,1,1,1,1,1,1,1,1
NHTSA_INA_0584,Template Mapping,Inattention to the road ahead,NHTSA-derived,coarse,1,1,1,1,1,1,1,1,1,1,1,1
NHTSA_INA_0585,Template Mapping,Inattention to the road ahead,NHTSA-derived,coarse,1,1,1,1,1,1,1,1,1,1,1,1
NHTSA_INA_0586,Template Mapping,Inattention to the road ahead,NHTSA-derived,coarse,1,1,1,1,1,1,1,1,1,1,1,1
NHTSA_INA_0587,Template Mapping,Inattention to the road ahead,NHTSA-derived,coarse,1,1,1,1,1,0,1,0,1,1,1,0.7200000000000001
NHTSA_INA_0588,Template Mapping,Inattention to the road ahead,NHTSA-derived,coarse,0,0,1,,,,,,,,,
NHTSA_INA_0589,Template Mapping,Inattention to the road ahead,NHTSA-derived,coarse,1,1,0,1,1,0,1,0,1,1,0,0.68
NHTSA_INA_0590,Template Mapping,Inattention to the road ahead,NHTSA-derived,coarse,1,1,1,1,1,1,1,1,1,1,1,1
NHTSA_INA_0591,Template Mapping,Inattention to the road ahead,NHTSA-derived,coarse,1,1,1,1,1,1,1,1,1,1,1,1
NHTSA_INA_0592,Template Mapping,Inattention to the road ahead,NHTSA-derived,coarse,1,1,1,1,1,0,1,1,1,1,1,0.8400000000000001
NHTSA_INA_0593,Template Mapping,Inattention to the road ahead,NHTSA-derived,coarse,1,1,1,1,1,1,1,1,1,1,1,1
NHTSA_INA_0594,Template Mapping,Inattention to the road ahead,NHTSA-derived,coarse,1,1,1,1,1,1,1,1,1,1,1,1
NHTSA_INA_0595,Template Mapping,Inattention to the road ahead,NHTSA-derived,coarse,1,1,1,1,1,0,1,0,1,1,1,0.7200000000000001
NHTSA_INA_0596,Template Mapping,Inattention to the road ahead,NHTSA-derived,coarse,1,1,0,1,1,0,1,0,1,1,0,0.68
NHTSA_INA_0597,Template Mapping,Inattention to the road ahead,NHTSA-derived,coarse,1,1,1,1,1,1,1,1,1,1,1,1
NHTSA_INA_0598,Template Mapping,Inattention to the road ahead,NHTSA-derived,coarse,1,1,1,1,1,1,1,1,1,1,1,1
NHTSA_INA_0599,Template Mapping,Inattention to the road ahead,NHTSA-derived,coarse,1,0,1,1,1,0,1,0,1,1,0,0.68
NHTSA_INA_0600,Template Mapping,Inattention to the road ahead,NHTSA-derived,coarse,1,1,1,1,1,1,1,1,1,1,1,1
NHTSA_INA_0601,Template Mapping,Inattention to the road ahead,NHTSA-derived,coarse,1,1,1,1,1,1,1,1,1,1,1,1
NHTSA_INA_0602,Template Mapping,Inattention to the road ahead,NHTSA-derived,coarse,1,1,1,1,1,1,1,1,1,1,1,1
NHTSA_INA_0603,Template Mapping,Inattention to the road ahead,NHTSA-derived,coarse,1,1,1,1,1,1,1,1,1,1,1,1
NHTSA_INA_0604,Template Mapping,Inattention to the road ahead,NHTSA-derived,coarse,1,1,1,1,1,1,1,1,1,1,1,1
NHTSA_INA_0605,Template Mapping,Inattention to the road ahead,NHTSA-derived,coarse,1,1,1,1,1,1,1,1,1,1,1,1
NHTSA_INA_0606,Template Mapping,Inattention to the road ahead,NHTSA-derived,coarse,1,1,1,1,1,1,1,1,1,1,1,1
NHTSA_INA_0607,Template Mapping,Inattention to the road ahead,NHTSA-derived,coarse,1,1,1,1,1,1,1,1,1,1,1,1
NHTSA_INA_0608,Template Mapping,Inattention to the road ahead,NHTSA-derived,coarse,0,0,1,,,,,,,,,
NHTSA_INA_0609,Template Mapping,Inattention to the road ahead,NHTSA-derived,coarse,1,1,1,1,1,1,1,1,1,1,1,1
NHTSA_INA_0610,Template Mapping,Inattention to the road ahead,NHTSA-derived,coarse,1,1,1,1,1,0,1,1,1,1,1,0.8400000000000001
NHTSA_INA_0611,Template Mapping,Inattention to the road ahead,NHTSA-derived,coarse,1,1,1,1,1,1,1,1,1,1,1,1
NHTSA_INA_0612,Template Mapping,Inattention to the road ahead,NHTSA-derived,coarse,1,1,1,1,1,1,1,1,1,1,1,1
NHTSA_INA_0613,Template Mapping,Inattention to the road ahead,NHTSA-derived,coarse,1,1,1,1,1,1,1,1,1,1,1,1
NHTSA_INA_0614,Template Mapping,Inattention to the road ahead,NHTSA-derived,coarse,1,1,1,1,1,1,1,1,1,1,1,1
NHTSA_INA_0615,Template Mapping,Inattention to the road ahead,NHTSA-derived,coarse,1,1,1,1,1,1,1,1,1,1,1,1
NHTSA_INA_0616,Template Mapping,Inattention to the road ahead,NHTSA-derived,coarse,1,1,0,1,1,0,1,0,1,1,0,0.68
NHTSA_INA_0617,Template Mapping,Inattention to the road ahead,NHTSA-derived,coarse,1,1,1,1,1,1,1,1,1,1,1,1
NHTSA_INA_0618,Template Mapping,Inattention to the road ahead,NHTSA-derived,coarse,1,1,1,1,1,1,1,1,1,1,1,1
NHTSA_INA_0619,Template Mapping,Inattention to the road ahead,NHTSA-derived,coarse,1,1,1,1,1,1,1,1,1,1,1,1
NHTSA_INA_0620,Template Mapping,Inattention to the road ahead,NHTSA-derived,coarse,1,1,1,1,1,1,1,1,1,1,1,1
NHTSA_INA_0621,Template Mapping,Inattention to the road ahead,NHTSA-derived,coarse,1,1,1,1,1,1,1,1,1,1,1,1
NHTSA_INA_0622,Template Mapping,Inattention to the road ahead,NHTSA-derived,coarse,1,1,1,1,1,1,1,1,1,1,1,1
NHTSA_INA_0623,Template Mapping,Inattention to the road ahead,NHTSA-derived,coarse,1,1,1,1,1,1,1,1,1,1,1,1
NHTSA_INA_0624,Template Mapping,Inattention to the road ahead,NHTSA-derived,coarse,1,1,1,1,1,1,1,1,1,1,1,1
NHTSA_INA_0625,Template Mapping,Inattention to the road ahead,NHTSA-derived,coarse,1,1,1,1,1,1,1,1,1,1,1,1
NHTSA_INA_0626,Template Mapping,Inattention to the road ahead,NHTSA-derived,coarse,1,1,1,1,1,1,1,1,1,1,1,1
NHTSA_INA_0627,Template Mapping,Inattention to the road ahead,NHTSA-derived,coarse,1,1,0,1,1,0,1,0,1,1,0,0.68
NHTSA_INA_0628,Template Mapping,Inattention to the road ahead,NHTSA-derived,coarse,1,1,1,1,1,1,1,1,1,1,1,1
NHTSA_INA_0629,Template Mapping,Inattention to the road ahead,NHTSA-derived,coarse,1,1,1,1,1,1,1,1,1,1,1,1
NHTSA_INA_0630,Template Mapping,Inattention to the road ahead,NHTSA-derived,coarse,1,1,1,1,1,1,1,1,1,1,1,1
NHTSA_INA_0631,Template Mapping,Inattention to the road ahead,NHTSA-derived,coarse,1,1,1,1,1,1,1,1,1,1,1,1
NHTSA_INA_0632,Template Mapping,Inattention to the road ahead,NHTSA-derived,coarse,1,1,1,1,1,1,1,1,1,1,1,1
NHTSA_INA_0633,Template Mapping,Inattention to the road ahead,NHTSA-derived,coarse,1,1,1,1,1,1,1,1,1,1,1,1
NHTSA_INA_0634,Template Mapping,Inattention to the road ahead,NHTSA-derived,coarse,1,1,1,1,1,1,1,1,1,1,1,1
NHTSA_INA_0635,Template Mapping,Inattention to the road ahead,NHTSA-derived,coarse,1,1,1,1,1,1,1,1,1,1,1,1
NHTSA_INA_0636,Template Mapping,Inattention to the road ahead,NHTSA-derived,coarse,1,1,1,1,1,1,1,1,1,1,1,1
NHTSA_INA_0637,Template Mapping,Inattention to the road ahead,NHTSA-derived,coarse,0,0,1,,,,,,,,,
NHTSA_INA_0638,Template Mapping,Inattention to the road ahead,NHTSA-derived,coarse,1,1,1,1,1,1,1,1,1,1,1,1
NHTSA_INA_0639,Template Mapping,Inattention to the road ahead,NHTSA-derived,coarse,1,1,1,1,1,0,1,0,1,1,1,0.7200000000000001
NHTSA_INA_0640,Template Mapping,Inattention to the road ahead,NHTSA-derived,coarse,1,1,1,1,1,1,1,1,1,1,1,1
NHTSA_INA_0641,Template Mapping,Inattention to the road ahead,NHTSA-derived,coarse,1,0,1,1,1,0,1,0,1,1,1,0.7200000000000001
NHTSA_INA_0642,Template Mapping,Inattention to the road ahead,NHTSA-derived,coarse,1,1,1,1,1,1,1,1,1,1,1,1
NHTSA_INA_0643,Template Mapping,Inattention to the road ahead,NHTSA-derived,coarse,1,1,0,1,1,0,1,0,1,1,0,0.68
NHTSA_INA_0644,Template Mapping,Inattention to the road ahead,NHTSA-derived,coarse,1,1,0,1,1,0,1,0,1,1,0,0.68
NHTSA_INA_0645,Template Mapping,Inattention to the road ahead,NHTSA-derived,coarse,1,1,0,1,1,0,1,0,1,1,0,0.68
NHTSA_INA_0646,Template Mapping,Inattention to the road ahead,NHTSA-derived,coarse,1,1,1,1,1,1,1,1,1,1,1,1
SYNTH_INA_0001,Template Mapping,Inattention to the road ahead,synthetic-topology-extension,fine,0,0,0,,,,,,,,,
SYNTH_INA_0002,Template Mapping,Inattention to the road ahead,synthetic-topology-extension,fine,1,1,1,1,1,1,1,1,1,1,1,1
SYNTH_INA_0003,Template Mapping,Inattention to the road ahead,synthetic-topology-extension,fine,0,0,1,,,,,,,,,
SYNTH_INA_0004,Template Mapping,Inattention to the road ahead,synthetic-topology-extension,fine,0,0,1,,,,,,,,,
SYNTH_INA_0005,Template Mapping,Inattention to the road ahead,synthetic-topology-extension,fine,0,0,1,,,,,,,,,
SYNTH_INA_0006,Template Mapping,Inattention to the road ahead,synthetic-topology-extension,fine,1,1,1,1,1,1,1,1,1,1,1,1
SYNTH_INA_0007,Template Mapping,Inattention to the road ahead,synthetic-topology-extension,fine,0,0,1,,,,,,,,,
SYNTH_INA_0008,Template Mapping,Inattention to the road ahead,synthetic-topology-extension,fine,1,1,1,1,1,1,1,1,1,1,1,1
SYNTH_INA_0009,Template Mapping,Inattention to the road ahead,synthetic-topology-extension,fine,1,0,0,1,1,0,1,0,1,1,0,0.68
SYNTH_INA_0010,Template Mapping,Inattention to the road ahead,synthetic-topology-extension,fine,1,1,1,1,1,1,1,1,1,1,1,1
SYNTH_INA_0011,Template Mapping,Inattention to the road ahead,synthetic-topology-extension,fine,1,1,1,1,1,1,1,1,1,1,1,1
SYNTH_INA_0012,Template Mapping,Inattention to the road ahead,synthetic-topology-extension,fine,1,1,0,1,1,0,1,0,1,1,0,0.68
SYNTH_INA_0013,Template Mapping,Inattention to the road ahead,synthetic-topology-extension,fine,0,0,0,,,,,,,,,
SYNTH_INA_0014,Template Mapping,Inattention to the road ahead,synthetic-topology-extension,fine,1,1,0,1,1,0,1,0,1,1,0,0.68
SYNTH_INA_0015,Template Mapping,Inattention to the road ahead,synthetic-topology-extension,fine,1,1,0,1,1,0,1,0,1,1,0,0.68
SYNTH_INA_0016,Template Mapping,Inattention to the road ahead,synthetic-topology-extension,fine,1,1,1,1,1,1,1,1,1,1,1,1
SYNTH_INA_0017,Template Mapping,Inattention to the road ahead,synthetic-topology-extension,fine,0,0,1,,,,,,,,,
SYNTH_INA_0018,Template Mapping,Inattention to the road ahead,synthetic-topology-extension,fine,1,1,1,1,1,1,1,1,1,1,1,1
SYNTH_INA_0019,Template Mapping,Inattention to the road ahead,synthetic-topology-extension,fine,1,1,1,1,1,1,1,1,1,1,1,1
SYNTH_INA_0020,Template Mapping,Inattention to the road ahead,synthetic-topology-extension,fine,1,1,1,1,1,1,1,1,1,1,1,1
SYNTH_INA_0021,Template Mapping,Inattention to the road ahead,synthetic-topology-extension,fine,1,0,1,1,1,0,1,0,1,1,1,0.7200000000000001
SYNTH_INA_0022,Template Mapping,Inattention to the road ahead,synthetic-topology-extension,fine,1,0,1,1,1,0,1,0,1,1,1,0.7200000000000001
SYNTH_INA_0023,Template Mapping,Inattention to the road ahead,synthetic-topology-extension,fine,1,1,1,1,1,1,1,1,1,1,1,1
SYNTH_INA_0024,Template Mapping,Inattention to the road ahead,synthetic-topology-extension,fine,1,1,0,1,1,0,1,0,1,1,0,0.68
SYNTH_INA_0025,Template Mapping,Inattention to the road ahead,synthetic-topology-extension,fine,1,1,0,1,1,0,1,0,1,1,0,0.68
SYNTH_INA_0026,Template Mapping,Inattention to the road ahead,synthetic-topology-extension,fine,1,1,1,1,1,0,1,0,1,1,1,0.7200000000000001
SYNTH_INA_0027,Template Mapping,Inattention to the road ahead,synthetic-topology-extension,fine,1,1,1,1,1,1,1,1,1,1,1,1
SYNTH_INA_0028,Template Mapping,Inattention to the road ahead,synthetic-topology-extension,fine,1,1,0,1,1,0,1,0,1,1,0,0.68
SYNTH_INA_0029,Template Mapping,Inattention to the road ahead,synthetic-topology-extension,fine,1,1,1,1,1,1,1,1,1,1,1,1
SYNTH_INA_0030,Template Mapping,Inattention to the road ahead,synthetic-topology-extension,fine,0,0,1,,,,,,,,,
SYNTH_INA_0031,Template Mapping,Inattention to the road ahead,synthetic-topology-extension,fine,0,0,1,,,,,,,,,
SYNTH_INA_0032,Template Mapping,Inattention to the road ahead,synthetic-topology-extension,fine,1,1,1,1,1,1,1,1,1,1,1,1
SYNTH_INA_0033,Template Mapping,Inattention to the road ahead,synthetic-topology-extension,fine,1,1,1,1,1,1,1,1,1,1,1,1
SYNTH_INA_0034,Template Mapping,Inattention to the road ahead,synthetic-topology-extension,fine,1,0,1,1,1,0,1,0,1,1,1,0.7200000000000001
SYNTH_INA_0035,Template Mapping,Inattention to the road ahead,synthetic-topology-extension,fine,1,1,0,1,1,0,1,0,1,1,0,0.68
SYNTH_INA_0036,Template Mapping,Inattention to the road ahead,synthetic-topology-extension,fine,0,0,0,,,,,,,,,
SYNTH_INA_0037,Template Mapping,Inattention to the road ahead,synthetic-topology-extension,fine,0,0,1,,,,,,,,,
SYNTH_INA_0038,Template Mapping,Inattention to the road ahead,synthetic-topology-extension,fine,0,0,1,,,,,,,,,
SYNTH_INA_0039,Template Mapping,Inattention to the road ahead,synthetic-topology-extension,fine,1,1,1,1,1,1,1,1,1,1,1,1
SYNTH_INA_0040,Template Mapping,Inattention to the road ahead,synthetic-topology-extension,fine,1,1,1,1,1,1,1,1,1,1,1,1
SYNTH_INA_0041,Template Mapping,Inattention to the road ahead,synthetic-topology-extension,fine,1,1,1,1,1,1,1,1,1,1,1,1
SYNTH_INA_0042,Template Mapping,Inattention to the road ahead,synthetic-topology-extension,fine,1,1,0,1,1,0,1,0,1,1,0,0.68
SYNTH_INA_0043,Template Mapping,Inattention to the road ahead,synthetic-topology-extension,fine,1,1,1,1,1,1,1,1,1,1,1,1
SYNTH_INA_0044,Template Mapping,Inattention to the road ahead,synthetic-topology-extension,fine,1,1,1,1,1,1,1,1,1,1,1,1
SYNTH_INA_0045,Template Mapping,Inattention to the road ahead,synthetic-topology-extension,fine,1,1,1,1,1,1,1,1,1,1,1,1
SYNTH_INA_0046,Template Mapping,Inattention to the road ahead,synthetic-topology-extension,fine,1,1,1,1,1,1,1,1,1,1,1,1
SYNTH_INA_0047,Template Mapping,Inattention to the road ahead,synthetic-topology-extension,fine,1,1,0,1,1,0,1,0,1,1,0,0.68
SYNTH_INA_0048,Template Mapping,Inattention to the road ahead,synthetic-topology-extension,fine,0,0,1,,,,,,,,,
SYNTH_INA_0049,Template Mapping,Inattention to the road ahead,synthetic-topology-extension,fine,0,0,1,,,,,,,,,
SYNTH_INA_0050,Template Mapping,Inattention to the road ahead,synthetic-topology-extension,fine,1,1,1,1,1,1,1,1,1,1,1,1
SYNTH_INA_0051,Template Mapping,Inattention to the road ahead,synthetic-topology-extension,fine,1,1,1,1,1,0,1,0,1,1,1,0.7200000000000001
SYNTH_INA_0052,Template Mapping,Inattention to the road ahead,synthetic-topology-extension,fine,1,1,1,1,1,1,1,1,1,1,1,1
SYNTH_INA_0053,Template Mapping,Inattention to the road ahead,synthetic-topology-extension,fine,1,1,1,1,1,1,1,1,1,1,1,1
SYNTH_INA_0054,Template Mapping,Inattention to the road ahead,synthetic-topology-extension,fine,1,1,1,1,1,1,1,1,1,1,1,1
SYNTH_INA_0055,Template Mapping,Inattention to the road ahead,synthetic-topology-extension,fine,1,1,1,1,1,1,1,1,1,1,1,1
SYNTH_INA_0056,Template Mapping,Inattention to the road ahead,synthetic-topology-extension,fine,1,1,1,1,1,1,1,1,1,1,1,1
SYNTH_INA_0057,Template Mapping,Inattention to the road ahead,synthetic-topology-extension,fine,1,0,0,1,1,0,1,0,1,1,0,0.68
SYNTH_INA_0058,Template Mapping,Inattention to the road ahead,synthetic-topology-extension,fine,1,1,1,1,1,1,1,1,1,1,1,1
SYNTH_INA_0059,Template Mapping,Inattention to the road ahead,synthetic-topology-extension,fine,1,1,0,1,1,0,1,0,1,1,0,0.68
SYNTH_INA_0060,Template Mapping,Inattention to the road ahead,synthetic-topology-extension,fine,1,1,0,1,1,0,1,0,1,1,0,0.68
SYNTH_INA_0061,Template Mapping,Inattention to the road ahead,synthetic-topology-extension,fine,1,0,1,1,1,0,1,0,1,1,1,0.7200000000000001
SYNTH_INA_0062,Template Mapping,Inattention to the road ahead,synthetic-topology-extension,fine,1,1,1,1,1,1,1,1,1,1,1,1
SYNTH_INA_0063,Template Mapping,Inattention to the road ahead,synthetic-topology-extension,fine,0,0,1,,,,,,,,,
SYNTH_INA_0064,Template Mapping,Inattention to the road ahead,synthetic-topology-extension,fine,1,1,1,1,1,1,1,1,1,1,1,1
SYNTH_INA_0065,Template Mapping,Inattention to the road ahead,synthetic-topology-extension,fine,1,0,1,1,1,0,1,0,1,1,1,0.7200000000000001
SYNTH_INA_0066,Template Mapping,Inattention to the road ahead,synthetic-topology-extension,fine,1,1,1,1,1,1,1,1,1,1,1,1
SYNTH_INA_0067,Template Mapping,Inattention to the road ahead,synthetic-topology-extension,fine,1,0,0,1,1,0,1,0,1,1,0,0.68
SYNTH_INA_0068,Template Mapping,Inattention to the road ahead,synthetic-topology-extension,fine,1,1,1,1,1,1,1,1,1,1,1,1
SYNTH_INA_0069,Template Mapping,Inattention to the road ahead,synthetic-topology-extension,fine,1,1,0,1,1,0,1,0,1,1,0,0.68
SYNTH_INA_0070,Template Mapping,Inattention to the road ahead,synthetic-topology-extension,fine,1,1,1,1,1,1,1,1,1,1,1,1
SYNTH_INA_0071,Template Mapping,Inattention to the road ahead,synthetic-topology-extension,fine,1,1,1,1,1,1,1,1,1,1,1,1
SYNTH_INA_0072,Template Mapping,Inattention to the road ahead,synthetic-topology-extension,fine,1,1,0,1,1,0,1,0,1,1,0,0.68
SYNTH_INA_0073,Template Mapping,Inattention to the road ahead,synthetic-topology-extension,fine,1,1,1,1,1,1,1,1,1,1,1,1
SYNTH_INA_0074,Template Mapping,Inattention to the road ahead,synthetic-topology-extension,fine,0,0,0,,,,,,,,,
SYNTH_INA_0075,Template Mapping,Inattention to the road ahead,synthetic-topology-extension,fine,0,0,1,,,,,,,,,
SYNTH_INA_0076,Template Mapping,Inattention to the road ahead,synthetic-topology-extension,fine,1,1,1,1,1,1,1,1,1,1,1,1
SYNTH_INA_0077,Template Mapping,Inattention to the road ahead,synthetic-topology-extension,fine,1,1,1,1,1,1,1,1,1,1,1,1
SYNTH_INA_0078,Template Mapping,Inattention to the road ahead,synthetic-topology-extension,fine,1,1,1,1,1,1,1,1,1,1,1,1
SYNTH_INA_0079,Template Mapping,Inattention to the road ahead,synthetic-topology-extension,fine,0,0,0,,,,,,,,,
SYNTH_INA_0080,Template Mapping,Inattention to the road ahead,synthetic-topology-extension,fine,1,1,1,1,1,1,1,1,1,1,1,1
SYNTH_INA_0081,Template Mapping,Inattention to the road ahead,synthetic-topology-extension,fine,1,1,1,1,1,1,1,1,1,1,1,1
SYNTH_INA_0082,Template Mapping,Inattention to the road ahead,synthetic-topology-extension,fine,1,1,1,1,1,1,1,1,1,1,1,1
SYNTH_INA_0083,Template Mapping,Inattention to the road ahead,synthetic-topology-extension,fine,1,1,1,1,1,1,1,1,1,1,1,1
SYNTH_INA_0084,Template Mapping,Inattention to the road ahead,synthetic-topology-extension,fine,0,0,0,,,,,,,,,
SYNTH_INA_0085,Template Mapping,Inattention to the road ahead,synthetic-topology-extension,fine,0,0,1,,,,,,,,,
SYNTH_INA_0086,Template Mapping,Inattention to the road ahead,synthetic-topology-extension,fine,1,0,0,1,1,0,1,0,1,1,0,0.68
SYNTH_INA_0087,Template Mapping,Inattention to the road ahead,synthetic-topology-extension,fine,1,1,1,1,1,1,1,1,1,1,1,1
SYNTH_INA_0088,Template Mapping,Inattention to the road ahead,synthetic-topology-extension,fine,0,0,1,,,,,,,,,
SYNTH_INA_0089,Template Mapping,Inattention to the road ahead,synthetic-topology-extension,fine,1,1,1,1,1,1,1,1,1,1,1,1
SYNTH_INA_0090,Template Mapping,Inattention to the road ahead,synthetic-topology-extension,fine,1,0,1,1,1,0,1,0,1,1,1,0.7200000000000001
SYNTH_INA_0091,Template Mapping,Inattention to the road ahead,synthetic-topology-extension,fine,1,1,1,1,1,1,1,1,1,1,1,1
SYNTH_INA_0092,Template Mapping,Inattention to the road ahead,synthetic-topology-extension,fine,0,0,0,,,,,,,,,
SYNTH_INA_0093,Template Mapping,Inattention to the road ahead,synthetic-topology-extension,fine,1,1,1,1,1,1,1,1,1,1,1,1
SYNTH_INA_0094,Template Mapping,Inattention to the road ahead,synthetic-topology-extension,fine,1,1,0,1,1,0,1,0,1,1,0,0.68
SYNTH_INA_0095,Template Mapping,Inattention to the road ahead,synthetic-topology-extension,fine,1,1,1,1,1,1,1,1,1,1,1,1
SYNTH_INA_0096,Template Mapping,Inattention to the road ahead,synthetic-topology-extension,fine,1,1,1,1,1,1,1,1,1,1,1,1
SYNTH_INA_0097,Template Mapping,Inattention to the road ahead,synthetic-topology-extension,fine,1,1,1,1,1,1,1,1,1,1,1,1
SYNTH_INA_0098,Template Mapping,Inattention to the road ahead,synthetic-topology-extension,fine,0,0,1,,,,,,,,,
SYNTH_INA_0099,Template Mapping,Inattention to the road ahead,synthetic-topology-extension,fine,0,0,1,,,,,,,,,
SYNTH_INA_0100,Template Mapping,Inattention to the road ahead,synthetic-topology-extension,fine,1,1,1,1,1,0,1,1,1,1,1,0.8400000000000001
SYNTH_INA_0101,Template Mapping,Inattention to the road ahead,synthetic-topology-extension,fine,0,0,1,,,,,,,,,
SYNTH_INA_0102,Template Mapping,Inattention to the road ahead,synthetic-topology-extension,fine,1,1,1,1,1,1,1,1,1,1,1,1
SYNTH_INA_0103,Template Mapping,Inattention to the road ahead,synthetic-topology-extension,fine,1,1,1,1,1,1,1,1,1,1,1,1
SYNTH_INA_0104,Template Mapping,Inattention to the road ahead,synthetic-topology-extension,fine,0,0,1,,,,,,,,,
SYNTH_INA_0105,Template Mapping,Inattention to the road ahead,synthetic-topology-extension,fine,1,1,1,1,1,1,1,1,1,1,1,1
SYNTH_INA_0106,Template Mapping,Inattention to the road ahead,synthetic-topology-extension,fine,1,1,1,1,1,1,1,1,1,1,1,1
SYNTH_INA_0107,Template Mapping,Inattention to the road ahead,synthetic-topology-extension,fine,0,0,1,,,,,,,,,
SYNTH_INA_0108,Template Mapping,Inattention to the road ahead,synthetic-topology-extension,fine,0,0,1,,,,,,,,,
SYNTH_INA_0109,Template Mapping,Inattention to the road ahead,synthetic-topology-extension,fine,1,1,1,1,1,1,1,1,1,1,1,1
SYNTH_INA_0110,Template Mapping,Inattention to the road ahead,synthetic-topology-extension,fine,0,0,1,,,,,,,,,
SYNTH_INA_0111,Template Mapping,Inattention to the road ahead,synthetic-topology-extension,fine,0,0,1,,,,,,,,,
SYNTH_INA_0112,Template Mapping,Inattention to the road ahead,synthetic-topology-extension,fine,1,1,1,1,1,1,1,1,1,1,1,1
SYNTH_INA_0113,Template Mapping,Inattention to the road ahead,synthetic-topology-extension,fine,1,1,0,1,1,0,1,0,1,1,0,0.68
SYNTH_INA_0114,Template Mapping,Inattention to the road ahead,synthetic-topology-extension,fine,1,1,1,1,1,1,1,1,1,1,1,1
SYNTH_INA_0115,Template Mapping,Inattention to the road ahead,synthetic-topology-extension,fine,1,1,1,1,1,1,1,1,1,1,1,1
SYNTH_INA_0116,Template Mapping,Inattention to the road ahead,synthetic-topology-extension,fine,1,1,1,1,1,1,1,1,1,1,1,1
SYNTH_INA_0117,Template Mapping,Inattention to the road ahead,synthetic-topology-extension,fine,0,0,1,,,,,,,,,
SYNTH_INA_0118,Template Mapping,Inattention to the road ahead,synthetic-topology-extension,fine,1,1,0,1,1,0,1,0,1,1,0,0.68
SYNTH_INA_0119,Template Mapping,Inattention to the road ahead,synthetic-topology-extension,fine,1,1,1,1,1,1,1,1,1,1,1,1
SYNTH_INA_0120,Template Mapping,Inattention to the road ahead,synthetic-topology-extension,fine,1,1,0,1,1,0,1,0,1,1,0,0.68
SYNTH_INA_0121,Template Mapping,Inattention to the road ahead,synthetic-topology-extension,fine,1,1,1,1,1,1,1,1,1,1,1,1
SYNTH_INA_0122,Template Mapping,Inattention to the road ahead,synthetic-topology-extension,fine,1,1,1,1,1,1,1,1,1,1,1,1
SYNTH_INA_0123,Template Mapping,Inattention to the road ahead,synthetic-topology-extension,fine,1,1,1,1,1,1,1,1,1,1,1,1
SYNTH_INA_0124,Template Mapping,Inattention to the road ahead,synthetic-topology-extension,fine,1,1,1,1,1,1,1,1,1,1,1,1
SYNTH_INA_0125,Template Mapping,Inattention to the road ahead,synthetic-topology-extension,fine,1,1,1,1,1,1,1,1,1,1,1,1
SYNTH_INA_0126,Template Mapping,Inattention to the road ahead,synthetic-topology-extension,fine,1,1,1,1,1,1,1,1,1,1,1,1
SYNTH_INA_0127,Template Mapping,Inattention to the road ahead,synthetic-topology-extension,fine,1,1,1,1,1,1,1,1,1,1,1,1
SYNTH_INA_0128,Template Mapping,Inattention to the road ahead,synthetic-topology-extension,fine,1,1,1,1,1,1,1,1,1,1,1,1
SYNTH_INA_0129,Template Mapping,Inattention to the road ahead,synthetic-topology-extension,fine,1,1,1,1,1,1,1,1,1,1,1,1
SYNTH_INA_0130,Template Mapping,Inattention to the road ahead,synthetic-topology-extension,fine,1,1,1,1,1,1,1,1,1,1,1,1
SYNTH_INA_0131,Template Mapping,Inattention to the road ahead,synthetic-topology-extension,fine,1,1,0,1,1,0,1,0,1,1,0,0.68
SYNTH_INA_0132,Template Mapping,Inattention to the road ahead,synthetic-topology-extension,fine,1,1,1,1,1,1,1,1,1,1,1,1
SYNTH_INA_0133,Template Mapping,Inattention to the road ahead,synthetic-topology-extension,fine,0,0,1,,,,,,,,,
SYNTH_INA_0134,Template Mapping,Inattention to the road ahead,synthetic-topology-extension,fine,1,1,0,1,1,0,1,0,1,1,0,0.68
SYNTH_INA_0135,Template Mapping,Inattention to the road ahead,synthetic-topology-extension,fine,1,1,1,1,1,1,1,1,1,1,1,1
SYNTH_INA_0136,Template Mapping,Inattention to the road ahead,synthetic-topology-extension,fine,1,1,1,1,1,1,1,1,1,1,1,1
SYNTH_INA_0137,Template Mapping,Inattention to the road ahead,synthetic-topology-extension,fine,1,1,1,1,1,1,1,1,1,1,1,1
SYNTH_INA_0138,Template Mapping,Inattention to the road ahead,synthetic-topology-extension,fine,1,1,1,1,1,1,1,1,1,1,1,1
SYNTH_INA_0139,Template Mapping,Inattention to the road ahead,synthetic-topology-extension,fine,0,0,1,,,,,,,,,
SYNTH_INA_0140,Template Mapping,Inattention to the road ahead,synthetic-topology-extension,fine,1,1,1,1,1,1,1,1,1,1,1,1
SYNTH_INA_0141,Template Mapping,Inattention to the road ahead,synthetic-topology-extension,fine,1,1,1,1,1,1,1,1,1,1,1,1
SYNTH_INA_0142,Template Mapping,Inattention to the road ahead,synthetic-topology-extension,fine,1,1,1,1,1,1,1,1,1,1,1,1
SYNTH_INA_0143,Template Mapping,Inattention to the road ahead,synthetic-topology-extension,fine,1,1,1,1,1,1,1,1,1,1,1,1
SYNTH_INA_0144,Template Mapping,Inattention to the road ahead,synthetic-topology-extension,fine,1,1,1,1,1,0,1,0,1,1,1,0.7200000000000001
SYNTH_INA_0145,Template Mapping,Inattention to the road ahead,synthetic-topology-extension,fine,1,1,1,1,1,1,1,1,1,1,1,1
SYNTH_INA_0146,Template Mapping,Inattention to the road ahead,synthetic-topology-extension,fine,1,1,1,1,1,1,1,1,1,1,1,1
SYNTH_INA_0147,Template Mapping,Inattention to the road ahead,synthetic-topology-extension,fine,1,1,0,1,1,0,1,0,1,1,0,0.68
SYNTH_INA_0148,Template Mapping,Inattention to the road ahead,synthetic-topology-extension,fine,1,0,0,1,1,0,1,0,1,1,0,0.68
SYNTH_INA_0149,Template Mapping,Inattention to the road ahead,synthetic-topology-extension,fine,1,1,0,1,1,0,1,0,1,1,0,0.68
SYNTH_INA_0150,Template Mapping,Inattention to the road ahead,synthetic-topology-extension,fine,1,1,1,1,1,1,1,1,1,1,1,1
SYNTH_INA_0151,Template Mapping,Inattention to the road ahead,synthetic-topology-extension,fine,1,1,1,1,1,1,1,1,1,1,1,1
SYNTH_INA_0152,Template Mapping,Inattention to the road ahead,synthetic-topology-extension,fine,1,1,1,1,1,1,1,1,1,1,1,1
SYNTH_INA_0153,Template Mapping,Inattention to the road ahead,synthetic-topology-extension,fine,1,1,1,1,1,1,1,1,1,1,1,1
SYNTH_INA_0154,Template Mapping,Inattention to the road ahead,synthetic-topology-extension,fine,1,1,0,1,1,0,1,0,1,1,0,0.68
SYNTH_INA_0155,Template Mapping,Inattention to the road ahead,synthetic-topology-extension,fine,1,1,1,1,1,1,1,1,1,1,1,1
SYNTH_INA_0156,Template Mapping,Inattention to the road ahead,synthetic-topology-extension,fine,1,1,1,1,1,1,1,1,1,1,1,1
SYNTH_INA_0157,Template Mapping,Inattention to the road ahead,synthetic-topology-extension,fine,1,1,1,1,1,1,1,1,1,1,1,1
SYNTH_INA_0158,Template Mapping,Inattention to the road ahead,synthetic-topology-extension,fine,1,1,0,1,1,0,1,0,1,1,0,0.68
SYNTH_INA_0159,Template Mapping,Inattention to the road ahead,synthetic-topology-extension,fine,1,1,1,1,1,1,1,1,1,1,1,1
SYNTH_INA_0160,Template Mapping,Inattention to the road ahead,synthetic-topology-extension,fine,1,1,0,1,1,0,1,0,1,1,0,0.68
SYNTH_INA_0161,Template Mapping,Inattention to the road ahead,synthetic-topology-extension,fine,1,0,1,1,1,0,1,0,1,1,1,0.7200000000000001
SYNTH_INA_0162,Template Mapping,Inattention to the road ahead,synthetic-topology-extension,fine,1,1,0,1,1,0,1,0,1,1,0,0.68
SYNTH_INA_0163,Template Mapping,Inattention to the road ahead,synthetic-topology-extension,fine,1,0,1,1,1,0,1,0,1,1,1,0.7200000000000001
SYNTH_INA_0164,Template Mapping,Inattention to the road ahead,synthetic-topology-extension,fine,0,0,1,,,,,,,,,
SYNTH_INA_0165,Template Mapping,Inattention to the road ahead,synthetic-topology-extension,fine,1,1,1,1,1,1,1,1,1,1,1,1
SYNTH_INA_0166,Template Mapping,Inattention to the road ahead,synthetic-topology-extension,fine,1,1,1,1,1,1,1,1,1,1,1,1
SYNTH_INA_0167,Template Mapping,Inattention to the road ahead,synthetic-topology-extension,fine,1,0,1,1,1,0,1,0,1,1,0,0.68
SYNTH_INA_0168,Template Mapping,Inattention to the road ahead,synthetic-topology-extension,fine,0,0,1,,,,,,,,,
SYNTH_INA_0169,Template Mapping,Inattention to the road ahead,synthetic-topology-extension,fine,1,1,1,1,1,1,1,1,1,1,1,1
SYNTH_INA_0170,Template Mapping,Inattention to the road ahead,synthetic-topology-extension,fine,1,1,1,1,1,0,1,1,1,1,1,0.8400000000000001
SYNTH_INA_0171,Template Mapping,Inattention to the road ahead,synthetic-topology-extension,fine,0,0,0,,,,,,,,,
SYNTH_INA_0172,Template Mapping,Inattention to the road ahead,synthetic-topology-extension,fine,0,0,1,,,,,,,,,
SYNTH_INA_0173,Template Mapping,Inattention to the road ahead,synthetic-topology-extension,fine,1,1,0,1,1,0,1,0,1,1,0,0.68
SYNTH_INA_0174,Template Mapping,Inattention to the road ahead,synthetic-topology-extension,fine,1,1,0,1,1,0,1,0,1,1,0,0.68
SYNTH_INA_0175,Template Mapping,Inattention to the road ahead,synthetic-topology-extension,fine,1,1,1,1,1,1,1,1,1,1,1,1
SYNTH_INA_0176,Template Mapping,Inattention to the road ahead,synthetic-topology-extension,fine,1,1,1,1,1,1,1,1,1,1,1,1
SYNTH_INA_0177,Template Mapping,Inattention to the road ahead,synthetic-topology-extension,fine,1,1,1,1,1,1,1,1,1,1,1,1
SYNTH_INA_0178,Template Mapping,Inattention to the road ahead,synthetic-topology-extension,fine,1,0,1,1,1,0,1,0,1,1,1,0.7200000000000001
SYNTH_INA_0179,Template Mapping,Inattention to the road ahead,synthetic-topology-extension,fine,1,1,1,1,1,1,1,1,1,1,1,1
SYNTH_INA_0180,Template Mapping,Inattention to the road ahead,synthetic-topology-extension,fine,1,1,1,1,1,1,1,1,1,1,1,1
SYNTH_INA_0181,Template Mapping,Inattention to the road ahead,synthetic-topology-extension,fine,1,1,1,1,1,1,1,1,1,1,1,1
SYNTH_INA_0182,Template Mapping,Inattention to the road ahead,synthetic-topology-extension,fine,0,0,1,,,,,,,,,
SYNTH_INA_0183,Template Mapping,Inattention to the road ahead,synthetic-topology-extension,fine,0,0,0,,,,,,,,,
SYNTH_INA_0184,Template Mapping,Inattention to the road ahead,synthetic-topology-extension,fine,1,1,1,1,1,1,1,1,1,1,1,1
SYNTH_INA_0185,Template Mapping,Inattention to the road ahead,synthetic-topology-extension,fine,1,1,1,1,1,1,1,1,1,1,1,1
SYNTH_INA_0186,Template Mapping,Inattention to the road ahead,synthetic-topology-extension,fine,1,1,1,1,1,1,1,1,1,1,1,1
SYNTH_INA_0187,Template Mapping,Inattention to the road ahead,synthetic-topology-extension,fine,0,0,1,,,,,,,,,
SYNTH_INA_0188,Template Mapping,Inattention to the road ahead,synthetic-topology-extension,fine,1,1,1,1,1,1,1,1,1,1,1,1
SYNTH_INA_0189,Template Mapping,Inattention to the road ahead,synthetic-topology-extension,fine,0,0,1,,,,,,,,,
SYNTH_INA_0190,Template Mapping,Inattention to the road ahead,synthetic-topology-extension,fine,1,1,1,1,1,1,1,1,1,1,1,1
SYNTH_INA_0191,Template Mapping,Inattention to the road ahead,synthetic-topology-extension,fine,0,0,1,,,,,,,,,
SYNTH_INA_0192,Template Mapping,Inattention to the road ahead,synthetic-topology-extension,fine,1,1,1,1,1,1,1,1,1,1,1,1
SYNTH_INA_0193,Template Mapping,Inattention to the road ahead,synthetic-topology-extension,fine,1,1,1,1,1,1,1,1,1,1,1,1
SYNTH_INA_0194,Template Mapping,Inattention to the road ahead,synthetic-topology-extension,fine,1,1,1,1,1,1,1,1,1,1,1,1
SYNTH_INA_0195,Template Mapping,Inattention to the road ahead,synthetic-topology-extension,fine,1,1,1,1,1,1,1,1,1,1,1,1
SYNTH_INA_0196,Template Mapping,Inattention to the road ahead,synthetic-topology-extension,fine,1,1,0,1,1,0,1,0,1,1,0,0.68
SYNTH_INA_0197,Template Mapping,Inattention to the road ahead,synthetic-topology-extension,fine,1,1,0,1,1,0,1,0,1,1,0,0.68
SYNTH_INA_0198,Template Mapping,Inattention to the road ahead,synthetic-topology-extension,fine,1,0,1,1,1,0,1,0,1,1,1,0.7200000000000001
SYNTH_INA_0199,Template Mapping,Inattention to the road ahead,synthetic-topology-extension,fine,1,0,0,1,1,0,1,0,1,1,0,0.68
SYNTH_INA_0200,Template Mapping,Inattention to the road ahead,synthetic-topology-extension,fine,1,1,1,1,1,1,1,1,1,1,1,1
SYNTH_INA_0201,Template Mapping,Inattention to the road ahead,synthetic-topology-extension,fine,1,1,1,1,1,1,1,1,1,1,1,1
SYNTH_INA_0202,Template Mapping,Inattention to the road ahead,synthetic-topology-extension,fine,1,0,1,1,1,0,1,0,1,1,1,0.7200000000000001
SYNTH_INA_0203,Template Mapping,Inattention to the road ahead,synthetic-topology-extension,fine,1,0,0,1,1,0,1,0,1,1,0,0.68
SYNTH_INA_0204,Template Mapping,Inattention to the road ahead,synthetic-topology-extension,fine,1,1,1,1,1,1,1,1,1,1,1,1
SYNTH_INA_0205,Template Mapping,Inattention to the road ahead,synthetic-topology-extension,fine,1,1,1,1,1,1,1,1,1,1,1,1
SYNTH_INA_0206,Template Mapping,Inattention to the road ahead,synthetic-topology-extension,fine,1,1,1,1,1,1,1,1,1,1,1,1
SYNTH_INA_0207,Template Mapping,Inattention to the road ahead,synthetic-topology-extension,fine,1,1,0,1,1,0,1,0,1,1,0,0.68
SYNTH_INA_0208,Template Mapping,Inattention to the road ahead,synthetic-topology-extension,fine,1,0,1,1,1,0,1,0,1,1,1,0.7200000000000001
SYNTH_INA_0209,Template Mapping,Inattention to the road ahead,synthetic-topology-extension,fine,1,1,0,1,1,0,1,0,1,1,0,0.68
SYNTH_INA_0210,Template Mapping,Inattention to the road ahead,synthetic-topology-extension,fine,1,1,0,1,1,0,1,0,1,1,0,0.68
SYNTH_INA_0211,Template Mapping,Inattention to the road ahead,synthetic-topology-extension,fine,1,1,0,1,1,0,1,0,1,1,0,0.68
SYNTH_INA_0212,Template Mapping,Inattention to the road ahead,synthetic-topology-extension,fine,1,1,1,1,1,1,1,1,1,1,1,1
SYNTH_INA_0213,Template Mapping,Inattention to the road ahead,synthetic-topology-extension,fine,1,1,1,1,1,1,1,1,1,1,1,1
SYNTH_INA_0214,Template Mapping,Inattention to the road ahead,synthetic-topology-extension,fine,1,1,0,1,1,0,1,0,1,1,0,0.68
SYNTH_INA_0215,Template Mapping,Inattention to the road ahead,synthetic-topology-extension,fine,1,1,1,1,1,1,1,1,1,1,1,1
SYNTH_INA_0216,Template Mapping,Inattention to the road ahead,synthetic-topology-extension,fine,1,0,1,1,1,0,1,0,1,1,1,0.7200000000000001
SYNTH_INA_0217,Template Mapping,Inattention to the road ahead,synthetic-topology-extension,fine,1,1,0,1,1,0,1,0,1,1,0,0.68
NHTSA_FTY_0001,Template Mapping,Failure to yield,NHTSA-derived,fine,1,0,1,1,1,0,1,0,1,1,1,0.7200000000000001
NHTSA_FTY_0002,Template Mapping,Failure to yield,NHTSA-derived,fine,1,0,1,1,1,0,1,0,1,1,1,0.7200000000000001
NHTSA_FTY_0003,Template Mapping,Failure to yield,NHTSA-derived,fine,0,0,1,,,,,,,,,
NHTSA_FTY_0004,Template Mapping,Failure to yield,NHTSA-derived,fine,1,0,0,1,1,0,1,0,1,1,0,0.68
NHTSA_FTY_0005,Template Mapping,Failure to yield,NHTSA-derived,fine,1,0,1,1,1,0,1,0,1,1,1,0.7200000000000001
NHTSA_FTY_0006,Template Mapping,Failure to yield,NHTSA-derived,fine,0,0,0,,,,,,,,,
NHTSA_FTY_0007,Template Mapping,Failure to yield,NHTSA-derived,coarse,1,1,1,1,1,1,1,1,1,1,1,1
NHTSA_FTY_0008,Template Mapping,Failure to yield,NHTSA-derived,coarse,0,0,1,,,,,,,,,
NHTSA_FTY_0009,Template Mapping,Failure to yield,NHTSA-derived,coarse,1,0,1,1,1,0,1,0,1,1,1,0.7200000000000001
NHTSA_FTY_0010,Template Mapping,Failure to yield,NHTSA-derived,coarse,0,0,1,,,,,,,,,
NHTSA_FTY_0011,Template Mapping,Failure to yield,NHTSA-derived,coarse,1,1,1,1,1,1,1,1,1,1,1,1
NHTSA_FTY_0012,Template Mapping,Failure to yield,NHTSA-derived,coarse,0,0,1,,,,,,,,,
NHTSA_FTY_0013,Template Mapping,Failure to yield,NHTSA-derived,coarse,1,1,1,1,1,1,1,1,1,1,1,1
NHTSA_FTY_0014,Template Mapping,Failure to yield,NHTSA-derived,coarse,1,1,1,1,1,1,1,1,1,1,1,1
NHTSA_FTY_0015,Template Mapping,Failure to yield,NHTSA-derived,coarse,1,1,1,1,1,1,1,1,1,1,1,1
NHTSA_FTY_0016,Template Mapping,Failure to yield,NHTSA-derived,coarse,1,1,1,1,1,1,1,1,1,1,1,1
NHTSA_FTY_0017,Template Mapping,Failure to yield,NHTSA-derived,coarse,1,1,1,1,1,1,1,1,1,1,1,1
NHTSA_FTY_0018,Template Mapping,Failure to yield,NHTSA-derived,coarse,0,0,1,,,,,,,,,
NHTSA_FTY_0019,Template Mapping,Failure to yield,NHTSA-derived,coarse,1,0,1,1,1,0,1,0,1,1,1,0.7200000000000001
NHTSA_FTY_0020,Template Mapping,Failure to yield,NHTSA-derived,coarse,1,0,1,1,1,0,1,0,1,1,1,0.7200000000000001
NHTSA_FTY_0021,Template Mapping,Failure to yield,NHTSA-derived,coarse,1,1,1,1,1,1,1,1,1,1,1,1
NHTSA_FTY_0022,Template Mapping,Failure to yield,NHTSA-derived,coarse,0,0,1,,,,,,,,,
NHTSA_FTY_0023,Template Mapping,Failure to yield,NHTSA-derived,coarse,1,0,1,1,1,0,1,0,1,1,1,0.7200000000000001
NHTSA_FTY_0024,Template Mapping,Failure to yield,NHTSA-derived,coarse,1,1,1,1,1,1,1,1,1,1,1,1
NHTSA_FTY_0025,Template Mapping,Failure to yield,NHTSA-derived,coarse,1,1,1,1,1,1,1,1,1,1,1,1
NHTSA_FTY_0026,Template Mapping,Failure to yield,NHTSA-derived,coarse,1,0,1,1,1,0,1,0,1,1,0,0.68
NHTSA_FTY_0027,Template Mapping,Failure to yield,NHTSA-derived,coarse,1,1,1,1,1,1,1,1,1,1,1,1
NHTSA_FTY_0028,Template Mapping,Failure to yield,NHTSA-derived,coarse,1,1,1,1,1,1,1,1,1,1,1,1
NHTSA_FTY_0029,Template Mapping,Failure to yield,NHTSA-derived,coarse,1,1,1,1,1,1,1,1,1,1,1,1
NHTSA_FTY_0030,Template Mapping,Failure to yield,NHTSA-derived,coarse,1,1,1,1,1,1,1,1,1,1,1,1
NHTSA_FTY_0031,Template Mapping,Failure to yield,NHTSA-derived,coarse,1,1,1,1,1,1,1,1,1,1,1,1
NHTSA_FTY_0032,Template Mapping,Failure to yield,NHTSA-derived,coarse,0,0,1,,,,,,,,,
NHTSA_FTY_0033,Template Mapping,Failure to yield,NHTSA-derived,coarse,1,1,0,1,1,0,1,0,1,1,0,0.68
NHTSA_FTY_0034,Template Mapping,Failure to yield,NHTSA-derived,coarse,1,1,1,1,1,1,1,1,1,1,1,1
NHTSA_FTY_0035,Template Mapping,Failure to yield,NHTSA-derived,coarse,1,0,1,1,1,0,1,0,1,1,0,0.68
NHTSA_FTY_0036,Template Mapping,Failure to yield,NHTSA-derived,coarse,1,0,1,1,1,0,1,0,1,1,1,0.7200000000000001
NHTSA_FTY_0037,Template Mapping,Failure to yield,NHTSA-derived,coarse,0,0,1,,,,,,,,,
NHTSA_FTY_0038,Template Mapping,Failure to yield,NHTSA-derived,coarse,1,0,1,1,1,0,1,0,1,1,1,0.7200000000000001
NHTSA_FTY_0039,Template Mapping,Failure to yield,NHTSA-derived,coarse,1,0,1,1,1,0,1,0,1,1,1,0.7200000000000001
NHTSA_FTY_0040,Template Mapping,Failure to yield,NHTSA-derived,coarse,1,1,1,1,1,1,1,1,1,1,1,1
NHTSA_FTY_0041,Template Mapping,Failure to yield,NHTSA-derived,coarse,1,0,1,1,1,0,1,0,1,1,1,0.7200000000000001
NHTSA_FTY_0042,Template Mapping,Failure to yield,NHTSA-derived,coarse,1,1,1,1,1,1,1,1,1,1,1,1
NHTSA_FTY_0043,Template Mapping,Failure to yield,NHTSA-derived,coarse,1,0,1,1,1,0,1,0,1,1,1,0.7200000000000001
NHTSA_FTY_0044,Template Mapping,Failure to yield,NHTSA-derived,coarse,0,0,1,,,,,,,,,
NHTSA_FTY_0045,Template Mapping,Failure to yield,NHTSA-derived,coarse,1,1,1,1,1,1,1,1,1,1,1,1
NHTSA_FTY_0046,Template Mapping,Failure to yield,NHTSA-derived,coarse,1,1,1,1,1,1,1,1,1,1,1,1
NHTSA_FTY_0047,Template Mapping,Failure to yield,NHTSA-derived,coarse,0,0,1,,,,,,,,,
NHTSA_FTY_0048,Template Mapping,Failure to yield,NHTSA-derived,coarse,0,0,1,,,,,,,,,
NHTSA_FTY_0049,Template Mapping,Failure to yield,NHTSA-derived,coarse,0,0,1,,,,,,,,,
NHTSA_FTY_0050,Template Mapping,Failure to yield,NHTSA-derived,coarse,1,1,1,1,1,1,1,1,1,1,1,1
NHTSA_FTY_0051,Template Mapping,Failure to yield,NHTSA-derived,coarse,1,1,1,1,1,1,1,1,1,1,1,1
NHTSA_FTY_0052,Template Mapping,Failure to yield,NHTSA-derived,coarse,1,1,1,1,1,1,1,1,1,1,1,1
NHTSA_FTY_0053,Template Mapping,Failure to yield,NHTSA-derived,coarse,1,0,1,1,1,0,1,0,1,1,1,0.7200000000000001
NHTSA_FTY_0054,Template Mapping,Failure to yield,NHTSA-derived,coarse,1,1,1,1,1,1,1,1,1,1,1,1
NHTSA_FTY_0055,Template Mapping,Failure to yield,NHTSA-derived,coarse,1,1,1,1,1,1,1,1,1,1,1,1
NHTSA_FTY_0056,Template Mapping,Failure to yield,NHTSA-derived,coarse,1,1,1,1,1,1,1,1,1,1,1,1
NHTSA_FTY_0057,Template Mapping,Failure to yield,NHTSA-derived,coarse,0,0,1,,,,,,,,,
NHTSA_FTY_0058,Template Mapping,Failure to yield,NHTSA-derived,coarse,0,0,0,,,,,,,,,
NHTSA_FTY_0059,Template Mapping,Failure to yield,NHTSA-derived,coarse,1,1,1,1,1,1,1,1,1,1,1,1
NHTSA_FTY_0060,Template Mapping,Failure to yield,NHTSA-derived,coarse,0,0,1,,,,,,,,,
NHTSA_FTY_0061,Template Mapping,Failure to yield,NHTSA-derived,coarse,1,0,1,1,1,0,1,0,1,1,1,0.7200000000000001
NHTSA_FTY_0062,Template Mapping,Failure to yield,NHTSA-derived,coarse,1,1,1,1,1,1,1,1,1,1,1,1
NHTSA_FTY_0063,Template Mapping,Failure to yield,NHTSA-derived,coarse,1,1,1,1,1,1,1,1,1,1,1,1
NHTSA_FTY_0064,Template Mapping,Failure to yield,NHTSA-derived,coarse,1,1,0,1,1,0,1,0,1,1,0,0.68
NHTSA_FTY_0065,Template Mapping,Failure to yield,NHTSA-derived,coarse,1,1,1,1,1,1,1,1,1,1,1,1
NHTSA_FTY_0066,Template Mapping,Failure to yield,NHTSA-derived,coarse,1,1,1,1,1,1,1,1,1,1,1,1
NHTSA_FTY_0067,Template Mapping,Failure to yield,NHTSA-derived,coarse,1,0,1,1,1,0,1,0,1,1,1,0.7200000000000001
NHTSA_FTY_0068,Template Mapping,Failure to yield,NHTSA-derived,coarse,1,1,1,1,1,1,1,1,1,1,1,1
NHTSA_FTY_0069,Template Mapping,Failure to yield,NHTSA-derived,coarse,0,0,1,,,,,,,,,
NHTSA_FTY_0070,Template Mapping,Failure to yield,NHTSA-derived,coarse,1,0,1,1,1,0,1,0,1,1,1,0.7200000000000001
NHTSA_FTY_0071,Template Mapping,Failure to yield,NHTSA-derived,coarse,1,1,1,1,1,1,1,1,1,1,1,1
NHTSA_FTY_0072,Template Mapping,Failure to yield,NHTSA-derived,coarse,1,1,1,1,1,1,1,1,1,1,1,1
NHTSA_FTY_0073,Template Mapping,Failure to yield,NHTSA-derived,coarse,1,1,1,1,1,1,1,1,1,1,1,1
NHTSA_FTY_0074,Template Mapping,Failure to yield,NHTSA-derived,coarse,1,1,1,1,1,1,1,1,1,1,1,1
NHTSA_FTY_0075,Template Mapping,Failure to yield,NHTSA-derived,coarse,1,1,1,1,1,1,1,1,1,1,1,1
NHTSA_FTY_0076,Template Mapping,Failure to yield,NHTSA-derived,coarse,1,1,1,1,1,1,1,1,1,1,1,1
NHTSA_FTY_0077,Template Mapping,Failure to yield,NHTSA-derived,coarse,1,0,0,1,1,0,1,0,1,1,0,0.68
NHTSA_FTY_0078,Template Mapping,Failure to yield,NHTSA-derived,coarse,1,1,1,1,1,1,1,1,1,1,1,1
NHTSA_FTY_0079,Template Mapping,Failure to yield,NHTSA-derived,coarse,1,0,1,1,1,0,1,0,1,1,0,0.68
NHTSA_FTY_0080,Template Mapping,Failure to yield,NHTSA-derived,coarse,1,1,0,1,1,0,1,0,1,1,0,0.68
NHTSA_FTY_0081,Template Mapping,Failure to yield,NHTSA-derived,coarse,0,0,1,,,,,,,,,
NHTSA_FTY_0082,Template Mapping,Failure to yield,NHTSA-derived,coarse,1,1,1,1,1,1,1,1,1,1,1,1
NHTSA_FTY_0083,Template Mapping,Failure to yield,NHTSA-derived,coarse,1,1,1,1,1,1,1,1,1,1,1,1
NHTSA_FTY_0084,Template Mapping,Failure to yield,NHTSA-derived,coarse,0,0,1,,,,,,,,,
NHTSA_FTY_0085,Template Mapping,Failure to yield,NHTSA-derived,coarse,1,0,1,1,1,0,1,0,1,1,0,0.68
NHTSA_FTY_0086,Template Mapping,Failure to yield,NHTSA-derived,coarse,1,1,1,1,1,1,1,1,1,1,1,1
NHTSA_FTY_0087,Template Mapping,Failure to yield,NHTSA-derived,coarse,1,1,1,1,1,1,1,1,1,1,1,1
NHTSA_FTY_0088,Template Mapping,Failure to yield,NHTSA-derived,coarse,1,0,1,1,1,0,1,0,1,1,1,0.7200000000000001
NHTSA_FTY_0089,Template Mapping,Failure to yield,NHTSA-derived,coarse,1,1,1,1,1,1,1,1,1,1,1,1
NHTSA_FTY_0090,Template Mapping,Failure to yield,NHTSA-derived,coarse,1,1,1,1,1,1,1,1,1,1,1,1
NHTSA_FTY_0091,Template Mapping,Failure to yield,NHTSA-derived,coarse,1,1,1,1,1,0,1,1,1,1,1,0.8400000000000001
NHTSA_FTY_0092,Template Mapping,Failure to yield,NHTSA-derived,coarse,1,0,1,1,1,0,1,0,1,1,1,0.7200000000000001
NHTSA_FTY_0093,Template Mapping,Failure to yield,NHTSA-derived,coarse,1,1,1,1,1,1,1,1,1,1,1,1
NHTSA_FTY_0094,Template Mapping,Failure to yield,NHTSA-derived,coarse,1,0,1,1,1,0,1,0,1,1,1,0.7200000000000001
NHTSA_FTY_0095,Template Mapping,Failure to yield,NHTSA-derived,coarse,1,1,1,1,1,1,1,1,1,1,1,1
NHTSA_FTY_0096,Template Mapping,Failure to yield,NHTSA-derived,coarse,1,1,1,1,1,1,1,1,1,1,1,1
NHTSA_FTY_0097,Template Mapping,Failure to yield,NHTSA-derived,coarse,0,0,1,,,,,,,,,
NHTSA_FTY_0098,Template Mapping,Failure to yield,NHTSA-derived,coarse,1,1,0,1,1,0,1,0,1,1,0,0.68
NHTSA_FTY_0099,Template Mapping,Failure to yield,NHTSA-derived,coarse,1,1,1,1,1,1,1,1,1,1,1,1
NHTSA_FTY_0100,Template Mapping,Failure to yield,NHTSA-derived,coarse,1,1,1,1,1,1,1,1,1,1,1,1
NHTSA_FTY_0101,Template Mapping,Failure to yield,NHTSA-derived,coarse,1,0,1,1,1,0,1,0,1,1,1,0.7200000000000001
NHTSA_FTY_0102,Template Mapping,Failure to yield,NHTSA-derived,coarse,0,0,1,,,,,,,,,
NHTSA_FTY_0103,Template Mapping,Failure to yield,NHTSA-derived,coarse,1,1,1,1,1,1,1,1,1,1,1,1
NHTSA_FTY_0104,Template Mapping,Failure to yield,NHTSA-derived,coarse,1,1,1,1,1,1,1,1,1,1,1,1
NHTSA_FTY_0105,Template Mapping,Failure to yield,NHTSA-derived,coarse,0,0,1,,,,,,,,,
NHTSA_FTY_0106,Template Mapping,Failure to yield,NHTSA-derived,coarse,1,1,1,1,1,1,1,1,1,1,1,1
NHTSA_FTY_0107,Template Mapping,Failure to yield,NHTSA-derived,coarse,1,0,1,1,1,0,1,0,1,1,1,0.7200000000000001
NHTSA_FTY_0108,Template Mapping,Failure to yield,NHTSA-derived,coarse,1,0,1,1,1,0,1,0,1,1,1,0.7200000000000001
NHTSA_FTY_0109,Template Mapping,Failure to yield,NHTSA-derived,coarse,1,1,1,1,1,1,1,1,1,1,1,1
NHTSA_FTY_0110,Template Mapping,Failure to yield,NHTSA-derived,coarse,1,1,1,1,1,1,1,1,1,1,1,1
NHTSA_FTY_0111,Template Mapping,Failure to yield,NHTSA-derived,coarse,0,0,1,,,,,,,,,
NHTSA_FTY_0112,Template Mapping,Failure to yield,NHTSA-derived,coarse,1,1,1,1,1,1,1,1,1,1,1,1
NHTSA_FTY_0113,Template Mapping,Failure to yield,NHTSA-derived,coarse,1,1,1,1,1,1,1,1,1,1,1,1
NHTSA_FTY_0114,Template Mapping,Failure to yield,NHTSA-derived,coarse,0,0,1,,,,,,,,,
NHTSA_FTY_0115,Template Mapping,Failure to yield,NHTSA-derived,coarse,0,0,1,,,,,,,,,
NHTSA_FTY_0116,Template Mapping,Failure to yield,NHTSA-derived,coarse,1,0,1,1,1,0,1,0,1,1,1,0.7200000000000001
NHTSA_FTY_0117,Template Mapping,Failure to yield,NHTSA-derived,coarse,1,1,1,1,1,1,1,1,1,1,1,1
NHTSA_FTY_0118,Template Mapping,Failure to yield,NHTSA-derived,coarse,0,0,1,,,,,,,,,
NHTSA_FTY_0119,Template Mapping,Failure to yield,NHTSA-derived,coarse,1,1,1,1,1,1,1,1,1,1,1,1
NHTSA_FTY_0120,Template Mapping,Failure to yield,NHTSA-derived,coarse,1,1,0,1,1,0,1,0,1,1,0,0.68
NHTSA_FTY_0121,Template Mapping,Failure to yield,NHTSA-derived,coarse,0,0,1,,,,,,,,,
NHTSA_FTY_0122,Template Mapping,Failure to yield,NHTSA-derived,coarse,0,0,1,,,,,,,,,
NHTSA_FTY_0123,Template Mapping,Failure to yield,NHTSA-derived,coarse,1,1,1,1,1,1,1,1,1,1,1,1
NHTSA_FTY_0124,Template Mapping,Failure to yield,NHTSA-derived,coarse,1,1,1,1,1,1,1,1,1,1,1,1
NHTSA_FTY_0125,Template Mapping,Failure to yield,NHTSA-derived,coarse,0,0,1,,,,,,,,,
NHTSA_FTY_0126,Template Mapping,Failure to yield,NHTSA-derived,coarse,0,0,1,,,,,,,,,
NHTSA_FTY_0127,Template Mapping,Failure to yield,NHTSA-derived,coarse,1,1,0,1,1,0,1,0,1,1,0,0.68
NHTSA_FTY_0128,Template Mapping,Failure to yield,NHTSA-derived,coarse,1,0,1,1,1,0,1,0,1,1,1,0.7200000000000001
NHTSA_FTY_0129,Template Mapping,Failure to yield,NHTSA-derived,coarse,1,0,1,1,1,0,1,0,1,1,1,0.7200000000000001
NHTSA_FTY_0130,Template Mapping,Failure to yield,NHTSA-derived,coarse,1,1,1,1,1,1,1,1,1,1,1,1
NHTSA_FTY_0131,Template Mapping,Failure to yield,NHTSA-derived,coarse,1,1,1,1,1,1,1,1,1,1,1,1
NHTSA_FTY_0132,Template Mapping,Failure to yield,NHTSA-derived,coarse,1,0,1,1,1,0,1,0,1,1,1,0.7200000000000001
NHTSA_FTY_0133,Template Mapping,Failure to yield,NHTSA-derived,coarse,1,1,0,1,1,0,1,0,1,1,0,0.68
NHTSA_FTY_0134,Template Mapping,Failure to yield,NHTSA-derived,coarse,1,1,1,1,1,1,1,1,1,1,1,1
NHTSA_FTY_0135,Template Mapping,Failure to yield,NHTSA-derived,coarse,1,1,1,1,1,1,1,1,1,1,1,1
NHTSA_FTY_0136,Template Mapping,Failure to yield,NHTSA-derived,coarse,1,0,1,1,1,0,1,0,1,1,1,0.7200000000000001
NHTSA_FTY_0137,Template Mapping,Failure to yield,NHTSA-derived,coarse,1,1,0,1,1,0,1,0,1,1,0,0.68
NHTSA_FTY_0138,Template Mapping,Failure to yield,NHTSA-derived,coarse,1,0,1,1,1,0,1,0,1,1,1,0.7200000000000001
NHTSA_FTY_0139,Template Mapping,Failure to yield,NHTSA-derived,coarse,1,0,1,1,1,0,1,0,1,1,1,0.7200000000000001
NHTSA_FTY_0140,Template Mapping,Failure to yield,NHTSA-derived,coarse,0,0,1,,,,,,,,,
NHTSA_FTY_0141,Template Mapping,Failure to yield,NHTSA-derived,coarse,1,1,1,1,1,1,1,1,1,1,1,1
NHTSA_FTY_0142,Template Mapping,Failure to yield,NHTSA-derived,coarse,1,0,1,1,1,0,1,0,1,1,1,0.7200000000000001
NHTSA_FTY_0143,Template Mapping,Failure to yield,NHTSA-derived,coarse,1,1,1,1,1,1,1,1,1,1,1,1
NHTSA_FTY_0144,Template Mapping,Failure to yield,NHTSA-derived,coarse,1,0,0,1,0,0,1,0,1,1,0,0.58
NHTSA_FTY_0145,Template Mapping,Failure to yield,NHTSA-derived,coarse,0,0,1,,,,,,,,,
NHTSA_FTY_0146,Template Mapping,Failure to yield,NHTSA-derived,coarse,1,1,1,1,1,1,1,1,1,1,1,1
NHTSA_FTY_0147,Template Mapping,Failure to yield,NHTSA-derived,coarse,1,1,1,1,1,1,1,1,1,1,1,1
NHTSA_FTY_0148,Template Mapping,Failure to yield,NHTSA-derived,coarse,1,0,0,1,1,0,1,0,1,1,0,0.68
NHTSA_FTY_0149,Template Mapping,Failure to yield,NHTSA-derived,coarse,0,0,1,,,,,,,,,
NHTSA_FTY_0150,Template Mapping,Failure to yield,NHTSA-derived,coarse,1,1,1,1,1,1,1,1,1,1,1,1
NHTSA_FTY_0151,Template Mapping,Failure to yield,NHTSA-derived,coarse,1,0,1,1,1,0,1,0,1,1,0,0.68
NHTSA_FTY_0152,Template Mapping,Failure to yield,NHTSA-derived,coarse,1,0,1,1,1,0,1,0,1,1,1,0.7200000000000001
NHTSA_FTY_0153,Template Mapping,Failure to yield,NHTSA-derived,coarse,1,1,1,1,1,1,1,1,1,1,1,1
NHTSA_FTY_0154,Template Mapping,Failure to yield,NHTSA-derived,coarse,1,0,1,1,1,0,1,0,1,1,1,0.7200000000000001
NHTSA_FTY_0155,Template Mapping,Failure to yield,NHTSA-derived,coarse,1,1,0,1,1,0,1,0,1,1,0,0.68
NHTSA_FTY_0156,Template Mapping,Failure to yield,NHTSA-derived,coarse,1,1,1,1,1,1,1,1,1,1,1,1
NHTSA_FTY_0157,Template Mapping,Failure to yield,NHTSA-derived,coarse,1,0,1,1,1,0,1,0,1,1,1,0.7200000000000001
NHTSA_FTY_0158,Template Mapping,Failure to yield,NHTSA-derived,coarse,1,1,1,1,1,1,1,1,1,1,1,1
NHTSA_FTY_0159,Template Mapping,Failure to yield,NHTSA-derived,coarse,1,1,1,1,1,1,1,1,1,1,1,1
NHTSA_FTY_0160,Template Mapping,Failure to yield,NHTSA-derived,coarse,1,1,1,1,1,1,1,1,1,1,1,1
NHTSA_FTY_0161,Template Mapping,Failure to yield,NHTSA-derived,coarse,1,0,1,1,1,0,1,0,1,1,1,0.7200000000000001
NHTSA_FTY_0162,Template Mapping,Failure to yield,NHTSA-derived,coarse,1,1,1,1,1,1,1,1,1,1,1,1
NHTSA_FTY_0163,Template Mapping,Failure to yield,NHTSA-derived,coarse,1,0,1,1,1,0,1,0,1,1,1,0.7200000000000001
NHTSA_FTY_0164,Template Mapping,Failure to yield,NHTSA-derived,coarse,1,1,0,1,1,0,1,0,1,1,0,0.68
NHTSA_FTY_0165,Template Mapping,Failure to yield,NHTSA-derived,coarse,1,0,0,1,1,0,1,0,1,1,0,0.68
NHTSA_FTY_0166,Template Mapping,Failure to yield,NHTSA-derived,coarse,0,0,1,,,,,,,,,
NHTSA_FTY_0167,Template Mapping,Failure to yield,NHTSA-derived,coarse,1,1,1,1,1,1,1,1,1,1,1,1
NHTSA_FTY_0168,Template Mapping,Failure to yield,NHTSA-derived,coarse,1,1,1,1,1,1,1,1,1,1,1,1
NHTSA_FTY_0169,Template Mapping,Failure to yield,NHTSA-derived,coarse,0,0,1,,,,,,,,,
NHTSA_FTY_0170,Template Mapping,Failure to yield,NHTSA-derived,coarse,1,1,1,1,1,0,1,1,1,1,1,0.8400000000000001
NHTSA_FTY_0171,Template Mapping,Failure to yield,NHTSA-derived,coarse,0,0,1,,,,,,,,,
NHTSA_FTY_0172,Template Mapping,Failure to yield,NHTSA-derived,coarse,1,1,0,1,1,0,1,0,1,1,0,0.68
NHTSA_FTY_0173,Template Mapping,Failure to yield,NHTSA-derived,coarse,1,1,1,1,1,1,1,1,1,1,1,1
NHTSA_FTY_0174,Template Mapping,Failure to yield,NHTSA-derived,coarse,1,0,1,1,1,0,1,1,1,1,1,0.8400000000000001
NHTSA_FTY_0175,Template Mapping,Failure to yield,NHTSA-derived,coarse,1,1,1,1,1,1,1,1,1,1,1,1
NHTSA_FTY_0176,Template Mapping,Failure to yield,NHTSA-derived,coarse,1,1,1,1,1,1,1,1,1,1,1,1
NHTSA_FTY_0177,Template Mapping,Failure to yield,NHTSA-derived,coarse,1,1,1,1,1,1,1,1,1,1,1,1
NHTSA_FTY_0178,Template Mapping,Failure to yield,NHTSA-derived,coarse,1,1,1,1,1,1,1,1,1,1,1,1
NHTSA_FTY_0179,Template Mapping,Failure to yield,NHTSA-derived,coarse,1,1,0,1,1,0,1,0,1,1,0,0.68
NHTSA_FTY_0180,Template Mapping,Failure to yield,NHTSA-derived,coarse,1,1,0,1,1,0,1,0,1,1,0,0.68
NHTSA_FTY_0181,Template Mapping,Failure to yield,NHTSA-derived,coarse,1,0,1,1,1,0,1,0,1,1,1,0.7200000000000001
NHTSA_FTY_0182,Template Mapping,Failure to yield,NHTSA-derived,coarse,1,1,1,1,1,0,1,1,1,1,1,0.8400000000000001
NHTSA_FTY_0183,Template Mapping,Failure to yield,NHTSA-derived,coarse,1,1,1,1,1,1,1,1,1,1,1,1
NHTSA_FTY_0184,Template Mapping,Failure to yield,NHTSA-derived,coarse,1,1,1,1,1,1,1,1,1,1,1,1
NHTSA_FTY_0185,Template Mapping,Failure to yield,NHTSA-derived,coarse,0,0,1,,,,,,,,,
NHTSA_FTY_0186,Template Mapping,Failure to yield,NHTSA-derived,coarse,1,1,1,1,1,1,1,1,1,1,1,1
NHTSA_FTY_0187,Template Mapping,Failure to yield,NHTSA-derived,coarse,0,0,1,,,,,,,,,
NHTSA_FTY_0188,Template Mapping,Failure to yield,NHTSA-derived,coarse,0,0,1,,,,,,,,,
NHTSA_FTY_0189,Template Mapping,Failure to yield,NHTSA-derived,coarse,0,0,0,,,,,,,,,
NHTSA_FTY_0190,Template Mapping,Failure to yield,NHTSA-derived,coarse,1,0,1,1,1,0,1,0,1,1,1,0.7200000000000001
NHTSA_FTY_0191,Template Mapping,Failure to yield,NHTSA-derived,coarse,1,1,1,1,1,1,1,1,1,1,1,1
NHTSA_FTY_0192,Template Mapping,Failure to yield,NHTSA-derived,coarse,1,1,1,1,1,1,1,1,1,1,1,1
NHTSA_FTY_0193,Template Mapping,Failure to yield,NHTSA-derived,coarse,1,1,0,1,1,0,1,0,1,1,0,0.68
NHTSA_FTY_0194,Template Mapping,Failure to yield,NHTSA-derived,coarse,1,0,1,1,1,0,1,0,1,1,1,0.7200000000000001
NHTSA_FTY_0195,Template Mapping,Failure to yield,NHTSA-derived,coarse,1,1,1,1,1,1,1,1,1,1,1,1
NHTSA_FTY_0196,Template Mapping,Failure to yield,NHTSA-derived,coarse,1,1,1,1,1,1,1,1,1,1,1,1
NHTSA_FTY_0197,Template Mapping,Failure to yield,NHTSA-derived,coarse,1,0,1,1,1,0,1,0,1,1,0,0.68
NHTSA_FTY_0198,Template Mapping,Failure to yield,NHTSA-derived,coarse,1,1,1,1,1,1,1,1,1,1,1,1
NHTSA_FTY_0199,Template Mapping,Failure to yield,NHTSA-derived,coarse,1,0,1,1,1,0,1,0,1,1,1,0.7200000000000001
NHTSA_FTY_0200,Template Mapping,Failure to yield,NHTSA-derived,coarse,1,1,1,1,1,1,1,1,1,1,1,1
NHTSA_FTY_0201,Template Mapping,Failure to yield,NHTSA-derived,coarse,1,1,1,1,1,1,1,1,1,1,1,1
NHTSA_FTY_0202,Template Mapping,Failure to yield,NHTSA-derived,coarse,1,1,1,1,1,1,1,1,1,1,1,1
NHTSA_FTY_0203,Template Mapping,Failure to yield,NHTSA-derived,coarse,1,0,1,1,1,0,1,0,1,1,1,0.7200000000000001
NHTSA_FTY_0204,Template Mapping,Failure to yield,NHTSA-derived,coarse,1,1,1,1,1,1,1,1,1,1,1,1
NHTSA_FTY_0205,Template Mapping,Failure to yield,NHTSA-derived,coarse,1,0,1,1,1,0,1,0,1,1,1,0.7200000000000001
NHTSA_FTY_0206,Template Mapping,Failure to yield,NHTSA-derived,coarse,1,0,1,1,1,0,1,0,1,1,1,0.7200000000000001
NHTSA_FTY_0207,Template Mapping,Failure to yield,NHTSA-derived,coarse,1,1,1,1,1,1,1,1,1,1,1,1
NHTSA_FTY_0208,Template Mapping,Failure to yield,NHTSA-derived,coarse,1,0,1,1,1,0,1,0,1,1,0,0.68
NHTSA_FTY_0209,Template Mapping,Failure to yield,NHTSA-derived,coarse,1,0,1,1,1,0,1,0,1,1,1,0.7200000000000001
NHTSA_FTY_0210,Template Mapping,Failure to yield,NHTSA-derived,coarse,1,0,1,1,1,0,1,0,1,1,1,0.7200000000000001
NHTSA_FTY_0211,Template Mapping,Failure to yield,NHTSA-derived,coarse,1,1,1,1,1,1,1,1,1,1,1,1
NHTSA_FTY_0212,Template Mapping,Failure to yield,NHTSA-derived,coarse,0,0,1,,,,,,,,,
NHTSA_FTY_0213,Template Mapping,Failure to yield,NHTSA-derived,coarse,0,0,0,,,,,,,,,
NHTSA_FTY_0214,Template Mapping,Failure to yield,NHTSA-derived,coarse,1,1,1,1,1,1,1,1,1,1,1,1
NHTSA_FTY_0215,Template Mapping,Failure to yield,NHTSA-derived,coarse,1,1,1,1,1,1,1,1,1,1,1,1
NHTSA_FTY_0216,Template Mapping,Failure to yield,NHTSA-derived,coarse,1,0,1,1,1,0,1,0,1,1,1,0.7200000000000001
NHTSA_FTY_0217,Template Mapping,Failure to yield,NHTSA-derived,coarse,1,1,1,1,1,0,1,1,1,1,1,0.8400000000000001
NHTSA_FTY_0218,Template Mapping,Failure to yield,NHTSA-derived,coarse,1,1,1,1,1,1,1,1,1,1,1,1
NHTSA_FTY_0219,Template Mapping,Failure to yield,NHTSA-derived,coarse,1,1,1,1,1,1,1,1,1,1,1,1
NHTSA_FTY_0220,Template Mapping,Failure to yield,NHTSA-derived,coarse,0,0,1,,,,,,,,,
NHTSA_FTY_0221,Template Mapping,Failure to yield,NHTSA-derived,coarse,1,1,1,1,1,0,1,0,1,1,1,0.7200000000000001
NHTSA_FTY_0222,Template Mapping,Failure to yield,NHTSA-derived,coarse,1,0,1,1,1,0,1,0,1,1,1,0.7200000000000001
NHTSA_FTY_0223,Template Mapping,Failure to yield,NHTSA-derived,coarse,1,1,1,1,1,1,1,1,1,1,1,1
NHTSA_FTY_0224,Template Mapping,Failure to yield,NHTSA-derived,coarse,1,0,1,1,1,0,1,0,1,1,1,0.7200000000000001
NHTSA_FTY_0225,Template Mapping,Failure to yield,NHTSA-derived,coarse,1,1,1,1,1,1,1,1,1,1,1,1
NHTSA_FTY_0226,Template Mapping,Failure to yield,NHTSA-derived,coarse,1,0,1,1,1,0,1,0,1,1,1,0.7200000000000001
NHTSA_FTY_0227,Template Mapping,Failure to yield,NHTSA-derived,coarse,0,0,1,,,,,,,,,
NHTSA_FTY_0228,Template Mapping,Failure to yield,NHTSA-derived,coarse,0,0,1,,,,,,,,,
NHTSA_FTY_0229,Template Mapping,Failure to yield,NHTSA-derived,coarse,1,0,1,1,1,0,1,0,1,1,1,0.7200000000000001
NHTSA_FTY_0230,Template Mapping,Failure to yield,NHTSA-derived,coarse,1,1,1,1,1,1,1,1,1,1,1,1
NHTSA_FTY_0231,Template Mapping,Failure to yield,NHTSA-derived,coarse,0,0,1,,,,,,,,,
NHTSA_FTY_0232,Template Mapping,Failure to yield,NHTSA-derived,coarse,1,1,1,1,1,1,1,1,1,1,1,1
NHTSA_FTY_0233,Template Mapping,Failure to yield,NHTSA-derived,coarse,1,1,1,1,1,1,1,1,1,1,1,1
NHTSA_FTY_0234,Template Mapping,Failure to yield,NHTSA-derived,coarse,1,1,1,1,1,1,1,1,1,1,1,1
NHTSA_FTY_0235,Template Mapping,Failure to yield,NHTSA-derived,coarse,1,1,1,1,1,1,1,1,1,1,1,1
NHTSA_FTY_0236,Template Mapping,Failure to yield,NHTSA-derived,coarse,1,1,1,1,1,1,1,1,1,1,1,1
NHTSA_FTY_0237,Template Mapping,Failure to yield,NHTSA-derived,coarse,1,1,1,1,1,1,1,1,1,1,1,1
NHTSA_FTY_0238,Template Mapping,Failure to yield,NHTSA-derived,coarse,0,0,1,,,,,,,,,
NHTSA_FTY_0239,Template Mapping,Failure to yield,NHTSA-derived,coarse,1,0,1,1,1,0,1,0,1,1,1,0.7200000000000001
NHTSA_FTY_0240,Template Mapping,Failure to yield,NHTSA-derived,coarse,1,1,1,1,1,1,1,1,1,1,1,1
NHTSA_FTY_0241,Template Mapping,Failure to yield,NHTSA-derived,coarse,1,1,1,1,1,1,1,1,1,1,1,1
NHTSA_FTY_0242,Template Mapping,Failure to yield,NHTSA-derived,coarse,1,0,1,1,1,0,1,0,1,1,1,0.7200000000000001
NHTSA_FTY_0243,Template Mapping,Failure to yield,NHTSA-derived,coarse,1,1,1,1,1,1,1,1,1,1,1,1
NHTSA_FTY_0244,Template Mapping,Failure to yield,NHTSA-derived,coarse,1,1,1,1,1,1,1,1,1,1,1,1
NHTSA_FTY_0245,Template Mapping,Failure to yield,NHTSA-derived,coarse,0,0,0,,,,,,,,,
NHTSA_FTY_0246,Template Mapping,Failure to yield,NHTSA-derived,coarse,1,1,1,1,1,1,1,1,1,1,1,1
NHTSA_FTY_0247,Template Mapping,Failure to yield,NHTSA-derived,coarse,0,0,1,,,,,,,,,
NHTSA_FTY_0248,Template Mapping,Failure to yield,NHTSA-derived,coarse,1,1,1,1,1,1,1,1,1,1,1,1
NHTSA_FTY_0249,Template Mapping,Failure to yield,NHTSA-derived,coarse,1,1,1,1,1,1,1,1,1,1,1,1
NHTSA_FTY_0250,Template Mapping,Failure to yield,NHTSA-derived,coarse,1,1,1,1,1,1,1,1,1,1,1,1
NHTSA_FTY_0251,Template Mapping,Failure to yield,NHTSA-derived,coarse,1,1,1,1,1,1,1,1,1,1,1,1
NHTSA_FTY_0252,Template Mapping,Failure to yield,NHTSA-derived,coarse,1,1,1,1,1,1,1,1,1,1,1,1
NHTSA_FTY_0253,Template Mapping,Failure to yield,NHTSA-derived,coarse,1,0,1,1,1,0,1,0,1,1,1,0.7200000000000001
NHTSA_FTY_0254,Template Mapping,Failure to yield,NHTSA-derived,coarse,1,1,1,1,1,0,1,1,1,1,1,0.8400000000000001
NHTSA_FTY_0255,Template Mapping,Failure to yield,NHTSA-derived,coarse,1,1,1,1,1,1,1,1,1,1,1,1
NHTSA_FTY_0256,Template Mapping,Failure to yield,NHTSA-derived,coarse,1,1,1,1,1,1,1,1,1,1,1,1
NHTSA_FTY_0257,Template Mapping,Failure to yield,NHTSA-derived,coarse,0,0,1,,,,,,,,,
NHTSA_FTY_0258,Template Mapping,Failure to yield,NHTSA-derived,coarse,1,1,1,1,1,1,1,1,1,1,1,1
NHTSA_FTY_0259,Template Mapping,Failure to yield,NHTSA-derived,coarse,1,1,1,1,1,1,1,1,1,1,1,1
NHTSA_FTY_0260,Template Mapping,Failure to yield,NHTSA-derived,coarse,1,1,1,1,1,1,1,1,1,1,1,1
NHTSA_FTY_0261,Template Mapping,Failure to yield,NHTSA-derived,coarse,0,0,1,,,,,,,,,
NHTSA_FTY_0262,Template Mapping,Failure to yield,NHTSA-derived,coarse,1,1,1,1,1,1,1,1,1,1,1,1
NHTSA_FTY_0263,Template Mapping,Failure to yield,NHTSA-derived,coarse,1,0,0,1,1,0,1,0,1,1,0,0.68
NHTSA_FTY_0264,Template Mapping,Failure to yield,NHTSA-derived,coarse,1,0,0,1,1,0,1,0,1,1,0,0.68
NHTSA_FTY_0265,Template Mapping,Failure to yield,NHTSA-derived,coarse,1,0,0,1,1,0,1,0,1,1,0,0.68
NHTSA_FTY_0266,Template Mapping,Failure to yield,NHTSA-derived,coarse,1,1,1,1,1,1,1,1,1,1,1,1
NHTSA_FTY_0267,Template Mapping,Failure to yield,NHTSA-derived,coarse,1,0,1,1,1,0,1,0,1,1,1,0.7200000000000001
NHTSA_FTY_0268,Template Mapping,Failure to yield,NHTSA-derived,coarse,1,1,1,1,1,1,1,1,1,1,1,1
NHTSA_FTY_0269,Template Mapping,Failure to yield,NHTSA-derived,coarse,1,0,1,1,1,0,1,0,1,1,1,0.7200000000000001
NHTSA_FTY_0270,Template Mapping,Failure to yield,NHTSA-derived,coarse,0,0,1,,,,,,,,,
NHTSA_FTY_0271,Template Mapping,Failure to yield,NHTSA-derived,coarse,1,1,1,1,1,1,1,1,1,1,1,1
NHTSA_FTY_0272,Template Mapping,Failure to yield,NHTSA-derived,coarse,1,1,1,1,1,1,1,1,1,1,1,1
NHTSA_FTY_0273,Template Mapping,Failure to yield,NHTSA-derived,coarse,1,0,1,1,1,0,1,0,1,1,1,0.7200000000000001
NHTSA_FTY_0274,Template Mapping,Failure to yield,NHTSA-derived,coarse,1,1,1,1,1,1,1,1,1,1,1,1
NHTSA_FTY_0275,Template Mapping,Failure to yield,NHTSA-derived,coarse,0,0,1,,,,,,,,,
NHTSA_FTY_0276,Template Mapping,Failure to yield,NHTSA-derived,coarse,1,0,1,1,1,0,1,0,1,1,0,0.68
NHTSA_FTY_0277,Template Mapping,Failure to yield,NHTSA-derived,coarse,0,0,1,,,,,,,,,
NHTSA_FTY_0278,Template Mapping,Failure to yield,NHTSA-derived,coarse,0,0,1,,,,,,,,,
NHTSA_FTY_0279,Template Mapping,Failure to yield,NHTSA-derived,coarse,1,0,1,1,1,0,1,0,1,1,1,0.7200000000000001
NHTSA_FTY_0280,Template Mapping,Failure to yield,NHTSA-derived,coarse,1,1,1,1,1,1,1,1,1,1,1,1
NHTSA_FTY_0281,Template Mapping,Failure to yield,NHTSA-derived,coarse,1,1,1,1,1,1,1,1,1,1,1,1
NHTSA_FTY_0282,Template Mapping,Failure to yield,NHTSA-derived,coarse,0,0,0,,,,,,,,,
NHTSA_FTY_0283,Template Mapping,Failure to yield,NHTSA-derived,coarse,1,0,1,1,1,0,1,0,1,1,1,0.7200000000000001
NHTSA_FTY_0284,Template Mapping,Failure to yield,NHTSA-derived,coarse,1,1,1,1,1,1,1,1,1,1,1,1
NHTSA_FTY_0285,Template Mapping,Failure to yield,NHTSA-derived,coarse,1,1,1,1,1,1,1,1,1,1,1,1
NHTSA_FTY_0286,Template Mapping,Failure to yield,NHTSA-derived,coarse,1,1,1,1,1,1,1,1,1,1,1,1
NHTSA_FTY_0287,Template Mapping,Failure to yield,NHTSA-derived,coarse,1,1,1,1,1,1,1,1,1,1,1,1
NHTSA_FTY_0288,Template Mapping,Failure to yield,NHTSA-derived,coarse,1,1,1,1,1,1,1,1,1,1,1,1
NHTSA_FTY_0289,Template Mapping,Failure to yield,NHTSA-derived,coarse,1,1,1,1,1,1,1,1,1,1,1,1
NHTSA_FTY_0290,Template Mapping,Failure to yield,NHTSA-derived,coarse,1,1,1,1,1,1,1,1,1,1,1,1
NHTSA_FTY_0291,Template Mapping,Failure to yield,NHTSA-derived,coarse,1,1,1,1,1,1,1,1,1,1,1,1
NHTSA_FTY_0292,Template Mapping,Failure to yield,NHTSA-derived,coarse,1,1,1,1,1,1,1,1,1,1,1,1
NHTSA_FTY_0293,Template Mapping,Failure to yield,NHTSA-derived,coarse,1,0,1,1,1,0,1,0,1,1,0,0.68
NHTSA_FTY_0294,Template Mapping,Failure to yield,NHTSA-derived,coarse,0,0,1,,,,,,,,,
NHTSA_FTY_0295,Template Mapping,Failure to yield,NHTSA-derived,coarse,1,1,1,1,1,1,1,1,1,1,1,1
NHTSA_FTY_0296,Template Mapping,Failure to yield,NHTSA-derived,coarse,1,1,1,1,1,1,1,1,1,1,1,1
NHTSA_FTY_0297,Template Mapping,Failure to yield,NHTSA-derived,coarse,1,0,1,1,1,0,1,0,1,1,1,0.7200000000000001
NHTSA_FTY_0298,Template Mapping,Failure to yield,NHTSA-derived,coarse,1,1,1,1,1,1,1,1,1,1,1,1
NHTSA_FTY_0299,Template Mapping,Failure to yield,NHTSA-derived,coarse,1,0,1,1,1,0,1,0,1,1,1,0.7200000000000001
NHTSA_FTY_0300,Template Mapping,Failure to yield,NHTSA-derived,coarse,1,1,1,1,1,1,1,1,1,1,1,1
NHTSA_FTY_0301,Template Mapping,Failure to yield,NHTSA-derived,coarse,1,1,1,1,1,1,1,1,1,1,1,1
NHTSA_FTY_0302,Template Mapping,Failure to yield,NHTSA-derived,coarse,1,1,1,1,1,1,1,1,1,1,1,1
NHTSA_FTY_0303,Template Mapping,Failure to yield,NHTSA-derived,coarse,0,0,1,,,,,,,,,
NHTSA_FTY_0304,Template Mapping,Failure to yield,NHTSA-derived,coarse,0,0,1,,,,,,,,,
NHTSA_FTY_0305,Template Mapping,Failure to yield,NHTSA-derived,coarse,1,1,1,1,1,1,1,1,1,1,1,1
NHTSA_FTY_0306,Template Mapping,Failure to yield,NHTSA-derived,coarse,1,1,1,1,1,1,1,1,1,1,1,1
NHTSA_FTY_0307,Template Mapping,Failure to yield,NHTSA-derived,coarse,1,0,1,1,1,0,1,0,1,1,1,0.7200000000000001
NHTSA_FTY_0308,Template Mapping,Failure to yield,NHTSA-derived,coarse,1,1,1,1,1,1,1,1,1,1,1,1
NHTSA_FTY_0309,Template Mapping,Failure to yield,NHTSA-derived,coarse,1,1,1,1,1,1,1,1,1,1,1,1
NHTSA_FTY_0310,Template Mapping,Failure to yield,NHTSA-derived,coarse,0,0,1,,,,,,,,,
NHTSA_FTY_0311,Template Mapping,Failure to yield,NHTSA-derived,coarse,1,1,1,1,1,1,1,1,1,1,1,1
NHTSA_FTY_0312,Template Mapping,Failure to yield,NHTSA-derived,coarse,1,1,1,1,1,1,1,1,1,1,1,1
NHTSA_FTY_0313,Template Mapping,Failure to yield,NHTSA-derived,coarse,1,1,1,1,1,1,1,1,1,1,1,1
NHTSA_FTY_0314,Template Mapping,Failure to yield,NHTSA-derived,coarse,1,0,1,1,1,0,1,0,1,1,1,0.7200000000000001
NHTSA_FTY_0315,Template Mapping,Failure to yield,NHTSA-derived,coarse,1,0,1,1,1,0,1,0,1,1,1,0.7200000000000001
NHTSA_FTY_0316,Template Mapping,Failure to yield,NHTSA-derived,coarse,0,0,1,,,,,,,,,
NHTSA_FTY_0317,Template Mapping,Failure to yield,NHTSA-derived,coarse,1,1,1,1,1,1,1,1,1,1,1,1
NHTSA_FTY_0318,Template Mapping,Failure to yield,NHTSA-derived,coarse,1,0,1,1,1,0,1,0,1,1,1,0.7200000000000001
NHTSA_FTY_0319,Template Mapping,Failure to yield,NHTSA-derived,coarse,1,1,1,1,1,1,1,1,1,1,1,1
NHTSA_FTY_0320,Template Mapping,Failure to yield,NHTSA-derived,coarse,1,1,1,1,1,1,1,1,1,1,1,1
NHTSA_FTY_0321,Template Mapping,Failure to yield,NHTSA-derived,coarse,1,1,1,1,1,1,1,1,1,1,1,1
NHTSA_FTY_0322,Template Mapping,Failure to yield,NHTSA-derived,coarse,1,0,1,1,1,0,1,0,1,1,1,0.7200000000000001
NHTSA_FTY_0323,Template Mapping,Failure to yield,NHTSA-derived,coarse,1,0,1,1,1,0,1,0,1,1,1,0.7200000000000001
NHTSA_FTY_0324,Template Mapping,Failure to yield,NHTSA-derived,coarse,1,0,1,1,1,0,1,0,1,1,1,0.7200000000000001
NHTSA_FTY_0325,Template Mapping,Failure to yield,NHTSA-derived,coarse,1,1,1,1,1,1,1,1,1,1,1,1
NHTSA_FTY_0326,Template Mapping,Failure to yield,NHTSA-derived,coarse,1,0,1,1,1,0,1,0,1,1,0,0.68
NHTSA_FTY_0327,Template Mapping,Failure to yield,NHTSA-derived,coarse,1,1,0,1,1,0,1,0,1,1,0,0.68
NHTSA_FTY_0328,Template Mapping,Failure to yield,NHTSA-derived,coarse,0,0,1,,,,,,,,,
NHTSA_FTY_0329,Template Mapping,Failure to yield,NHTSA-derived,coarse,1,1,1,1,1,1,1,1,1,1,1,1
NHTSA_FTY_0330,Template Mapping,Failure to yield,NHTSA-derived,coarse,1,0,1,1,1,0,1,0,1,1,1,0.7200000000000001
NHTSA_FTY_0331,Template Mapping,Failure to yield,NHTSA-derived,coarse,1,0,1,1,1,0,1,0,1,1,1,0.7200000000000001
NHTSA_FTY_0332,Template Mapping,Failure to yield,NHTSA-derived,coarse,1,1,1,1,1,1,1,1,1,1,1,1
NHTSA_FTY_0333,Template Mapping,Failure to yield,NHTSA-derived,coarse,1,0,0,1,1,0,1,0,1,1,0,0.68
NHTSA_FTY_0334,Template Mapping,Failure to yield,NHTSA-derived,coarse,1,1,1,1,1,1,1,1,1,1,1,1
NHTSA_FTY_0335,Template Mapping,Failure to yield,NHTSA-derived,coarse,1,1,1,1,1,1,1,1,1,1,1,1
NHTSA_FTY_0336,Template Mapping,Failure to yield,NHTSA-derived,coarse,1,1,1,1,1,1,1,1,1,1,1,1
NHTSA_FTY_0337,Template Mapping,Failure to yield,NHTSA-derived,coarse,1,1,1,1,1,1,1,1,1,1,1,1
NHTSA_FTY_0338,Template Mapping,Failure to yield,NHTSA-derived,coarse,1,1,1,1,1,1,1,1,1,1,1,1
NHTSA_FTY_0339,Template Mapping,Failure to yield,NHTSA-derived,coarse,1,1,1,1,1,1,1,1,1,1,1,1
NHTSA_FTY_0340,Template Mapping,Failure to yield,NHTSA-derived,coarse,1,1,1,1,1,1,1,1,1,1,1,1
NHTSA_FTY_0341,Template Mapping,Failure to yield,NHTSA-derived,coarse,1,1,1,1,1,1,1,1,1,1,1,1
NHTSA_FTY_0342,Template Mapping,Failure to yield,NHTSA-derived,coarse,1,0,1,1,1,0,1,0,1,1,0,0.68
NHTSA_FTY_0343,Template Mapping,Failure to yield,NHTSA-derived,coarse,1,0,1,1,1,0,1,0,1,1,1,0.7200000000000001
NHTSA_FTY_0344,Template Mapping,Failure to yield,NHTSA-derived,coarse,1,1,1,1,1,1,1,1,1,1,1,1
NHTSA_FTY_0345,Template Mapping,Failure to yield,NHTSA-derived,coarse,1,1,1,1,1,1,1,1,1,1,1,1
NHTSA_FTY_0346,Template Mapping,Failure to yield,NHTSA-derived,coarse,0,0,1,,,,,,,,,
NHTSA_FTY_0347,Template Mapping,Failure to yield,NHTSA-derived,coarse,1,0,1,1,1,0,1,0,1,1,1,0.7200000000000001
NHTSA_FTY_0348,Template Mapping,Failure to yield,NHTSA-derived,coarse,0,0,1,,,,,,,,,
NHTSA_FTY_0349,Template Mapping,Failure to yield,NHTSA-derived,coarse,1,1,1,1,1,1,1,1,1,1,1,1
NHTSA_FTY_0350,Template Mapping,Failure to yield,NHTSA-derived,coarse,1,1,1,1,1,1,1,1,1,1,1,1
NHTSA_FTY_0351,Template Mapping,Failure to yield,NHTSA-derived,coarse,1,1,1,1,1,1,1,1,1,1,1,1
NHTSA_FTY_0352,Template Mapping,Failure to yield,NHTSA-derived,coarse,1,1,1,1,1,1,1,1,1,1,1,1
NHTSA_FTY_0353,Template Mapping,Failure to yield,NHTSA-derived,coarse,1,0,1,1,1,0,1,0,1,1,1,0.7200000000000001
NHTSA_FTY_0354,Template Mapping,Failure to yield,NHTSA-derived,coarse,0,0,1,,,,,,,,,
NHTSA_FTY_0355,Template Mapping,Failure to yield,NHTSA-derived,coarse,1,1,1,1,1,1,1,1,1,1,1,1
NHTSA_FTY_0356,Template Mapping,Failure to yield,NHTSA-derived,coarse,0,0,1,,,,,,,,,
NHTSA_FTY_0357,Template Mapping,Failure to yield,NHTSA-derived,coarse,0,0,1,,,,,,,,,
NHTSA_FTY_0358,Template Mapping,Failure to yield,NHTSA-derived,coarse,1,0,1,1,1,0,1,0,1,1,1,0.7200000000000001
NHTSA_FTY_0359,Template Mapping,Failure to yield,NHTSA-derived,coarse,1,0,1,1,1,0,1,0,1,1,1,0.7200000000000001
NHTSA_FTY_0360,Template Mapping,Failure to yield,NHTSA-derived,coarse,1,0,1,1,1,0,1,0,1,1,1,0.7200000000000001
NHTSA_FTY_0361,Template Mapping,Failure to yield,NHTSA-derived,coarse,0,0,1,,,,,,,,,
NHTSA_FTY_0362,Template Mapping,Failure to yield,NHTSA-derived,coarse,0,0,1,,,,,,,,,
NHTSA_FTY_0363,Template Mapping,Failure to yield,NHTSA-derived,coarse,1,0,1,1,1,0,1,0,1,1,1,0.7200000000000001
NHTSA_FTY_0364,Template Mapping,Failure to yield,NHTSA-derived,coarse,1,1,1,1,1,1,1,1,1,1,1,1
NHTSA_FTY_0365,Template Mapping,Failure to yield,NHTSA-derived,coarse,1,0,0,1,1,0,1,0,1,1,0,0.68
NHTSA_FTY_0366,Template Mapping,Failure to yield,NHTSA-derived,coarse,1,1,1,1,1,1,1,1,1,1,1,1
NHTSA_FTY_0367,Template Mapping,Failure to yield,NHTSA-derived,coarse,0,0,1,,,,,,,,,
NHTSA_FTY_0368,Template Mapping,Failure to yield,NHTSA-derived,coarse,1,1,1,1,1,1,1,1,1,1,1,1
NHTSA_FTY_0369,Template Mapping,Failure to yield,NHTSA-derived,coarse,1,1,0,1,1,0,1,0,1,1,0,0.68
NHTSA_FTY_0370,Template Mapping,Failure to yield,NHTSA-derived,coarse,1,1,1,1,1,1,1,1,1,1,1,1
NHTSA_FTY_0371,Template Mapping,Failure to yield,NHTSA-derived,coarse,1,0,1,1,1,0,1,0,1,1,1,0.7200000000000001
NHTSA_FTY_0372,Template Mapping,Failure to yield,NHTSA-derived,coarse,1,0,1,1,1,0,1,0,1,1,1,0.7200000000000001
NHTSA_FTY_0373,Template Mapping,Failure to yield,NHTSA-derived,coarse,1,1,1,1,1,1,1,1,1,1,1,1
NHTSA_FTY_0374,Template Mapping,Failure to yield,NHTSA-derived,coarse,1,1,1,1,1,1,1,1,1,1,1,1
NHTSA_FTY_0375,Template Mapping,Failure to yield,NHTSA-derived,coarse,0,0,1,,,,,,,,,
NHTSA_FTY_0376,Template Mapping,Failure to yield,NHTSA-derived,coarse,1,0,1,1,1,0,1,0,1,1,1,0.7200000000000001
NHTSA_FTY_0377,Template Mapping,Failure to yield,NHTSA-derived,coarse,1,0,1,1,1,0,1,0,1,1,1,0.7200000000000001
NHTSA_FTY_0378,Template Mapping,Failure to yield,NHTSA-derived,coarse,0,0,1,,,,,,,,,
NHTSA_FTY_0379,Template Mapping,Failure to yield,NHTSA-derived,coarse,1,0,1,1,1,0,1,0,1,1,1,0.7200000000000001
NHTSA_FTY_0380,Template Mapping,Failure to yield,NHTSA-derived,coarse,0,0,1,,,,,,,,,
NHTSA_FTY_0381,Template Mapping,Failure to yield,NHTSA-derived,coarse,1,1,0,1,1,0,1,0,1,1,0,0.68
NHTSA_FTY_0382,Template Mapping,Failure to yield,NHTSA-derived,coarse,1,0,1,1,1,0,1,0,1,1,0,0.68
NHTSA_FTY_0383,Template Mapping,Failure to yield,NHTSA-derived,coarse,1,1,1,1,1,1,1,1,1,1,1,1
NHTSA_FTY_0384,Template Mapping,Failure to yield,NHTSA-derived,coarse,1,1,1,1,1,1,1,1,1,1,1,1
NHTSA_FTY_0385,Template Mapping,Failure to yield,NHTSA-derived,coarse,1,0,1,1,1,0,1,0,1,1,0,0.68
NHTSA_FTY_0386,Template Mapping,Failure to yield,NHTSA-derived,coarse,1,0,1,1,1,0,1,0,1,1,1,0.7200000000000001
NHTSA_FTY_0387,Template Mapping,Failure to yield,NHTSA-derived,coarse,0,0,1,,,,,,,,,
NHTSA_FTY_0388,Template Mapping,Failure to yield,NHTSA-derived,coarse,1,1,1,1,1,1,1,1,1,1,1,1
NHTSA_FTY_0389,Template Mapping,Failure to yield,NHTSA-derived,coarse,1,1,1,1,1,1,1,1,1,1,1,1
NHTSA_FTY_0390,Template Mapping,Failure to yield,NHTSA-derived,coarse,1,0,1,1,1,0,1,0,1,1,0,0.68
NHTSA_FTY_0391,Template Mapping,Failure to yield,NHTSA-derived,coarse,1,0,1,1,1,0,1,0,1,1,1,0.7200000000000001
NHTSA_FTY_0392,Template Mapping,Failure to yield,NHTSA-derived,coarse,1,1,1,1,1,1,1,1,1,1,1,1
NHTSA_FTY_0393,Template Mapping,Failure to yield,NHTSA-derived,coarse,1,1,1,1,1,1,1,1,1,1,1,1
NHTSA_FTY_0394,Template Mapping,Failure to yield,NHTSA-derived,coarse,1,1,1,1,1,1,1,1,1,1,1,1
NHTSA_FTY_0395,Template Mapping,Failure to yield,NHTSA-derived,coarse,0,0,1,,,,,,,,,
NHTSA_FTY_0396,Template Mapping,Failure to yield,NHTSA-derived,coarse,1,1,1,1,1,1,1,1,1,1,1,1
NHTSA_FTY_0397,Template Mapping,Failure to yield,NHTSA-derived,coarse,1,1,1,1,1,1,1,1,1,1,1,1
NHTSA_FTY_0398,Template Mapping,Failure to yield,NHTSA-derived,coarse,0,0,1,,,,,,,,,
NHTSA_FTY_0399,Template Mapping,Failure to yield,NHTSA-derived,coarse,1,0,1,1,1,0,1,0,1,1,1,0.7200000000000001
NHTSA_FTY_0400,Template Mapping,Failure to yield,NHTSA-derived,coarse,1,1,1,1,1,1,1,1,1,1,1,1
NHTSA_FTY_0401,Template Mapping,Failure to yield,NHTSA-derived,coarse,0,0,1,,,,,,,,,
NHTSA_FTY_0402,Template Mapping,Failure to yield,NHTSA-derived,coarse,1,1,1,1,1,1,1,1,1,1,1,1
NHTSA_FTY_0403,Template Mapping,Failure to yield,NHTSA-derived,coarse,1,1,1,1,1,1,1,1,1,1,1,1
NHTSA_FTY_0404,Template Mapping,Failure to yield,NHTSA-derived,coarse,1,1,1,1,1,1,1,1,1,1,1,1
NHTSA_FTY_0405,Template Mapping,Failure to yield,NHTSA-derived,coarse,0,0,1,,,,,,,,,
NHTSA_FTY_0406,Template Mapping,Failure to yield,NHTSA-derived,coarse,0,0,1,,,,,,,,,
NHTSA_FTY_0407,Template Mapping,Failure to yield,NHTSA-derived,coarse,1,0,1,1,1,0,1,0,1,1,1,0.7200000000000001
NHTSA_FTY_0408,Template Mapping,Failure to yield,NHTSA-derived,coarse,1,1,1,1,1,1,1,1,1,1,1,1
NHTSA_FTY_0409,Template Mapping,Failure to yield,NHTSA-derived,coarse,1,1,1,1,1,1,1,1,1,1,1,1
NHTSA_FTY_0410,Template Mapping,Failure to yield,NHTSA-derived,coarse,1,1,1,1,1,1,1,1,1,1,1,1
NHTSA_FTY_0411,Template Mapping,Failure to yield,NHTSA-derived,coarse,0,0,1,,,,,,,,,
NHTSA_FTY_0412,Template Mapping,Failure to yield,NHTSA-derived,coarse,0,0,1,,,,,,,,,
NHTSA_FTY_0413,Template Mapping,Failure to yield,NHTSA-derived,coarse,1,1,1,1,1,1,1,1,1,1,1,1
NHTSA_FTY_0414,Template Mapping,Failure to yield,NHTSA-derived,coarse,1,1,1,1,1,1,1,1,1,1,1,1
NHTSA_FTY_0415,Template Mapping,Failure to yield,NHTSA-derived,coarse,0,0,1,,,,,,,,,
NHTSA_FTY_0416,Template Mapping,Failure to yield,NHTSA-derived,coarse,1,1,1,1,1,1,1,1,1,1,1,1
NHTSA_FTY_0417,Template Mapping,Failure to yield,NHTSA-derived,coarse,1,1,1,1,1,1,1,1,1,1,1,1
NHTSA_FTY_0418,Template Mapping,Failure to yield,NHTSA-derived,coarse,1,0,1,1,1,0,1,0,1,1,1,0.7200000000000001
NHTSA_FTY_0419,Template Mapping,Failure to yield,NHTSA-derived,coarse,1,1,0,1,1,0,1,0,1,1,0,0.68
NHTSA_FTY_0420,Template Mapping,Failure to yield,NHTSA-derived,coarse,1,0,1,1,1,0,1,0,1,1,1,0.7200000000000001
NHTSA_FTY_0421,Template Mapping,Failure to yield,NHTSA-derived,coarse,1,0,1,1,1,0,1,0,1,1,1,0.7200000000000001
NHTSA_FTY_0422,Template Mapping,Failure to yield,NHTSA-derived,coarse,1,0,1,1,1,0,1,0,1,1,1,0.7200000000000001
NHTSA_FTY_0423,Template Mapping,Failure to yield,NHTSA-derived,coarse,1,1,1,1,1,1,1,1,1,1,1,1
NHTSA_FTY_0424,Template Mapping,Failure to yield,NHTSA-derived,coarse,1,1,1,1,1,1,1,1,1,1,1,1
NHTSA_FTY_0425,Template Mapping,Failure to yield,NHTSA-derived,coarse,1,1,1,1,1,1,1,1,1,1,1,1
NHTSA_FTY_0426,Template Mapping,Failure to yield,NHTSA-derived,coarse,0,0,0,,,,,,,,,
NHTSA_FTY_0427,Template Mapping,Failure to yield,NHTSA-derived,coarse,1,0,1,1,1,0,1,0,1,1,1,0.7200000000000001
NHTSA_FTY_0428,Template Mapping,Failure to yield,NHTSA-derived,coarse,1,1,1,1,1,1,1,1,1,1,1,1
NHTSA_FTY_0429,Template Mapping,Failure to yield,NHTSA-derived,coarse,1,0,1,1,1,0,1,0,1,1,1,0.7200000000000001
NHTSA_FTY_0430,Template Mapping,Failure to yield,NHTSA-derived,coarse,1,1,1,1,1,1,1,1,1,1,1,1
NHTSA_FTY_0431,Template Mapping,Failure to yield,NHTSA-derived,coarse,1,0,1,1,1,0,1,0,1,1,1,0.7200000000000001
NHTSA_FTY_0432,Template Mapping,Failure to yield,NHTSA-derived,coarse,1,0,1,1,1,0,1,0,1,1,1,0.7200000000000001
NHTSA_FTY_0433,Template Mapping,Failure to yield,NHTSA-derived,coarse,1,1,0,1,1,0,1,0,1,1,0,0.68
NHTSA_FTY_0434,Template Mapping,Failure to yield,NHTSA-derived,coarse,1,1,1,1,1,1,1,1,1,1,1,1
NHTSA_FTY_0435,Template Mapping,Failure to yield,NHTSA-derived,coarse,1,0,1,1,1,0,1,0,1,1,1,0.7200000000000001
NHTSA_FTY_0436,Template Mapping,Failure to yield,NHTSA-derived,coarse,1,1,1,1,1,1,1,1,1,1,1,1
NHTSA_FTY_0437,Template Mapping,Failure to yield,NHTSA-derived,coarse,1,0,1,1,1,0,1,0,1,1,1,0.7200000000000001
NHTSA_FTY_0438,Template Mapping,Failure to yield,NHTSA-derived,coarse,1,0,1,1,1,0,1,0,1,1,1,0.7200000000000001
NHTSA_FTY_0439,Template Mapping,Failure to yield,NHTSA-derived,coarse,1,0,1,1,1,0,1,0,1,1,0,0.68
NHTSA_FTY_0440,Template Mapping,Failure to yield,NHTSA-derived,coarse,0,0,1,,,,,,,,,
NHTSA_FTY_0441,Template Mapping,Failure to yield,NHTSA-derived,coarse,0,0,1,,,,,,,,,
NHTSA_FTY_0442,Template Mapping,Failure to yield,NHTSA-derived,coarse,1,1,1,1,1,0,1,1,1,1,1,0.8400000000000001
NHTSA_FTY_0443,Template Mapping,Failure to yield,NHTSA-derived,coarse,1,0,1,1,1,0,1,0,1,1,1,0.7200000000000001
NHTSA_FTY_0444,Template Mapping,Failure to yield,NHTSA-derived,coarse,1,1,1,1,1,1,1,1,1,1,1,1
NHTSA_FTY_0445,Template Mapping,Failure to yield,NHTSA-derived,coarse,0,0,0,,,,,,,,,
NHTSA_FTY_0446,Template Mapping,Failure to yield,NHTSA-derived,coarse,1,1,1,1,1,1,1,1,1,1,1,1
NHTSA_FTY_0447,Template Mapping,Failure to yield,NHTSA-derived,coarse,0,0,1,,,,,,,,,
NHTSA_FTY_0448,Template Mapping,Failure to yield,NHTSA-derived,coarse,1,1,1,1,1,1,1,1,1,1,1,1
NHTSA_FTY_0449,Template Mapping,Failure to yield,NHTSA-derived,coarse,0,0,1,,,,,,,,,
NHTSA_FTY_0450,Template Mapping,Failure to yield,NHTSA-derived,coarse,1,1,1,1,1,1,1,1,1,1,1,1
NHTSA_FTY_0451,Template Mapping,Failure to yield,NHTSA-derived,coarse,1,1,1,1,1,1,1,1,1,1,1,1
NHTSA_FTY_0452,Template Mapping,Failure to yield,NHTSA-derived,coarse,1,1,1,1,1,1,1,1,1,1,1,1
NHTSA_FTY_0453,Template Mapping,Failure to yield,NHTSA-derived,coarse,0,0,1,,,,,,,,,
NHTSA_FTY_0454,Template Mapping,Failure to yield,NHTSA-derived,coarse,1,1,1,1,1,1,1,1,1,1,1,1
NHTSA_FTY_0455,Template Mapping,Failure to yield,NHTSA-derived,coarse,1,1,1,1,1,1,1,1,1,1,1,1
NHTSA_FTY_0456,Template Mapping,Failure to yield,NHTSA-derived,coarse,1,1,1,1,1,1,1,1,1,1,1,1
NHTSA_FTY_0457,Template Mapping,Failure to yield,NHTSA-derived,coarse,1,0,1,1,1,0,1,0,1,1,1,0.7200000000000001
NHTSA_FTY_0458,Template Mapping,Failure to yield,NHTSA-derived,coarse,1,1,1,1,1,1,1,1,1,1,1,1
NHTSA_FTY_0459,Template Mapping,Failure to yield,NHTSA-derived,coarse,1,1,1,1,1,1,1,1,1,1,1,1
NHTSA_FTY_0460,Template Mapping,Failure to yield,NHTSA-derived,coarse,0,0,1,,,,,,,,,
NHTSA_FTY_0461,Template Mapping,Failure to yield,NHTSA-derived,coarse,1,1,1,1,1,1,1,1,1,1,1,1
NHTSA_FTY_0462,Template Mapping,Failure to yield,NHTSA-derived,coarse,1,1,0,1,1,0,1,0,1,1,0,0.68
NHTSA_FTY_0463,Template Mapping,Failure to yield,NHTSA-derived,coarse,0,0,1,,,,,,,,,
NHTSA_FTY_0464,Template Mapping,Failure to yield,NHTSA-derived,coarse,1,0,1,1,1,0,1,0,1,1,1,0.7200000000000001
NHTSA_FTY_0465,Template Mapping,Failure to yield,NHTSA-derived,coarse,1,1,1,1,1,1,1,1,1,1,1,1
NHTSA_FTY_0466,Template Mapping,Failure to yield,NHTSA-derived,coarse,1,1,1,1,1,1,1,1,1,1,1,1
NHTSA_FTY_0467,Template Mapping,Failure to yield,NHTSA-derived,coarse,1,0,1,1,1,0,1,0,1,1,1,0.7200000000000001
NHTSA_FTY_0468,Template Mapping,Failure to yield,NHTSA-derived,coarse,0,0,1,,,,,,,,,
NHTSA_FTY_0469,Template Mapping,Failure to yield,NHTSA-derived,coarse,1,1,1,1,1,1,1,1,1,1,1,1
NHTSA_FTY_0470,Template Mapping,Failure to yield,NHTSA-derived,coarse,1,1,1,1,1,1,1,1,1,1,1,1
NHTSA_FTY_0471,Template Mapping,Failure to yield,NHTSA-derived,coarse,1,0,1,1,1,0,1,0,1,1,1,0.7200000000000001
NHTSA_FTY_0472,Template Mapping,Failure to yield,NHTSA-derived,coarse,1,1,1,1,1,1,1,1,1,1,1,1
NHTSA_FTY_0473,Template Mapping,Failure to yield,NHTSA-derived,coarse,1,1,1,1,1,1,1,1,1,1,1,1
NHTSA_FTY_0474,Template Mapping,Failure to yield,NHTSA-derived,coarse,1,1,0,1,1,0,1,0,1,1,0,0.68
NHTSA_FTY_0475,Template Mapping,Failure to yield,NHTSA-derived,coarse,1,1,1,1,1,1,1,1,1,1,1,1
NHTSA_FTY_0476,Template Mapping,Failure to yield,NHTSA-derived,coarse,0,0,1,,,,,,,,,
NHTSA_FTY_0477,Template Mapping,Failure to yield,NHTSA-derived,coarse,1,1,1,1,1,1,1,1,1,1,1,1
NHTSA_FTY_0478,Template Mapping,Failure to yield,NHTSA-derived,coarse,1,0,1,1,1,0,1,0,1,1,1,0.7200000000000001
NHTSA_FTY_0479,Template Mapping,Failure to yield,NHTSA-derived,coarse,1,1,1,1,1,1,1,1,1,1,1,1
NHTSA_FTY_0480,Template Mapping,Failure to yield,NHTSA-derived,coarse,1,0,1,1,1,0,1,0,1,1,1,0.7200000000000001
NHTSA_FTY_0481,Template Mapping,Failure to yield,NHTSA-derived,coarse,0,0,1,,,,,,,,,
NHTSA_FTY_0482,Template Mapping,Failure to yield,NHTSA-derived,coarse,0,0,1,,,,,,,,,
NHTSA_FTY_0483,Template Mapping,Failure to yield,NHTSA-derived,coarse,1,1,1,1,1,1,1,1,1,1,1,1
NHTSA_FTY_0484,Template Mapping,Failure to yield,NHTSA-derived,coarse,1,0,1,1,1,0,1,0,1,1,1,0.7200000000000001
NHTSA_FTY_0485,Template Mapping,Failure to yield,NHTSA-derived,coarse,1,1,1,1,1,1,1,1,1,1,1,1
NHTSA_FTY_0486,Template Mapping,Failure to yield,NHTSA-derived,coarse,1,1,1,1,1,1,1,1,1,1,1,1
NHTSA_FTY_0487,Template Mapping,Failure to yield,NHTSA-derived,coarse,1,1,1,1,1,1,1,1,1,1,1,1
NHTSA_FTY_0488,Template Mapping,Failure to yield,NHTSA-derived,coarse,1,1,1,1,1,1,1,1,1,1,1,1
NHTSA_FTY_0489,Template Mapping,Failure to yield,NHTSA-derived,coarse,1,1,1,1,1,1,1,1,1,1,1,1
NHTSA_FTY_0490,Template Mapping,Failure to yield,NHTSA-derived,coarse,0,0,1,,,,,,,,,
NHTSA_FTY_0491,Template Mapping,Failure to yield,NHTSA-derived,coarse,1,1,1,1,1,1,1,1,1,1,1,1
NHTSA_FTY_0492,Template Mapping,Failure to yield,NHTSA-derived,coarse,1,1,1,1,1,1,1,1,1,1,1,1
NHTSA_FTY_0493,Template Mapping,Failure to yield,NHTSA-derived,coarse,1,1,0,1,1,0,1,0,1,1,0,0.68
NHTSA_FTY_0494,Template Mapping,Failure to yield,NHTSA-derived,coarse,1,1,1,1,1,1,1,1,1,1,1,1
NHTSA_FTY_0495,Template Mapping,Failure to yield,NHTSA-derived,coarse,1,0,1,1,1,0,1,0,1,1,1,0.7200000000000001
NHTSA_FTY_0496,Template Mapping,Failure to yield,NHTSA-derived,coarse,1,1,1,1,1,1,1,1,1,1,1,1
NHTSA_FTY_0497,Template Mapping,Failure to yield,NHTSA-derived,coarse,0,0,1,,,,,,,,,
NHTSA_FTY_0498,Template Mapping,Failure to yield,NHTSA-derived,coarse,1,0,1,1,1,0,1,0,1,1,1,0.7200000000000001
NHTSA_FTY_0499,Template Mapping,Failure to yield,NHTSA-derived,coarse,1,1,1,1,1,1,1,1,1,1,1,1
NHTSA_FTY_0500,Template Mapping,Failure to yield,NHTSA-derived,coarse,1,1,1,1,1,1,1,1,1,1,1,1
NHTSA_FTY_0501,Template Mapping,Failure to yield,NHTSA-derived,coarse,1,1,1,1,1,1,1,1,1,1,1,1
NHTSA_FTY_0502,Template Mapping,Failure to yield,NHTSA-derived,coarse,1,0,1,1,1,0,1,0,1,1,1,0.7200000000000001
NHTSA_FTY_0503,Template Mapping,Failure to yield,NHTSA-derived,coarse,0,0,1,,,,,,,,,
NHTSA_FTY_0504,Template Mapping,Failure to yield,NHTSA-derived,coarse,1,1,1,1,1,1,1,1,1,1,1,1
NHTSA_FTY_0505,Template Mapping,Failure to yield,NHTSA-derived,coarse,1,1,1,1,1,1,1,1,1,1,1,1
NHTSA_FTY_0506,Template Mapping,Failure to yield,NHTSA-derived,coarse,1,1,1,1,1,1,1,1,1,1,1,1
NHTSA_FTY_0507,Template Mapping,Failure to yield,NHTSA-derived,coarse,1,0,1,1,1,0,1,0,1,1,1,0.7200000000000001
NHTSA_FTY_0508,Template Mapping,Failure to yield,NHTSA-derived,coarse,1,0,1,1,1,0,1,0,1,1,1,0.7200000000000001
NHTSA_FTY_0509,Template Mapping,Failure to yield,NHTSA-derived,coarse,1,1,1,1,1,1,1,1,1,1,1,1
NHTSA_FTY_0510,Template Mapping,Failure to yield,NHTSA-derived,coarse,0,0,1,,,,,,,,,
NHTSA_FTY_0511,Template Mapping,Failure to yield,NHTSA-derived,coarse,1,1,1,1,1,1,1,1,1,1,1,1
NHTSA_FTY_0512,Template Mapping,Failure to yield,NHTSA-derived,coarse,1,1,1,1,1,1,1,1,1,1,1,1
NHTSA_FTY_0513,Template Mapping,Failure to yield,NHTSA-derived,coarse,1,0,1,1,1,0,1,0,1,1,1,0.7200000000000001
NHTSA_FTY_0514,Template Mapping,Failure to yield,NHTSA-derived,coarse,0,0,1,,,,,,,,,
NHTSA_FTY_0515,Template Mapping,Failure to yield,NHTSA-derived,coarse,1,1,0,1,1,0,1,0,1,1,0,0.68
NHTSA_FTY_0516,Template Mapping,Failure to yield,NHTSA-derived,coarse,1,1,1,1,1,1,1,1,1,1,1,1
NHTSA_FTY_0517,Template Mapping,Failure to yield,NHTSA-derived,coarse,1,0,0,1,1,0,1,0,1,1,0,0.68
SYNTH_FTY_0001,Template Mapping,Failure to yield,synthetic-topology-extension,fine,0,0,1,,,,,,,,,
SYNTH_FTY_0002,Template Mapping,Failure to yield,synthetic-topology-extension,fine,1,0,0,1,1,0,1,0,1,1,0,0.68
SYNTH_FTY_0003,Template Mapping,Failure to yield,synthetic-topology-extension,fine,0,0,1,,,,,,,,,
SYNTH_FTY_0004,Template Mapping,Failure to yield,synthetic-topology-extension,fine,1,0,1,1,1,0,1,0,1,1,1,0.7200000000000001
SYNTH_FTY_0005,Template Mapping,Failure to yield,synthetic-topology-extension,fine,1,0,0,1,1,0,1,0,1,1,0,0.68
SYNTH_FTY_0006,Template Mapping,Failure to yield,synthetic-topology-extension,fine,0,0,0,,,,,,,,,
SYNTH_FTY_0007,Template Mapping,Failure to yield,synthetic-topology-extension,fine,1,0,0,1,1,0,1,0,1,1,0,0.68
SYNTH_FTY_0008,Template Mapping,Failure to yield,synthetic-topology-extension,fine,1,0,0,1,1,0,1,0,1,1,0,0.68
SYNTH_FTY_0009,Template Mapping,Failure to yield,synthetic-topology-extension,fine,0,0,1,,,,,,,,,
SYNTH_FTY_0010,Template Mapping,Failure to yield,synthetic-topology-extension,fine,1,0,0,1,1,0,1,0,1,1,0,0.68
SYNTH_FTY_0011,Template Mapping,Failure to yield,synthetic-topology-extension,fine,0,0,1,,,,,,,,,
SYNTH_FTY_0012,Template Mapping,Failure to yield,synthetic-topology-extension,fine,1,0,1,1,1,0,1,0,1,1,1,0.7200000000000001
SYNTH_FTY_0013,Template Mapping,Failure to yield,synthetic-topology-extension,fine,1,0,1,1,1,0,1,0,1,1,1,0.7200000000000001
SYNTH_FTY_0014,Template Mapping,Failure to yield,synthetic-topology-extension,fine,1,0,1,1,1,0,1,0,1,1,1,0.7200000000000001
SYNTH_FTY_0015,Template Mapping,Failure to yield,synthetic-topology-extension,fine,1,0,1,1,1,0,1,0,1,1,1,0.7200000000000001
SYNTH_FTY_0016,Template Mapping,Failure to yield,synthetic-topology-extension,fine,0,0,1,,,,,,,,,
SYNTH_FTY_0017,Template Mapping,Failure to yield,synthetic-topology-extension,fine,1,0,1,1,1,0,1,0,1,1,1,0.7200000000000001
SYNTH_FTY_0018,Template Mapping,Failure to yield,synthetic-topology-extension,fine,1,0,1,1,1,0,1,0,1,1,1,0.7200000000000001
SYNTH_FTY_0019,Template Mapping,Failure to yield,synthetic-topology-extension,fine,1,0,0,1,1,0,1,0,1,1,0,0.68
SYNTH_FTY_0020,Template Mapping,Failure to yield,synthetic-topology-extension,fine,1,0,1,1,1,0,1,0,1,1,1,0.7200000000000001
SYNTH_FTY_0021,Template Mapping,Failure to yield,synthetic-topology-extension,fine,1,0,1,1,1,0,1,1,1,1,1,0.8400000000000001
SYNTH_FTY_0022,Template Mapping,Failure to yield,synthetic-topology-extension,fine,1,0,1,1,1,0,1,0,1,1,1,0.7200000000000001
SYNTH_FTY_0023,Template Mapping,Failure to yield,synthetic-topology-extension,fine,0,0,1,,,,,,,,,
SYNTH_FTY_0024,Template Mapping,Failure to yield,synthetic-topology-extension,fine,1,0,0,1,1,0,1,0,1,1,0,0.68
SYNTH_FTY_0025,Template Mapping,Failure to yield,synthetic-topology-extension,fine,0,0,1,,,,,,,,,
SYNTH_FTY_0026,Template Mapping,Failure to yield,synthetic-topology-extension,fine,1,0,1,1,1,0,1,0,1,1,1,0.7200000000000001
SYNTH_FTY_0027,Template Mapping,Failure to yield,synthetic-topology-extension,fine,1,0,1,1,1,0,1,0,1,1,1,0.7200000000000001
SYNTH_FTY_0028,Template Mapping,Failure to yield,synthetic-topology-extension,fine,1,0,1,1,1,0,1,0,1,1,1,0.7200000000000001
SYNTH_FTY_0029,Template Mapping,Failure to yield,synthetic-topology-extension,fine,0,0,1,,,,,,,,,
SYNTH_FTY_0030,Template Mapping,Failure to yield,synthetic-topology-extension,fine,1,0,0,1,1,0,1,0,1,1,0,0.68
SYNTH_FTY_0031,Template Mapping,Failure to yield,synthetic-topology-extension,fine,1,0,1,1,1,0,1,0,1,1,0,0.68
SYNTH_FTY_0032,Template Mapping,Failure to yield,synthetic-topology-extension,fine,1,0,1,1,1,0,1,0,1,1,1,0.7200000000000001
SYNTH_FTY_0033,Template Mapping,Failure to yield,synthetic-topology-extension,fine,1,0,0,1,1,0,1,0,1,1,0,0.68
SYNTH_FTY_0034,Template Mapping,Failure to yield,synthetic-topology-extension,fine,0,0,1,,,,,,,,,
SYNTH_FTY_0035,Template Mapping,Failure to yield,synthetic-topology-extension,fine,0,0,1,,,,,,,,,
SYNTH_FTY_0036,Template Mapping,Failure to yield,synthetic-topology-extension,fine,0,0,1,,,,,,,,,
SYNTH_FTY_0037,Template Mapping,Failure to yield,synthetic-topology-extension,fine,1,0,0,1,1,0,1,0,1,1,0,0.68
SYNTH_FTY_0038,Template Mapping,Failure to yield,synthetic-topology-extension,fine,1,0,0,1,1,0,1,0,1,1,0,0.68
SYNTH_FTY_0039,Template Mapping,Failure to yield,synthetic-topology-extension,fine,1,0,1,1,1,0,1,0,1,1,1,0.7200000000000001
SYNTH_FTY_0040,Template Mapping,Failure to yield,synthetic-topology-extension,fine,0,0,1,,,,,,,,,
SYNTH_FTY_0041,Template Mapping,Failure to yield,synthetic-topology-extension,fine,1,0,1,1,1,0,1,0,1,1,1,0.7200000000000001
SYNTH_FTY_0042,Template Mapping,Failure to yield,synthetic-topology-extension,fine,1,0,1,1,1,0,1,0,1,1,1,0.7200000000000001
SYNTH_FTY_0043,Template Mapping,Failure to yield,synthetic-topology-extension,fine,0,0,0,,,,,,,,,
SYNTH_FTY_0044,Template Mapping,Failure to yield,synthetic-topology-extension,fine,0,0,0,,,,,,,,,
SYNTH_FTY_0045,Template Mapping,Failure to yield,synthetic-topology-extension,fine,0,0,1,,,,,,,,,
SYNTH_FTY_0046,Template Mapping,Failure to yield,synthetic-topology-extension,fine,1,0,1,1,1,0,1,0,1,1,0,0.68
SYNTH_FTY_0047,Template Mapping,Failure to yield,synthetic-topology-extension,fine,1,0,0,1,1,0,1,0,1,1,0,0.68
SYNTH_FTY_0048,Template Mapping,Failure to yield,synthetic-topology-extension,fine,1,0,1,1,1,0,1,0,1,1,1,0.7200000000000001
SYNTH_FTY_0049,Template Mapping,Failure to yield,synthetic-topology-extension,fine,0,0,1,,,,,,,,,
SYNTH_FTY_0050,Template Mapping,Failure to yield,synthetic-topology-extension,fine,0,0,1,,,,,,,,,
SYNTH_FTY_0051,Template Mapping,Failure to yield,synthetic-topology-extension,fine,0,0,1,,,,,,,,,
SYNTH_FTY_0052,Template Mapping,Failure to yield,synthetic-topology-extension,fine,1,0,1,1,1,0,1,0,1,1,1,0.7200000000000001
SYNTH_FTY_0053,Template Mapping,Failure to yield,synthetic-topology-extension,fine,1,0,1,1,1,0,1,0,1,1,1,0.7200000000000001
SYNTH_FTY_0054,Template Mapping,Failure to yield,synthetic-topology-extension,fine,1,0,0,1,1,0,1,0,1,1,0,0.68
SYNTH_FTY_0055,Template Mapping,Failure to yield,synthetic-topology-extension,fine,0,0,1,,,,,,,,,
SYNTH_FTY_0056,Template Mapping,Failure to yield,synthetic-topology-extension,fine,0,0,1,,,,,,,,,
SYNTH_FTY_0057,Template Mapping,Failure to yield,synthetic-topology-extension,fine,1,0,1,1,1,0,1,0,1,1,1,0.7200000000000001
SYNTH_FTY_0058,Template Mapping,Failure to yield,synthetic-topology-extension,fine,1,0,1,1,1,0,1,0,1,1,0,0.68
SYNTH_FTY_0059,Template Mapping,Failure to yield,synthetic-topology-extension,fine,1,0,1,1,1,0,1,0,1,1,1,0.7200000000000001
SYNTH_FTY_0060,Template Mapping,Failure to yield,synthetic-topology-extension,fine,0,0,1,,,,,,,,,
SYNTH_FTY_0061,Template Mapping,Failure to yield,synthetic-topology-extension,fine,0,0,1,,,,,,,,,
SYNTH_FTY_0062,Template Mapping,Failure to yield,synthetic-topology-extension,fine,0,0,1,,,,,,,,,
SYNTH_FTY_0063,Template Mapping,Failure to yield,synthetic-topology-extension,fine,0,0,1,,,,,,,,,
SYNTH_FTY_0064,Template Mapping,Failure to yield,synthetic-topology-extension,fine,1,0,1,1,1,0,1,0,1,1,1,0.7200000000000001
SYNTH_FTY_0065,Template Mapping,Failure to yield,synthetic-topology-extension,fine,0,0,1,,,,,,,,,
SYNTH_FTY_0066,Template Mapping,Failure to yield,synthetic-topology-extension,fine,0,0,1,,,,,,,,,
SYNTH_FTY_0067,Template Mapping,Failure to yield,synthetic-topology-extension,fine,0,0,1,,,,,,,,,
SYNTH_FTY_0068,Template Mapping,Failure to yield,synthetic-topology-extension,fine,1,0,1,1,1,1,1,0,1,1,1,0.8800000000000001
SYNTH_FTY_0069,Template Mapping,Failure to yield,synthetic-topology-extension,fine,0,0,1,,,,,,,,,
SYNTH_FTY_0070,Template Mapping,Failure to yield,synthetic-topology-extension,fine,0,0,0,,,,,,,,,
SYNTH_FTY_0071,Template Mapping,Failure to yield,synthetic-topology-extension,fine,0,0,1,,,,,,,,,
SYNTH_FTY_0072,Template Mapping,Failure to yield,synthetic-topology-extension,fine,0,0,1,,,,,,,,,
SYNTH_FTY_0073,Template Mapping,Failure to yield,synthetic-topology-extension,fine,0,0,1,,,,,,,,,
SYNTH_FTY_0074,Template Mapping,Failure to yield,synthetic-topology-extension,fine,1,0,1,1,1,0,1,0,1,1,0,0.68
SYNTH_FTY_0075,Template Mapping,Failure to yield,synthetic-topology-extension,fine,0,0,1,,,,,,,,,
SYNTH_FTY_0076,Template Mapping,Failure to yield,synthetic-topology-extension,fine,1,0,1,1,1,0,1,0,1,1,1,0.7200000000000001
SYNTH_FTY_0077,Template Mapping,Failure to yield,synthetic-topology-extension,fine,0,0,1,,,,,,,,,
SYNTH_FTY_0078,Template Mapping,Failure to yield,synthetic-topology-extension,fine,1,0,0,1,1,0,1,0,1,1,0,0.68
SYNTH_FTY_0079,Template Mapping,Failure to yield,synthetic-topology-extension,fine,1,0,1,1,1,0,1,0,1,1,1,0.7200000000000001
SYNTH_FTY_0080,Template Mapping,Failure to yield,synthetic-topology-extension,fine,0,0,1,,,,,,,,,
SYNTH_FTY_0081,Template Mapping,Failure to yield,synthetic-topology-extension,fine,0,0,1,,,,,,,,,
SYNTH_FTY_0082,Template Mapping,Failure to yield,synthetic-topology-extension,fine,0,0,0,,,,,,,,,
SYNTH_FTY_0083,Template Mapping,Failure to yield,synthetic-topology-extension,fine,1,0,1,1,1,0,1,0,1,1,1,0.7200000000000001
SYNTH_FTY_0084,Template Mapping,Failure to yield,synthetic-topology-extension,fine,1,0,1,1,1,0,1,0,1,1,1,0.7200000000000001
SYNTH_FTY_0085,Template Mapping,Failure to yield,synthetic-topology-extension,fine,1,0,1,1,1,0,1,0,1,1,1,0.7200000000000001
SYNTH_FTY_0086,Template Mapping,Failure to yield,synthetic-topology-extension,fine,0,0,1,,,,,,,,,
SYNTH_FTY_0087,Template Mapping,Failure to yield,synthetic-topology-extension,fine,1,0,1,1,1,0,1,0,1,1,0,0.68
SYNTH_FTY_0088,Template Mapping,Failure to yield,synthetic-topology-extension,fine,1,0,0,1,1,0,1,0,1,1,0,0.68
SYNTH_FTY_0089,Template Mapping,Failure to yield,synthetic-topology-extension,fine,0,0,0,,,,,,,,,
SYNTH_FTY_0090,Template Mapping,Failure to yield,synthetic-topology-extension,fine,1,0,1,1,1,0,1,0,1,1,1,0.7200000000000001
SYNTH_FTY_0091,Template Mapping,Failure to yield,synthetic-topology-extension,fine,1,0,1,1,1,0,1,0,1,1,1,0.7200000000000001
SYNTH_FTY_0092,Template Mapping,Failure to yield,synthetic-topology-extension,fine,0,0,1,,,,,,,,,
SYNTH_FTY_0093,Template Mapping,Failure to yield,synthetic-topology-extension,fine,0,0,0,,,,,,,,,
SYNTH_FTY_0094,Template Mapping,Failure to yield,synthetic-topology-extension,fine,1,0,0,1,1,0,1,0,1,1,0,0.68
SYNTH_FTY_0095,Template Mapping,Failure to yield,synthetic-topology-extension,fine,0,0,1,,,,,,,,,
SYNTH_FTY_0096,Template Mapping,Failure to yield,synthetic-topology-extension,fine,1,0,0,1,1,0,1,0,1,1,0,0.68
SYNTH_FTY_0097,Template Mapping,Failure to yield,synthetic-topology-extension,fine,0,0,1,,,,,,,,,
SYNTH_FTY_0098,Template Mapping,Failure to yield,synthetic-topology-extension,fine,1,0,1,1,1,0,1,0,1,1,1,0.7200000000000001
SYNTH_FTY_0099,Template Mapping,Failure to yield,synthetic-topology-extension,fine,0,0,1,,,,,,,,,
SYNTH_FTY_0100,Template Mapping,Failure to yield,synthetic-topology-extension,fine,1,0,1,1,1,0,1,0,1,1,0,0.68
SYNTH_FTY_0101,Template Mapping,Failure to yield,synthetic-topology-extension,fine,0,0,0,,,,,,,,,
SYNTH_FTY_0102,Template Mapping,Failure to yield,synthetic-topology-extension,fine,0,0,1,,,,,,,,,
SYNTH_FTY_0103,Template Mapping,Failure to yield,synthetic-topology-extension,fine,0,0,1,,,,,,,,,
SYNTH_FTY_0104,Template Mapping,Failure to yield,synthetic-topology-extension,fine,1,0,1,1,1,0,1,0,1,1,1,0.7200000000000001
SYNTH_FTY_0105,Template Mapping,Failure to yield,synthetic-topology-extension,fine,1,0,0,1,1,0,1,0,1,1,0,0.68
SYNTH_FTY_0106,Template Mapping,Failure to yield,synthetic-topology-extension,fine,0,0,1,,,,,,,,,
SYNTH_FTY_0107,Template Mapping,Failure to yield,synthetic-topology-extension,fine,1,0,1,1,1,0,1,0,1,1,0,0.68
SYNTH_FTY_0108,Template Mapping,Failure to yield,synthetic-topology-extension,fine,1,0,1,1,1,0,1,0,1,1,0,0.68
SYNTH_FTY_0109,Template Mapping,Failure to yield,synthetic-topology-extension,fine,0,0,1,,,,,,,,,
SYNTH_FTY_0110,Template Mapping,Failure to yield,synthetic-topology-extension,fine,1,0,0,1,1,0,1,0,1,1,0,0.68
SYNTH_FTY_0111,Template Mapping,Failure to yield,synthetic-topology-extension,fine,1,0,0,1,1,0,1,0,1,1,0,0.68
SYNTH_FTY_0112,Template Mapping,Failure to yield,synthetic-topology-extension,fine,1,0,1,1,1,0,1,0,1,1,1,0.7200000000000001
SYNTH_FTY_0113,Template Mapping,Failure to yield,synthetic-topology-extension,fine,0,0,1,,,,,,,,,
SYNTH_FTY_0114,Template Mapping,Failure to yield,synthetic-topology-extension,fine,1,0,1,1,1,0,1,1,1,1,1,0.8400000000000001
SYNTH_FTY_0115,Template Mapping,Failure to yield,synthetic-topology-extension,fine,0,0,1,,,,,,,,,
SYNTH_FTY_0116,Template Mapping,Failure to yield,synthetic-topology-extension,fine,1,0,1,1,1,0,1,0,1,1,1,0.7200000000000001
SYNTH_FTY_0117,Template Mapping,Failure to yield,synthetic-topology-extension,fine,0,0,0,,,,,,,,,
SYNTH_FTY_0118,Template Mapping,Failure to yield,synthetic-topology-extension,fine,0,0,1,,,,,,,,,
SYNTH_FTY_0119,Template Mapping,Failure to yield,synthetic-topology-extension,fine,1,0,1,1,1,0,1,0,1,1,1,0.7200000000000001
SYNTH_FTY_0120,Template Mapping,Failure to yield,synthetic-topology-extension,fine,0,0,1,,,,,,,,,
SYNTH_FTY_0121,Template Mapping,Failure to yield,synthetic-topology-extension,fine,1,0,1,1,1,0,1,0,1,1,1,0.7200000000000001
SYNTH_FTY_0122,Template Mapping,Failure to yield,synthetic-topology-extension,fine,0,0,1,,,,,,,,,
SYNTH_FTY_0123,Template Mapping,Failure to yield,synthetic-topology-extension,fine,1,0,1,1,1,0,1,0,1,1,0,0.68
SYNTH_FTY_0124,Template Mapping,Failure to yield,synthetic-topology-extension,fine,0,0,1,,,,,,,,,
SYNTH_FTY_0125,Template Mapping,Failure to yield,synthetic-topology-extension,fine,0,0,1,,,,,,,,,
SYNTH_FTY_0126,Template Mapping,Failure to yield,synthetic-topology-extension,fine,1,0,0,1,1,0,1,0,1,1,0,0.68
SYNTH_FTY_0127,Template Mapping,Failure to yield,synthetic-topology-extension,fine,0,0,1,,,,,,,,,
SYNTH_FTY_0128,Template Mapping,Failure to yield,synthetic-topology-extension,fine,0,0,1,,,,,,,,,
SYNTH_FTY_0129,Template Mapping,Failure to yield,synthetic-topology-extension,fine,0,0,1,,,,,,,,,
SYNTH_FTY_0130,Template Mapping,Failure to yield,synthetic-topology-extension,fine,1,0,0,1,1,0,1,0,1,1,0,0.68
SYNTH_FTY_0131,Template Mapping,Failure to yield,synthetic-topology-extension,fine,1,0,1,1,1,0,1,0,1,1,1,0.7200000000000001
SYNTH_FTY_0132,Template Mapping,Failure to yield,synthetic-topology-extension,fine,0,0,1,,,,,,,,,
SYNTH_FTY_0133,Template Mapping,Failure to yield,synthetic-topology-extension,fine,1,0,1,1,1,0,1,0,1,1,0,0.68
SYNTH_FTY_0134,Template Mapping,Failure to yield,synthetic-topology-extension,fine,1,0,1,1,1,0,1,0,1,1,1,0.7200000000000001
SYNTH_FTY_0135,Template Mapping,Failure to yield,synthetic-topology-extension,fine,1,0,1,1,1,0,1,0,1,1,1,0.7200000000000001
SYNTH_FTY_0136,Template Mapping,Failure to yield,synthetic-topology-extension,fine,0,0,1,,,,,,,,,
SYNTH_FTY_0137,Template Mapping,Failure to yield,synthetic-topology-extension,fine,0,0,1,,,,,,,,,
SYNTH_FTY_0138,Template Mapping,Failure to yield,synthetic-topology-extension,fine,0,0,1,,,,,,,,,
SYNTH_FTY_0139,Template Mapping,Failure to yield,synthetic-topology-extension,fine,1,0,1,1,1,0,1,0,1,1,1,0.7200000000000001
SYNTH_FTY_0140,Template Mapping,Failure to yield,synthetic-topology-extension,fine,0,0,1,,,,,,,,,
NHTSA_SPD_0001,Template Mapping,Speeding,NHTSA-derived,coarse,1,0,1,1,1,0,1,0,1,1,0,0.68
NHTSA_SPD_0002,Template Mapping,Speeding,NHTSA-derived,coarse,0,0,1,,,,,,,,,
NHTSA_SPD_0003,Template Mapping,Speeding,NHTSA-derived,coarse,0,0,1,,,,,,,,,
NHTSA_SPD_0004,Template Mapping,Speeding,NHTSA-derived,coarse,1,0,1,1,1,0,1,0,1,1,1,0.7200000000000001
NHTSA_SPD_0005,Template Mapping,Speeding,NHTSA-derived,coarse,0,0,1,,,,,,,,,
NHTSA_SPD_0006,Template Mapping,Speeding,NHTSA-derived,coarse,1,0,1,1,1,0,1,0,1,1,0,0.68
NHTSA_SPD_0007,Template Mapping,Speeding,NHTSA-derived,coarse,0,0,1,,,,,,,,,
NHTSA_SPD_0008,Template Mapping,Speeding,NHTSA-derived,coarse,1,1,1,1,1,1,1,1,1,1,1,1
NHTSA_SPD_0009,Template Mapping,Speeding,NHTSA-derived,coarse,0,0,1,,,,,,,,,
NHTSA_SPD_0010,Template Mapping,Speeding,NHTSA-derived,coarse,1,1,1,1,1,1,1,1,1,1,1,1
NHTSA_SPD_0011,Template Mapping,Speeding,NHTSA-derived,coarse,1,0,0,1,1,0,1,0,1,1,0,0.68
NHTSA_SPD_0012,Template Mapping,Speeding,NHTSA-derived,coarse,1,0,1,1,1,0,1,0,1,1,1,0.7200000000000001
NHTSA_SPD_0013,Template Mapping,Speeding,NHTSA-derived,coarse,0,0,1,,,,,,,,,
NHTSA_SPD_0014,Template Mapping,Speeding,NHTSA-derived,coarse,1,0,1,1,1,0,1,0,1,1,1,0.7200000000000001
NHTSA_SPD_0015,Template Mapping,Speeding,NHTSA-derived,coarse,1,0,1,1,1,0,1,0,1,1,1,0.7200000000000001
NHTSA_SPD_0016,Template Mapping,Speeding,NHTSA-derived,coarse,1,0,1,1,1,0,1,0,1,1,1,0.7200000000000001
NHTSA_SPD_0017,Template Mapping,Speeding,NHTSA-derived,coarse,0,0,1,,,,,,,,,
NHTSA_SPD_0018,Template Mapping,Speeding,NHTSA-derived,coarse,1,0,0,1,1,0,1,0,1,1,0,0.68
NHTSA_SPD_0019,Template Mapping,Speeding,NHTSA-derived,coarse,0,0,1,,,,,,,,,
NHTSA_SPD_0020,Template Mapping,Speeding,NHTSA-derived,coarse,1,0,1,1,1,0,1,0,1,1,1,0.7200000000000001
NHTSA_SPD_0021,Template Mapping,Speeding,NHTSA-derived,coarse,1,0,1,1,1,0,1,0,1,1,1,0.7200000000000001
NHTSA_SPD_0022,Template Mapping,Speeding,NHTSA-derived,coarse,1,0,1,1,1,0,1,0,1,1,0,0.68
NHTSA_SPD_0023,Template Mapping,Speeding,NHTSA-derived,coarse,0,0,1,,,,,,,,,
NHTSA_SPD_0024,Template Mapping,Speeding,NHTSA-derived,coarse,1,0,1,1,1,0,1,0,1,1,0,0.68
NHTSA_SPD_0025,Template Mapping,Speeding,NHTSA-derived,coarse,1,1,1,1,1,1,1,1,1,1,1,1
NHTSA_SPD_0026,Template Mapping,Speeding,NHTSA-derived,coarse,0,0,1,,,,,,,,,
NHTSA_SPD_0027,Template Mapping,Speeding,NHTSA-derived,coarse,1,0,1,1,1,0,1,0,1,1,1,0.7200000000000001
NHTSA_SPD_0028,Template Mapping,Speeding,NHTSA-derived,coarse,0,0,1,,,,,,,,,
NHTSA_SPD_0029,Template Mapping,Speeding,NHTSA-derived,coarse,1,1,1,1,1,1,1,1,1,1,1,1
NHTSA_SPD_0030,Template Mapping,Speeding,NHTSA-derived,coarse,1,0,1,1,1,0,1,0,1,1,1,0.7200000000000001
NHTSA_SPD_0031,Template Mapping,Speeding,NHTSA-derived,coarse,0,0,1,,,,,,,,,
NHTSA_SPD_0032,Template Mapping,Speeding,NHTSA-derived,coarse,0,0,1,,,,,,,,,
NHTSA_SPD_0033,Template Mapping,Speeding,NHTSA-derived,coarse,1,0,1,1,1,0,1,0,1,1,1,0.7200000000000001
NHTSA_SPD_0034,Template Mapping,Speeding,NHTSA-derived,coarse,0,0,1,,,,,,,,,
NHTSA_SPD_0035,Template Mapping,Speeding,NHTSA-derived,coarse,0,0,1,,,,,,,,,
NHTSA_SPD_0036,Template Mapping,Speeding,NHTSA-derived,coarse,1,0,1,1,1,0,1,0,1,1,0,0.68
NHTSA_SPD_0037,Template Mapping,Speeding,NHTSA-derived,coarse,1,0,1,1,1,0,1,0,1,1,1,0.7200000000000001
NHTSA_SPD_0038,Template Mapping,Speeding,NHTSA-derived,coarse,1,0,1,1,1,0,1,0,1,1,1,0.7200000000000001
NHTSA_SPD_0039,Template Mapping,Speeding,NHTSA-derived,coarse,0,0,1,,,,,,,,,
NHTSA_SPD_0040,Template Mapping,Speeding,NHTSA-derived,coarse,1,1,1,1,1,1,1,1,1,1,1,1
NHTSA_SPD_0041,Template Mapping,Speeding,NHTSA-derived,coarse,1,0,1,1,1,0,1,0,1,1,0,0.68
NHTSA_SPD_0042,Template Mapping,Speeding,NHTSA-derived,coarse,1,0,1,1,1,0,1,0,1,1,0,0.68
NHTSA_SPD_0043,Template Mapping,Speeding,NHTSA-derived,coarse,1,0,1,1,1,0,1,0,1,1,0,0.68
NHTSA_SPD_0044,Template Mapping,Speeding,NHTSA-derived,coarse,1,0,1,1,1,0,1,0,1,1,1,0.7200000000000001
NHTSA_SPD_0045,Template Mapping,Speeding,NHTSA-derived,coarse,0,0,1,,,,,,,,,
NHTSA_SPD_0046,Template Mapping,Speeding,NHTSA-derived,coarse,0,0,1,,,,,,,,,
NHTSA_SPD_0047,Template Mapping,Speeding,NHTSA-derived,coarse,1,0,1,1,1,0,1,0,1,1,0,0.68
NHTSA_SPD_0048,Template Mapping,Speeding,NHTSA-derived,coarse,1,0,0,1,1,0,1,0,1,1,0,0.68
NHTSA_SPD_0049,Template Mapping,Speeding,NHTSA-derived,coarse,1,0,1,1,1,0,1,0,1,1,1,0.7200000000000001
NHTSA_SPD_0050,Template Mapping,Speeding,NHTSA-derived,coarse,0,0,0,,,,,,,,,
NHTSA_SPD_0051,Template Mapping,Speeding,NHTSA-derived,coarse,1,0,1,1,1,0,1,0,1,1,1,0.7200000000000001
NHTSA_SPD_0052,Template Mapping,Speeding,NHTSA-derived,coarse,0,0,1,,,,,,,,,
NHTSA_SPD_0053,Template Mapping,Speeding,NHTSA-derived,coarse,0,0,0,,,,,,,,,
NHTSA_SPD_0054,Template Mapping,Speeding,NHTSA-derived,coarse,1,0,1,1,1,0,1,0,1,1,0,0.68
NHTSA_SPD_0055,Template Mapping,Speeding,NHTSA-derived,coarse,1,0,1,1,1,0,1,0,1,1,1,0.7200000000000001
NHTSA_SPD_0056,Template Mapping,Speeding,NHTSA-derived,coarse,1,0,1,1,1,0,1,0,1,1,1,0.7200000000000001
NHTSA_SPD_0057,Template Mapping,Speeding,NHTSA-derived,coarse,0,0,1,,,,,,,,,
NHTSA_SPD_0058,Template Mapping,Speeding,NHTSA-derived,coarse,1,0,1,1,1,0,1,0,1,1,1,0.7200000000000001
NHTSA_SPD_0059,Template Mapping,Speeding,NHTSA-derived,coarse,0,0,1,,,,,,,,,
NHTSA_SPD_0060,Template Mapping,Speeding,NHTSA-derived,coarse,0,0,0,,,,,,,,,
NHTSA_SPD_0061,Template Mapping,Speeding,NHTSA-derived,coarse,0,0,0,,,,,,,,,
NHTSA_SPD_0062,Template Mapping,Speeding,NHTSA-derived,coarse,1,1,1,1,1,1,1,1,1,1,1,1
NHTSA_SPD_0063,Template Mapping,Speeding,NHTSA-derived,coarse,0,0,0,,,,,,,,,
NHTSA_SPD_0064,Template Mapping,Speeding,NHTSA-derived,coarse,0,0,1,,,,,,,,,
NHTSA_SPD_0065,Template Mapping,Speeding,NHTSA-derived,coarse,1,0,1,1,1,0,1,0,1,1,0,0.68
NHTSA_SPD_0066,Template Mapping,Speeding,NHTSA-derived,coarse,0,0,1,,,,,,,,,
NHTSA_SPD_0067,Template Mapping,Speeding,NHTSA-derived,coarse,0,0,1,,,,,,,,,
NHTSA_SPD_0068,Template Mapping,Speeding,NHTSA-derived,coarse,0,0,1,,,,,,,,,
NHTSA_SPD_0069,Template Mapping,Speeding,NHTSA-derived,coarse,1,0,1,1,1,0,1,0,1,1,0,0.68
NHTSA_SPD_0070,Template Mapping,Speeding,NHTSA-derived,coarse,1,0,1,1,1,0,1,0,1,1,1,0.7200000000000001
NHTSA_SPD_0071,Template Mapping,Speeding,NHTSA-derived,coarse,1,0,1,1,1,0,1,0,1,1,1,0.7200000000000001
NHTSA_SPD_0072,Template Mapping,Speeding,NHTSA-derived,coarse,1,0,1,1,1,0,1,0,1,1,0,0.68
NHTSA_SPD_0073,Template Mapping,Speeding,NHTSA-derived,coarse,1,0,1,1,1,0,1,0,1,1,0,0.68
NHTSA_SPD_0074,Template Mapping,Speeding,NHTSA-derived,coarse,1,1,1,1,1,1,1,1,1,1,1,1
NHTSA_SPD_0075,Template Mapping,Speeding,NHTSA-derived,coarse,0,0,1,,,,,,,,,
NHTSA_SPD_0076,Template Mapping,Speeding,NHTSA-derived,coarse,1,0,1,1,1,0,1,0,1,1,1,0.7200000000000001
NHTSA_SPD_0077,Template Mapping,Speeding,NHTSA-derived,coarse,0,0,1,,,,,,,,,
NHTSA_SPD_0078,Template Mapping,Speeding,NHTSA-derived,coarse,1,0,1,1,1,0,1,0,1,1,1,0.7200000000000001
NHTSA_SPD_0079,Template Mapping,Speeding,NHTSA-derived,coarse,1,1,1,1,1,0,1,1,1,1,1,0.8400000000000001
NHTSA_SPD_0080,Template Mapping,Speeding,NHTSA-derived,coarse,1,0,1,1,1,0,1,0,1,1,1,0.7200000000000001
NHTSA_SPD_0081,Template Mapping,Speeding,NHTSA-derived,coarse,1,0,1,1,1,0,1,0,1,1,0,0.68
NHTSA_SPD_0082,Template Mapping,Speeding,NHTSA-derived,coarse,0,0,1,,,,,,,,,
NHTSA_SPD_0083,Template Mapping,Speeding,NHTSA-derived,coarse,0,0,1,,,,,,,,,
NHTSA_SPD_0084,Template Mapping,Speeding,NHTSA-derived,coarse,1,0,0,1,1,0,1,0,1,1,0,0.68
NHTSA_SPD_0085,Template Mapping,Speeding,NHTSA-derived,coarse,0,0,1,,,,,,,,,
NHTSA_SPD_0086,Template Mapping,Speeding,NHTSA-derived,coarse,1,0,1,1,1,0,1,0,1,1,0,0.68
NHTSA_SPD_0087,Template Mapping,Speeding,NHTSA-derived,coarse,0,0,1,,,,,,,,,
NHTSA_SPD_0088,Template Mapping,Speeding,NHTSA-derived,coarse,1,0,1,1,1,0,1,0,1,1,1,0.7200000000000001
NHTSA_SPD_0089,Template Mapping,Speeding,NHTSA-derived,coarse,1,0,1,1,1,0,1,0,1,1,0,0.68
NHTSA_SPD_0090,Template Mapping,Speeding,NHTSA-derived,coarse,1,0,1,1,1,0,1,0,1,1,1,0.7200000000000001
NHTSA_SPD_0091,Template Mapping,Speeding,NHTSA-derived,coarse,1,0,1,1,1,0,1,0,1,1,1,0.7200000000000001
NHTSA_SPD_0092,Template Mapping,Speeding,NHTSA-derived,coarse,0,0,1,,,,,,,,,
NHTSA_SPD_0093,Template Mapping,Speeding,NHTSA-derived,coarse,0,0,1,,,,,,,,,
NHTSA_SPD_0094,Template Mapping,Speeding,NHTSA-derived,coarse,0,0,1,,,,,,,,,
NHTSA_SPD_0095,Template Mapping,Speeding,NHTSA-derived,coarse,1,0,1,1,1,0,1,0,1,1,1,0.7200000000000001
NHTSA_SPD_0096,Template Mapping,Speeding,NHTSA-derived,coarse,1,0,1,1,1,0,1,0,1,1,0,0.68
NHTSA_SPD_0097,Template Mapping,Speeding,NHTSA-derived,coarse,1,0,1,1,1,0,1,0,1,1,1,0.7200000000000001
NHTSA_SPD_0098,Template Mapping,Speeding,NHTSA-derived,coarse,0,0,1,,,,,,,,,
NHTSA_SPD_0099,Template Mapping,Speeding,NHTSA-derived,coarse,0,0,0,,,,,,,,,
NHTSA_SPD_0100,Template Mapping,Speeding,NHTSA-derived,coarse,1,0,1,1,1,0,1,0,1,1,1,0.7200000000000001
NHTSA_SPD_0101,Template Mapping,Speeding,NHTSA-derived,coarse,0,0,1,,,,,,,,,
NHTSA_SPD_0102,Template Mapping,Speeding,NHTSA-derived,coarse,0,0,1,,,,,,,,,
NHTSA_SPD_0103,Template Mapping,Speeding,NHTSA-derived,coarse,0,0,1,,,,,,,,,
NHTSA_SPD_0104,Template Mapping,Speeding,NHTSA-derived,coarse,0,0,1,,,,,,,,,
NHTSA_SPD_0105,Template Mapping,Speeding,NHTSA-derived,coarse,1,0,1,1,1,0,1,0,1,1,1,0.7200000000000001
NHTSA_SPD_0106,Template Mapping,Speeding,NHTSA-derived,coarse,1,0,1,1,1,0,1,0,1,1,1,0.7200000000000001
NHTSA_SPD_0107,Template Mapping,Speeding,NHTSA-derived,coarse,1,0,1,1,1,0,1,0,1,1,1,0.7200000000000001
NHTSA_SPD_0108,Template Mapping,Speeding,NHTSA-derived,coarse,1,0,1,1,1,0,1,0,1,1,1,0.7200000000000001
NHTSA_SPD_0109,Template Mapping,Speeding,NHTSA-derived,coarse,1,0,1,1,1,0,1,0,1,1,1,0.7200000000000001
NHTSA_SPD_0110,Template Mapping,Speeding,NHTSA-derived,coarse,0,0,1,,,,,,,,,
NHTSA_SPD_0111,Template Mapping,Speeding,NHTSA-derived,coarse,1,0,1,1,1,0,1,0,1,1,1,0.7200000000000001
NHTSA_SPD_0112,Template Mapping,Speeding,NHTSA-derived,coarse,0,0,0,,,,,,,,,
NHTSA_SPD_0113,Template Mapping,Speeding,NHTSA-derived,coarse,1,0,1,1,1,0,1,0,1,1,1,0.7200000000000001
NHTSA_SPD_0114,Template Mapping,Speeding,NHTSA-derived,coarse,0,0,1,,,,,,,,,
NHTSA_SPD_0115,Template Mapping,Speeding,NHTSA-derived,coarse,0,0,1,,,,,,,,,
NHTSA_SPD_0116,Template Mapping,Speeding,NHTSA-derived,coarse,1,0,1,1,1,0,1,0,1,1,0,0.68
NHTSA_SPD_0117,Template Mapping,Speeding,NHTSA-derived,coarse,1,0,1,1,1,0,1,0,1,1,1,0.7200000000000001
NHTSA_SPD_0118,Template Mapping,Speeding,NHTSA-derived,coarse,0,0,1,,,,,,,,,
NHTSA_SPD_0119,Template Mapping,Speeding,NHTSA-derived,coarse,1,0,1,1,1,0,1,0,1,1,1,0.7200000000000001
NHTSA_SPD_0120,Template Mapping,Speeding,NHTSA-derived,coarse,1,0,1,1,1,0,1,0,1,1,1,0.7200000000000001
NHTSA_SPD_0121,Template Mapping,Speeding,NHTSA-derived,coarse,1,0,1,1,1,0,1,0,1,1,1,0.7200000000000001
NHTSA_SPD_0122,Template Mapping,Speeding,NHTSA-derived,coarse,0,0,1,,,,,,,,,
NHTSA_SPD_0123,Template Mapping,Speeding,NHTSA-derived,coarse,1,0,1,1,1,0,1,0,1,1,1,0.7200000000000001
NHTSA_SPD_0124,Template Mapping,Speeding,NHTSA-derived,coarse,1,0,1,1,1,0,1,0,1,1,1,0.7200000000000001
NHTSA_SPD_0125,Template Mapping,Speeding,NHTSA-derived,coarse,1,0,1,1,1,0,1,0,1,1,1,0.7200000000000001
NHTSA_SPD_0126,Template Mapping,Speeding,NHTSA-derived,coarse,0,0,1,,,,,,,,,
NHTSA_SPD_0127,Template Mapping,Speeding,NHTSA-derived,coarse,1,0,1,1,1,0,1,0,1,1,1,0.7200000000000001
NHTSA_SPD_0128,Template Mapping,Speeding,NHTSA-derived,coarse,0,0,0,,,,,,,,,
NHTSA_SPD_0129,Template Mapping,Speeding,NHTSA-derived,coarse,1,0,1,1,1,0,1,0,1,1,0,0.68
NHTSA_SPD_0130,Template Mapping,Speeding,NHTSA-derived,coarse,0,0,1,,,,,,,,,
NHTSA_SPD_0131,Template Mapping,Speeding,NHTSA-derived,coarse,1,0,1,1,1,0,1,0,1,1,1,0.7200000000000001
NHTSA_SPD_0132,Template Mapping,Speeding,NHTSA-derived,coarse,1,0,1,1,1,0,1,0,1,1,1,0.7200000000000001
NHTSA_SPD_0133,Template Mapping,Speeding,NHTSA-derived,coarse,1,0,1,1,1,0,1,0,1,1,1,0.7200000000000001
NHTSA_SPD_0134,Template Mapping,Speeding,NHTSA-derived,coarse,1,0,1,1,1,0,1,0,1,1,1,0.7200000000000001
NHTSA_SPD_0135,Template Mapping,Speeding,NHTSA-derived,coarse,0,0,1,,,,,,,,,
NHTSA_SPD_0136,Template Mapping,Speeding,NHTSA-derived,coarse,0,0,1,,,,,,,,,
NHTSA_SPD_0137,Template Mapping,Speeding,NHTSA-derived,coarse,1,0,1,1,1,0,1,0,1,1,1,0.7200000000000001
NHTSA_SPD_0138,Template Mapping,Speeding,NHTSA-derived,coarse,1,0,1,1,1,0,1,0,1,1,1,0.7200000000000001
NHTSA_SPD_0139,Template Mapping,Speeding,NHTSA-derived,coarse,1,0,0,1,1,0,1,0,1,1,0,0.68
NHTSA_SPD_0140,Template Mapping,Speeding,NHTSA-derived,coarse,0,0,1,,,,,,,,,
NHTSA_SPD_0141,Template Mapping,Speeding,NHTSA-derived,coarse,0,0,1,,,,,,,,,
NHTSA_SPD_0142,Template Mapping,Speeding,NHTSA-derived,coarse,0,0,1,,,,,,,,,
NHTSA_SPD_0143,Template Mapping,Speeding,NHTSA-derived,coarse,0,0,1,,,,,,,,,
NHTSA_SPD_0144,Template Mapping,Speeding,NHTSA-derived,coarse,0,0,1,,,,,,,,,
NHTSA_SPD_0145,Template Mapping,Speeding,NHTSA-derived,coarse,0,0,0,,,,,,,,,
NHTSA_SPD_0146,Template Mapping,Speeding,NHTSA-derived,coarse,0,0,1,,,,,,,,,
NHTSA_SPD_0147,Template Mapping,Speeding,NHTSA-derived,coarse,1,1,1,1,1,1,1,1,1,1,1,1
NHTSA_SPD_0148,Template Mapping,Speeding,NHTSA-derived,coarse,0,0,0,,,,,,,,,
NHTSA_SPD_0149,Template Mapping,Speeding,NHTSA-derived,coarse,0,0,1,,,,,,,,,
NHTSA_SPD_0150,Template Mapping,Speeding,NHTSA-derived,coarse,0,0,1,,,,,,,,,
NHTSA_SPD_0151,Template Mapping,Speeding,NHTSA-derived,coarse,1,1,0,1,1,0,1,0,1,1,0,0.68
NHTSA_SPD_0152,Template Mapping,Speeding,NHTSA-derived,coarse,1,0,1,1,1,0,1,0,1,1,1,0.7200000000000001
NHTSA_SPD_0153,Template Mapping,Speeding,NHTSA-derived,coarse,0,0,1,,,,,,,,,
NHTSA_SPD_0154,Template Mapping,Speeding,NHTSA-derived,coarse,0,0,1,,,,,,,,,
NHTSA_SPD_0155,Template Mapping,Speeding,NHTSA-derived,coarse,0,0,1,,,,,,,,,
NHTSA_SPD_0156,Template Mapping,Speeding,NHTSA-derived,coarse,1,0,1,1,1,0,1,1,1,1,1,0.8400000000000001
NHTSA_SPD_0157,Template Mapping,Speeding,NHTSA-derived,coarse,1,0,1,1,1,0,1,0,1,1,0,0.68
NHTSA_SPD_0158,Template Mapping,Speeding,NHTSA-derived,coarse,1,0,1,1,1,0,1,0,1,1,0,0.68
NHTSA_SPD_0159,Template Mapping,Speeding,NHTSA-derived,coarse,1,0,1,1,1,0,1,0,1,1,1,0.7200000000000001
NHTSA_SPD_0160,Template Mapping,Speeding,NHTSA-derived,coarse,0,0,1,,,,,,,,,
NHTSA_SPD_0161,Template Mapping,Speeding,NHTSA-derived,coarse,0,0,1,,,,,,,,,
NHTSA_SPD_0162,Template Mapping,Speeding,NHTSA-derived,coarse,1,1,1,1,1,1,1,1,1,1,1,1
NHTSA_SPD_0163,Template Mapping,Speeding,NHTSA-derived,coarse,0,0,1,,,,,,,,,
NHTSA_SPD_0164,Template Mapping,Speeding,NHTSA-derived,coarse,0,0,1,,,,,,,,,
NHTSA_SPD_0165,Template Mapping,Speeding,NHTSA-derived,coarse,0,0,0,,,,,,,,,
NHTSA_SPD_0166,Template Mapping,Speeding,NHTSA-derived,coarse,0,0,1,,,,,,,,,
NHTSA_SPD_0167,Template Mapping,Speeding,NHTSA-derived,coarse,0,0,1,,,,,,,,,
NHTSA_SPD_0168,Template Mapping,Speeding,NHTSA-derived,coarse,1,0,0,1,1,0,1,0,1,1,0,0.68
NHTSA_SPD_0169,Template Mapping,Speeding,NHTSA-derived,coarse,1,1,1,1,1,1,1,1,1,1,1,1
NHTSA_SPD_0170,Template Mapping,Speeding,NHTSA-derived,coarse,0,0,0,,,,,,,,,
NHTSA_SPD_0171,Template Mapping,Speeding,NHTSA-derived,coarse,1,0,1,1,1,0,1,0,1,1,1,0.7200000000000001
NHTSA_SPD_0172,Template Mapping,Speeding,NHTSA-derived,coarse,1,0,1,1,1,0,1,0,1,1,1,0.7200000000000001
NHTSA_SPD_0173,Template Mapping,Speeding,NHTSA-derived,coarse,1,0,1,1,1,0,1,0,1,1,1,0.7200000000000001
NHTSA_SPD_0174,Template Mapping,Speeding,NHTSA-derived,coarse,1,0,1,1,1,0,1,0,1,1,1,0.7200000000000001
NHTSA_SPD_0175,Template Mapping,Speeding,NHTSA-derived,coarse,1,0,1,1,1,0,1,0,1,1,1,0.7200000000000001
NHTSA_SPD_0176,Template Mapping,Speeding,NHTSA-derived,coarse,1,0,1,1,1,0,1,0,1,1,1,0.7200000000000001
NHTSA_SPD_0177,Template Mapping,Speeding,NHTSA-derived,coarse,0,0,1,,,,,,,,,
NHTSA_SPD_0178,Template Mapping,Speeding,NHTSA-derived,coarse,0,0,1,,,,,,,,,
NHTSA_SPD_0179,Template Mapping,Speeding,NHTSA-derived,coarse,0,0,1,,,,,,,,,
NHTSA_SPD_0180,Template Mapping,Speeding,NHTSA-derived,coarse,1,0,1,1,1,0,1,0,1,1,0,0.68
NHTSA_SPD_0181,Template Mapping,Speeding,NHTSA-derived,coarse,1,0,1,1,1,0,1,0,1,1,0,0.68
NHTSA_SPD_0182,Template Mapping,Speeding,NHTSA-derived,coarse,1,0,1,1,1,0,1,0,1,1,1,0.7200000000000001
NHTSA_SPD_0183,Template Mapping,Speeding,NHTSA-derived,coarse,0,0,1,,,,,,,,,
NHTSA_SPD_0184,Template Mapping,Speeding,NHTSA-derived,coarse,0,0,1,,,,,,,,,
NHTSA_SPD_0185,Template Mapping,Speeding,NHTSA-derived,coarse,0,0,1,,,,,,,,,
NHTSA_SPD_0186,Template Mapping,Speeding,NHTSA-derived,coarse,1,0,1,1,1,0,1,0,1,1,1,0.7200000000000001
NHTSA_SPD_0187,Template Mapping,Speeding,NHTSA-derived,coarse,0,0,1,,,,,,,,,
NHTSA_SPD_0188,Template Mapping,Speeding,NHTSA-derived,coarse,0,0,1,,,,,,,,,
NHTSA_SPD_0189,Template Mapping,Speeding,NHTSA-derived,coarse,1,1,1,1,1,1,1,1,1,1,1,1
NHTSA_SPD_0190,Template Mapping,Speeding,NHTSA-derived,coarse,0,0,1,,,,,,,,,
NHTSA_SPD_0191,Template Mapping,Speeding,NHTSA-derived,coarse,0,0,1,,,,,,,,,
NHTSA_SPD_0192,Template Mapping,Speeding,NHTSA-derived,coarse,1,0,1,1,1,0,1,0,1,1,0,0.68
NHTSA_SPD_0193,Template Mapping,Speeding,NHTSA-derived,coarse,0,0,0,,,,,,,,,
NHTSA_SPD_0194,Template Mapping,Speeding,NHTSA-derived,coarse,0,0,1,,,,,,,,,
NHTSA_SPD_0195,Template Mapping,Speeding,NHTSA-derived,coarse,1,0,1,1,1,0,1,0,1,1,1,0.7200000000000001
NHTSA_SPD_0196,Template Mapping,Speeding,NHTSA-derived,coarse,0,0,1,,,,,,,,,
NHTSA_SPD_0197,Template Mapping,Speeding,NHTSA-derived,coarse,0,0,1,,,,,,,,,
NHTSA_SPD_0198,Template Mapping,Speeding,NHTSA-derived,coarse,1,0,1,1,1,0,1,0,1,1,1,0.7200000000000001
NHTSA_SPD_0199,Template Mapping,Speeding,NHTSA-derived,coarse,0,0,1,,,,,,,,,
NHTSA_SPD_0200,Template Mapping,Speeding,NHTSA-derived,coarse,0,0,1,,,,,,,,,
NHTSA_SPD_0201,Template Mapping,Speeding,NHTSA-derived,coarse,0,0,1,,,,,,,,,
NHTSA_SPD_0202,Template Mapping,Speeding,NHTSA-derived,coarse,0,0,1,,,,,,,,,
NHTSA_SPD_0203,Template Mapping,Speeding,NHTSA-derived,coarse,0,0,1,,,,,,,,,
NHTSA_SPD_0204,Template Mapping,Speeding,NHTSA-derived,coarse,0,0,1,,,,,,,,,
NHTSA_SPD_0205,Template Mapping,Speeding,NHTSA-derived,coarse,1,0,1,1,1,0,1,0,1,1,1,0.7200000000000001
NHTSA_SPD_0206,Template Mapping,Speeding,NHTSA-derived,coarse,1,0,1,1,1,0,1,0,1,1,1,0.7200000000000001
NHTSA_SPD_0207,Template Mapping,Speeding,NHTSA-derived,coarse,0,0,1,,,,,,,,,
NHTSA_SPD_0208,Template Mapping,Speeding,NHTSA-derived,coarse,1,0,1,1,1,0,1,0,1,1,1,0.7200000000000001
NHTSA_SPD_0209,Template Mapping,Speeding,NHTSA-derived,coarse,1,0,1,1,1,0,1,0,1,1,1,0.7200000000000001
NHTSA_SPD_0210,Template Mapping,Speeding,NHTSA-derived,coarse,1,0,1,1,1,0,1,0,1,1,1,0.7200000000000001
NHTSA_SPD_0211,Template Mapping,Speeding,NHTSA-derived,coarse,0,0,1,,,,,,,,,
NHTSA_SPD_0212,Template Mapping,Speeding,NHTSA-derived,coarse,0,0,1,,,,,,,,,
NHTSA_SPD_0213,Template Mapping,Speeding,NHTSA-derived,coarse,0,0,0,,,,,,,,,
NHTSA_SPD_0214,Template Mapping,Speeding,NHTSA-derived,coarse,1,0,0,1,1,0,1,0,1,1,0,0.68
NHTSA_SPD_0215,Template Mapping,Speeding,NHTSA-derived,coarse,1,0,0,1,1,0,1,0,1,1,0,0.68
NHTSA_SPD_0216,Template Mapping,Speeding,NHTSA-derived,coarse,1,0,1,1,1,0,1,0,1,1,1,0.7200000000000001
NHTSA_SPD_0217,Template Mapping,Speeding,NHTSA-derived,coarse,1,0,1,1,1,0,1,0,1,1,1,0.7200000000000001
NHTSA_SPD_0218,Template Mapping,Speeding,NHTSA-derived,coarse,1,1,1,1,1,1,1,1,1,1,1,1
NHTSA_SPD_0219,Template Mapping,Speeding,NHTSA-derived,coarse,0,0,1,,,,,,,,,
NHTSA_SPD_0220,Template Mapping,Speeding,NHTSA-derived,coarse,1,0,1,1,1,0,1,0,1,1,0,0.68
NHTSA_SPD_0221,Template Mapping,Speeding,NHTSA-derived,coarse,0,0,1,,,,,,,,,
NHTSA_SPD_0222,Template Mapping,Speeding,NHTSA-derived,coarse,0,0,1,,,,,,,,,
NHTSA_SPD_0223,Template Mapping,Speeding,NHTSA-derived,coarse,1,0,1,1,1,0,1,0,1,1,1,0.7200000000000001
NHTSA_SPD_0224,Template Mapping,Speeding,NHTSA-derived,coarse,0,0,1,,,,,,,,,
NHTSA_SPD_0225,Template Mapping,Speeding,NHTSA-derived,coarse,0,0,0,,,,,,,,,
NHTSA_SPD_0226,Template Mapping,Speeding,NHTSA-derived,coarse,0,0,1,,,,,,,,,
NHTSA_SPD_0227,Template Mapping,Speeding,NHTSA-derived,coarse,1,0,1,1,1,0,1,0,1,1,1,0.7200000000000001
NHTSA_SPD_0228,Template Mapping,Speeding,NHTSA-derived,coarse,1,0,1,1,1,0,1,0,1,1,1,0.7200000000000001
NHTSA_SPD_0229,Template Mapping,Speeding,NHTSA-derived,coarse,0,0,1,,,,,,,,,
NHTSA_SPD_0230,Template Mapping,Speeding,NHTSA-derived,coarse,0,0,1,,,,,,,,,
NHTSA_SPD_0231,Template Mapping,Speeding,NHTSA-derived,coarse,0,0,1,,,,,,,,,
NHTSA_SPD_0232,Template Mapping,Speeding,NHTSA-derived,coarse,1,0,1,1,1,0,1,0,1,1,1,0.7200000000000001
NHTSA_SPD_0233,Template Mapping,Speeding,NHTSA-derived,coarse,0,0,1,,,,,,,,,
NHTSA_SPD_0234,Template Mapping,Speeding,NHTSA-derived,coarse,1,0,1,1,1,0,1,0,1,1,1,0.7200000000000001
NHTSA_SPD_0235,Template Mapping,Speeding,NHTSA-derived,coarse,1,0,1,1,1,0,1,0,1,1,1,0.7200000000000001
NHTSA_SPD_0236,Template Mapping,Speeding,NHTSA-derived,coarse,1,1,1,1,1,1,1,1,1,1,1,1
NHTSA_SPD_0237,Template Mapping,Speeding,NHTSA-derived,coarse,1,0,1,1,1,0,1,0,1,1,1,0.7200000000000001
NHTSA_SPD_0238,Template Mapping,Speeding,NHTSA-derived,coarse,0,0,1,,,,,,,,,
NHTSA_SPD_0239,Template Mapping,Speeding,NHTSA-derived,coarse,0,0,1,,,,,,,,,
NHTSA_SPD_0240,Template Mapping,Speeding,NHTSA-derived,coarse,0,0,1,,,,,,,,,
NHTSA_SPD_0241,Template Mapping,Speeding,NHTSA-derived,coarse,1,0,1,1,1,0,1,0,1,1,1,0.7200000000000001
NHTSA_SPD_0242,Template Mapping,Speeding,NHTSA-derived,coarse,1,0,1,1,1,0,1,0,1,1,1,0.7200000000000001
NHTSA_SPD_0243,Template Mapping,Speeding,NHTSA-derived,coarse,1,0,1,1,1,0,1,0,1,1,1,0.7200000000000001
NHTSA_SPD_0244,Template Mapping,Speeding,NHTSA-derived,coarse,0,0,1,,,,,,,,,
NHTSA_SPD_0245,Template Mapping,Speeding,NHTSA-derived,coarse,1,0,1,1,1,0,1,0,1,1,1,0.7200000000000001
NHTSA_SPD_0246,Template Mapping,Speeding,NHTSA-derived,coarse,1,0,1,1,1,0,1,0,1,1,1,0.7200000000000001
NHTSA_SPD_0247,Template Mapping,Speeding,NHTSA-derived,coarse,1,0,1,1,1,0,1,0,1,1,1,0.7200000000000001
NHTSA_SPD_0248,Template Mapping,Speeding,NHTSA-derived,coarse,0,0,1,,,,,,,,,
NHTSA_SPD_0249,Template Mapping,Speeding,NHTSA-derived,coarse,0,0,1,,,,,,,,,
NHTSA_SPD_0250,Template Mapping,Speeding,NHTSA-derived,coarse,0,0,1,,,,,,,,,
NHTSA_SPD_0251,Template Mapping,Speeding,NHTSA-derived,coarse,0,0,1,,,,,,,,,
NHTSA_SPD_0252,Template Mapping,Speeding,NHTSA-derived,coarse,0,0,1,,,,,,,,,
NHTSA_SPD_0253,Template Mapping,Speeding,NHTSA-derived,coarse,0,0,1,,,,,,,,,
NHTSA_SPD_0254,Template Mapping,Speeding,NHTSA-derived,coarse,1,0,1,1,1,0,1,0,1,1,1,0.7200000000000001
NHTSA_SPD_0255,Template Mapping,Speeding,NHTSA-derived,coarse,1,0,1,1,1,0,1,0,1,1,1,0.7200000000000001
NHTSA_SPD_0256,Template Mapping,Speeding,NHTSA-derived,coarse,1,0,1,1,1,0,1,0,1,1,0,0.68
NHTSA_SPD_0257,Template Mapping,Speeding,NHTSA-derived,coarse,0,0,1,,,,,,,,,
NHTSA_SPD_0258,Template Mapping,Speeding,NHTSA-derived,coarse,1,0,1,1,1,0,1,0,1,1,1,0.7200000000000001
NHTSA_SPD_0259,Template Mapping,Speeding,NHTSA-derived,coarse,0,0,1,,,,,,,,,
NHTSA_SPD_0260,Template Mapping,Speeding,NHTSA-derived,coarse,1,0,1,1,1,0,1,0,1,1,1,0.7200000000000001
NHTSA_SPD_0261,Template Mapping,Speeding,NHTSA-derived,coarse,1,0,1,1,1,0,1,0,1,1,1,0.7200000000000001
NHTSA_SPD_0262,Template Mapping,Speeding,NHTSA-derived,coarse,1,0,1,1,1,0,1,0,1,1,1,0.7200000000000001
NHTSA_SPD_0263,Template Mapping,Speeding,NHTSA-derived,coarse,1,0,1,1,1,0,1,0,1,1,1,0.7200000000000001
NHTSA_SPD_0264,Template Mapping,Speeding,NHTSA-derived,coarse,0,0,1,,,,,,,,,
NHTSA_SPD_0265,Template Mapping,Speeding,NHTSA-derived,coarse,0,0,1,,,,,,,,,
NHTSA_SPD_0266,Template Mapping,Speeding,NHTSA-derived,coarse,1,0,1,1,1,0,1,0,1,1,1,0.7200000000000001
NHTSA_SPD_0267,Template Mapping,Speeding,NHTSA-derived,coarse,1,0,1,1,1,0,1,0,1,1,1,0.7200000000000001
NHTSA_SPD_0268,Template Mapping,Speeding,NHTSA-derived,coarse,0,0,1,,,,,,,,,
NHTSA_SPD_0269,Template Mapping,Speeding,NHTSA-derived,coarse,1,0,1,1,1,0,1,0,1,1,0,0.68
NHTSA_SPD_0270,Template Mapping,Speeding,NHTSA-derived,coarse,0,0,1,,,,,,,,,
NHTSA_SPD_0271,Template Mapping,Speeding,NHTSA-derived,coarse,1,0,1,1,1,0,1,0,1,1,0,0.68
NHTSA_SPD_0272,Template Mapping,Speeding,NHTSA-derived,coarse,0,0,1,,,,,,,,,
NHTSA_SPD_0273,Template Mapping,Speeding,NHTSA-derived,coarse,1,0,1,1,1,0,1,0,1,1,1,0.7200000000000001
NHTSA_SPD_0274,Template Mapping,Speeding,NHTSA-derived,coarse,1,0,1,1,1,0,1,0,1,1,0,0.68
NHTSA_SPD_0275,Template Mapping,Speeding,NHTSA-derived,coarse,0,0,1,,,,,,,,,
NHTSA_SPD_0276,Template Mapping,Speeding,NHTSA-derived,coarse,1,1,1,1,1,1,1,1,1,1,1,1
NHTSA_SPD_0277,Template Mapping,Speeding,NHTSA-derived,coarse,0,0,1,,,,,,,,,
NHTSA_SPD_0278,Template Mapping,Speeding,NHTSA-derived,coarse,1,0,1,1,1,0,1,0,1,1,1,0.7200000000000001
NHTSA_SPD_0279,Template Mapping,Speeding,NHTSA-derived,coarse,0,0,1,,,,,,,,,
NHTSA_SPD_0280,Template Mapping,Speeding,NHTSA-derived,coarse,0,0,1,,,,,,,,,
NHTSA_SPD_0281,Template Mapping,Speeding,NHTSA-derived,coarse,1,0,1,1,1,0,1,0,1,1,1,0.7200000000000001
NHTSA_SPD_0282,Template Mapping,Speeding,NHTSA-derived,coarse,0,0,1,,,,,,,,,
NHTSA_SPD_0283,Template Mapping,Speeding,NHTSA-derived,coarse,0,0,0,,,,,,,,,
NHTSA_SPD_0284,Template Mapping,Speeding,NHTSA-derived,coarse,0,0,1,,,,,,,,,
NHTSA_SPD_0285,Template Mapping,Speeding,NHTSA-derived,coarse,1,0,1,1,1,0,1,0,1,1,1,0.7200000000000001
NHTSA_SPD_0286,Template Mapping,Speeding,NHTSA-derived,coarse,1,0,1,1,1,0,1,0,1,1,1,0.7200000000000001
NHTSA_SPD_0287,Template Mapping,Speeding,NHTSA-derived,coarse,1,0,0,1,1,0,1,0,1,1,0,0.68
NHTSA_SPD_0288,Template Mapping,Speeding,NHTSA-derived,coarse,0,0,1,,,,,,,,,
NHTSA_SPD_0289,Template Mapping,Speeding,NHTSA-derived,coarse,1,0,1,1,1,0,1,0,1,1,1,0.7200000000000001
NHTSA_SPD_0290,Template Mapping,Speeding,NHTSA-derived,coarse,1,0,1,1,1,0,1,0,1,1,1,0.7200000000000001
NHTSA_SPD_0291,Template Mapping,Speeding,NHTSA-derived,coarse,1,0,1,1,1,0,1,0,1,1,0,0.68
NHTSA_SPD_0292,Template Mapping,Speeding,NHTSA-derived,coarse,1,0,1,1,1,0,1,0,1,1,0,0.68
NHTSA_SPD_0293,Template Mapping,Speeding,NHTSA-derived,coarse,0,0,0,,,,,,,,,
NHTSA_SPD_0294,Template Mapping,Speeding,NHTSA-derived,coarse,1,0,1,1,1,0,1,0,1,1,1,0.7200000000000001
NHTSA_SPD_0295,Template Mapping,Speeding,NHTSA-derived,coarse,0,0,1,,,,,,,,,
NHTSA_SPD_0296,Template Mapping,Speeding,NHTSA-derived,coarse,1,0,1,1,1,0,1,0,1,1,1,0.7200000000000001
NHTSA_SPD_0297,Template Mapping,Speeding,NHTSA-derived,coarse,0,0,1,,,,,,,,,
NHTSA_SPD_0298,Template Mapping,Speeding,NHTSA-derived,coarse,1,0,1,1,1,0,1,0,1,1,1,0.7200000000000001
NHTSA_SPD_0299,Template Mapping,Speeding,NHTSA-derived,coarse,1,0,1,1,1,0,1,0,1,1,1,0.7200000000000001
NHTSA_SPD_0300,Template Mapping,Speeding,NHTSA-derived,coarse,0,0,1,,,,,,,,,
NHTSA_SPD_0301,Template Mapping,Speeding,NHTSA-derived,coarse,1,0,1,1,1,0,1,0,1,1,1,0.7200000000000001
NHTSA_SPD_0302,Template Mapping,Speeding,NHTSA-derived,coarse,1,0,1,1,1,0,1,0,1,1,0,0.68
NHTSA_SPD_0303,Template Mapping,Speeding,NHTSA-derived,coarse,1,0,0,1,1,0,1,0,1,1,0,0.68
NHTSA_SPD_0304,Template Mapping,Speeding,NHTSA-derived,coarse,1,0,1,1,1,0,1,0,1,1,1,0.7200000000000001
NHTSA_SPD_0305,Template Mapping,Speeding,NHTSA-derived,coarse,0,0,1,,,,,,,,,
NHTSA_SPD_0306,Template Mapping,Speeding,NHTSA-derived,coarse,1,0,1,1,1,0,1,0,1,1,1,0.7200000000000001
NHTSA_SPD_0307,Template Mapping,Speeding,NHTSA-derived,coarse,1,0,1,1,1,0,1,0,1,1,1,0.7200000000000001
NHTSA_SPD_0308,Template Mapping,Speeding,NHTSA-derived,coarse,0,0,1,,,,,,,,,
NHTSA_SPD_0309,Template Mapping,Speeding,NHTSA-derived,coarse,0,0,1,,,,,,,,,
NHTSA_SPD_0310,Template Mapping,Speeding,NHTSA-derived,coarse,1,0,1,1,1,0,1,0,1,1,1,0.7200000000000001
NHTSA_SPD_0311,Template Mapping,Speeding,NHTSA-derived,coarse,0,0,1,,,,,,,,,
NHTSA_SPD_0312,Template Mapping,Speeding,NHTSA-derived,coarse,0,0,1,,,,,,,,,
NHTSA_SPD_0313,Template Mapping,Speeding,NHTSA-derived,coarse,0,0,1,,,,,,,,,
NHTSA_SPD_0314,Template Mapping,Speeding,NHTSA-derived,coarse,1,0,1,1,1,0,1,1,1,1,1,0.8400000000000001
NHTSA_SPD_0315,Template Mapping,Speeding,NHTSA-derived,coarse,1,0,1,1,1,0,1,0,1,1,0,0.68
NHTSA_SPD_0316,Template Mapping,Speeding,NHTSA-derived,coarse,1,0,0,1,1,0,1,0,1,1,0,0.68
NHTSA_SPD_0317,Template Mapping,Speeding,NHTSA-derived,coarse,1,0,1,1,1,0,1,0,1,1,1,0.7200000000000001
NHTSA_SPD_0318,Template Mapping,Speeding,NHTSA-derived,coarse,0,0,1,,,,,,,,,
NHTSA_SPD_0319,Template Mapping,Speeding,NHTSA-derived,coarse,0,0,1,,,,,,,,,
NHTSA_SPD_0320,Template Mapping,Speeding,NHTSA-derived,coarse,0,0,1,,,,,,,,,
NHTSA_SPD_0321,Template Mapping,Speeding,NHTSA-derived,coarse,1,0,1,1,1,0,1,0,1,1,1,0.7200000000000001
NHTSA_SPD_0322,Template Mapping,Speeding,NHTSA-derived,coarse,0,0,1,,,,,,,,,
NHTSA_SPD_0323,Template Mapping,Speeding,NHTSA-derived,coarse,1,0,1,1,1,0,1,0,1,1,1,0.7200000000000001
NHTSA_SPD_0324,Template Mapping,Speeding,NHTSA-derived,coarse,0,0,1,,,,,,,,,
NHTSA_SPD_0325,Template Mapping,Speeding,NHTSA-derived,coarse,1,1,1,1,1,1,1,1,1,1,1,1
NHTSA_SPD_0326,Template Mapping,Speeding,NHTSA-derived,coarse,0,0,1,,,,,,,,,
NHTSA_SPD_0327,Template Mapping,Speeding,NHTSA-derived,coarse,0,0,1,,,,,,,,,
NHTSA_SPD_0328,Template Mapping,Speeding,NHTSA-derived,coarse,0,0,1,,,,,,,,,
NHTSA_SPD_0329,Template Mapping,Speeding,NHTSA-derived,coarse,0,0,1,,,,,,,,,
NHTSA_SPD_0330,Template Mapping,Speeding,NHTSA-derived,coarse,1,0,1,1,1,0,1,0,1,1,1,0.7200000000000001
NHTSA_SPD_0331,Template Mapping,Speeding,NHTSA-derived,coarse,1,0,1,1,1,0,1,0,1,1,1,0.7200000000000001
NHTSA_SPD_0332,Template Mapping,Speeding,NHTSA-derived,coarse,1,0,0,1,1,0,1,0,1,1,0,0.68
NHTSA_SPD_0333,Template Mapping,Speeding,NHTSA-derived,coarse,0,0,1,,,,,,,,,
NHTSA_SPD_0334,Template Mapping,Speeding,NHTSA-derived,coarse,0,0,0,,,,,,,,,
NHTSA_SPD_0335,Template Mapping,Speeding,NHTSA-derived,coarse,1,0,1,1,1,0,1,0,1,1,1,0.7200000000000001
NHTSA_SPD_0336,Template Mapping,Speeding,NHTSA-derived,coarse,0,0,0,,,,,,,,,
NHTSA_SPD_0337,Template Mapping,Speeding,NHTSA-derived,coarse,1,0,1,1,1,0,1,0,1,1,1,0.7200000000000001
NHTSA_SPD_0338,Template Mapping,Speeding,NHTSA-derived,coarse,1,0,1,1,1,0,1,0,1,1,1,0.7200000000000001
NHTSA_SPD_0339,Template Mapping,Speeding,NHTSA-derived,coarse,1,0,1,1,1,0,1,0,1,1,1,0.7200000000000001
NHTSA_SPD_0340,Template Mapping,Speeding,NHTSA-derived,coarse,1,0,1,1,1,0,1,0,1,1,0,0.68
NHTSA_SPD_0341,Template Mapping,Speeding,NHTSA-derived,coarse,0,0,1,,,,,,,,,
NHTSA_SPD_0342,Template Mapping,Speeding,NHTSA-derived,coarse,1,0,1,1,1,0,1,0,1,1,0,0.68
NHTSA_SPD_0343,Template Mapping,Speeding,NHTSA-derived,coarse,1,0,1,1,1,0,1,0,1,1,1,0.7200000000000001
NHTSA_SPD_0344,Template Mapping,Speeding,NHTSA-derived,coarse,1,0,0,1,1,0,1,0,1,1,0,0.68
NHTSA_SPD_0345,Template Mapping,Speeding,NHTSA-derived,coarse,0,0,1,,,,,,,,,
NHTSA_SPD_0346,Template Mapping,Speeding,NHTSA-derived,coarse,0,0,1,,,,,,,,,
NHTSA_SPD_0347,Template Mapping,Speeding,NHTSA-derived,coarse,1,0,1,1,1,0,1,0,1,1,1,0.7200000000000001
NHTSA_SPD_0348,Template Mapping,Speeding,NHTSA-derived,coarse,0,0,1,,,,,,,,,
NHTSA_SPD_0349,Template Mapping,Speeding,NHTSA-derived,coarse,1,1,1,1,1,1,1,1,1,1,1,1
SYNTH_SPD_0001,Template Mapping,Speeding,synthetic-topology-extension,fine,0,0,1,,,,,,,,,
SYNTH_SPD_0002,Template Mapping,Speeding,synthetic-topology-extension,fine,0,0,1,,,,,,,,,
SYNTH_SPD_0003,Template Mapping,Speeding,synthetic-topology-extension,fine,1,0,0,1,1,0,1,0,1,1,0,0.68
SYNTH_SPD_0004,Template Mapping,Speeding,synthetic-topology-extension,fine,0,0,0,,,,,,,,,
SYNTH_SPD_0005,Template Mapping,Speeding,synthetic-topology-extension,fine,1,0,1,1,1,0,1,0,1,1,1,0.7200000000000001
SYNTH_SPD_0006,Template Mapping,Speeding,synthetic-topology-extension,fine,1,0,1,1,1,0,1,0,1,1,1,0.7200000000000001
SYNTH_SPD_0007,Template Mapping,Speeding,synthetic-topology-extension,fine,0,0,1,,,,,,,,,
SYNTH_SPD_0008,Template Mapping,Speeding,synthetic-topology-extension,fine,0,0,1,,,,,,,,,
SYNTH_SPD_0009,Template Mapping,Speeding,synthetic-topology-extension,fine,0,0,1,,,,,,,,,
SYNTH_SPD_0010,Template Mapping,Speeding,synthetic-topology-extension,fine,0,0,1,,,,,,,,,
SYNTH_SPD_0011,Template Mapping,Speeding,synthetic-topology-extension,fine,1,0,1,1,1,0,1,0,1,1,1,0.7200000000000001
SYNTH_SPD_0012,Template Mapping,Speeding,synthetic-topology-extension,fine,0,0,1,,,,,,,,,
SYNTH_SPD_0013,Template Mapping,Speeding,synthetic-topology-extension,fine,0,0,1,,,,,,,,,
SYNTH_SPD_0014,Template Mapping,Speeding,synthetic-topology-extension,fine,1,0,1,1,1,0,1,0,1,1,1,0.7200000000000001
SYNTH_SPD_0015,Template Mapping,Speeding,synthetic-topology-extension,fine,0,0,1,,,,,,,,,
SYNTH_SPD_0016,Template Mapping,Speeding,synthetic-topology-extension,fine,0,0,1,,,,,,,,,
SYNTH_SPD_0017,Template Mapping,Speeding,synthetic-topology-extension,fine,1,0,1,1,1,0,1,0,1,1,1,0.7200000000000001
SYNTH_SPD_0018,Template Mapping,Speeding,synthetic-topology-extension,fine,1,0,1,1,1,0,1,0,1,1,1,0.7200000000000001
SYNTH_SPD_0019,Template Mapping,Speeding,synthetic-topology-extension,fine,0,0,0,,,,,,,,,
SYNTH_SPD_0020,Template Mapping,Speeding,synthetic-topology-extension,fine,1,0,0,1,1,0,1,0,1,1,0,0.68
SYNTH_SPD_0021,Template Mapping,Speeding,synthetic-topology-extension,fine,1,0,1,1,1,0,1,0,1,1,1,0.7200000000000001
SYNTH_SPD_0022,Template Mapping,Speeding,synthetic-topology-extension,fine,1,0,1,1,1,0,1,0,1,1,1,0.7200000000000001
SYNTH_SPD_0023,Template Mapping,Speeding,synthetic-topology-extension,fine,0,0,0,,,,,,,,,
SYNTH_SPD_0024,Template Mapping,Speeding,synthetic-topology-extension,fine,0,0,1,,,,,,,,,
SYNTH_SPD_0025,Template Mapping,Speeding,synthetic-topology-extension,fine,0,0,0,,,,,,,,,
SYNTH_SPD_0026,Template Mapping,Speeding,synthetic-topology-extension,fine,1,0,1,1,1,0,1,0,1,1,1,0.7200000000000001
SYNTH_SPD_0027,Template Mapping,Speeding,synthetic-topology-extension,fine,1,0,1,1,1,0,1,0,1,1,1,0.7200000000000001
SYNTH_SPD_0028,Template Mapping,Speeding,synthetic-topology-extension,fine,0,0,0,,,,,,,,,
SYNTH_SPD_0029,Template Mapping,Speeding,synthetic-topology-extension,fine,1,0,1,1,1,0,1,0,1,1,1,0.7200000000000001
SYNTH_SPD_0030,Template Mapping,Speeding,synthetic-topology-extension,fine,1,0,1,1,1,0,1,0,1,1,1,0.7200000000000001
SYNTH_SPD_0031,Template Mapping,Speeding,synthetic-topology-extension,fine,0,0,1,,,,,,,,,
SYNTH_SPD_0032,Template Mapping,Speeding,synthetic-topology-extension,fine,0,0,1,,,,,,,,,
SYNTH_SPD_0033,Template Mapping,Speeding,synthetic-topology-extension,fine,1,0,1,1,1,0,1,0,1,1,1,0.7200000000000001
SYNTH_SPD_0034,Template Mapping,Speeding,synthetic-topology-extension,fine,0,0,1,,,,,,,,,
SYNTH_SPD_0035,Template Mapping,Speeding,synthetic-topology-extension,fine,0,0,0,,,,,,,,,
SYNTH_SPD_0036,Template Mapping,Speeding,synthetic-topology-extension,fine,1,0,0,1,1,0,1,0,1,1,0,0.68
SYNTH_SPD_0037,Template Mapping,Speeding,synthetic-topology-extension,fine,0,0,1,,,,,,,,,
SYNTH_SPD_0038,Template Mapping,Speeding,synthetic-topology-extension,fine,1,0,1,1,1,0,1,0,1,1,0,0.68
SYNTH_SPD_0039,Template Mapping,Speeding,synthetic-topology-extension,fine,0,0,1,,,,,,,,,
SYNTH_SPD_0040,Template Mapping,Speeding,synthetic-topology-extension,fine,1,0,1,1,1,0,1,0,1,1,1,0.7200000000000001
SYNTH_SPD_0041,Template Mapping,Speeding,synthetic-topology-extension,fine,1,0,0,1,1,0,1,0,1,1,0,0.68
SYNTH_SPD_0042,Template Mapping,Speeding,synthetic-topology-extension,fine,1,0,1,1,1,0,1,0,1,1,1,0.7200000000000001
SYNTH_SPD_0043,Template Mapping,Speeding,synthetic-topology-extension,fine,0,0,1,,,,,,,,,
SYNTH_SPD_0044,Template Mapping,Speeding,synthetic-topology-extension,fine,1,0,1,1,1,0,1,0,1,1,1,0.7200000000000001
SYNTH_SPD_0045,Template Mapping,Speeding,synthetic-topology-extension,fine,0,0,1,,,,,,,,,
SYNTH_SPD_0046,Template Mapping,Speeding,synthetic-topology-extension,fine,1,0,1,1,1,0,1,0,1,1,1,0.7200000000000001
SYNTH_SPD_0047,Template Mapping,Speeding,synthetic-topology-extension,fine,1,0,1,1,1,0,1,0,1,1,1,0.7200000000000001
SYNTH_SPD_0048,Template Mapping,Speeding,synthetic-topology-extension,fine,1,0,1,1,1,0,1,0,1,1,1,0.7200000000000001
SYNTH_SPD_0049,Template Mapping,Speeding,synthetic-topology-extension,fine,1,0,1,1,1,0,1,0,1,1,1,0.7200000000000001
SYNTH_SPD_0050,Template Mapping,Speeding,synthetic-topology-extension,fine,0,0,1,,,,,,,,,
SYNTH_SPD_0051,Template Mapping,Speeding,synthetic-topology-extension,fine,0,0,1,,,,,,,,,
SYNTH_SPD_0052,Template Mapping,Speeding,synthetic-topology-extension,fine,1,0,0,1,1,0,1,0,1,1,0,0.68
SYNTH_SPD_0053,Template Mapping,Speeding,synthetic-topology-extension,fine,0,0,0,,,,,,,,,
SYNTH_SPD_0054,Template Mapping,Speeding,synthetic-topology-extension,fine,0,0,1,,,,,,,,,
SYNTH_SPD_0055,Template Mapping,Speeding,synthetic-topology-extension,fine,1,0,1,1,1,0,1,0,1,1,1,0.7200000000000001
SYNTH_SPD_0056,Template Mapping,Speeding,synthetic-topology-extension,fine,0,0,1,,,,,,,,,
SYNTH_SPD_0057,Template Mapping,Speeding,synthetic-topology-extension,fine,1,0,1,1,1,0,1,0,1,1,1,0.7200000000000001
SYNTH_SPD_0058,Template Mapping,Speeding,synthetic-topology-extension,fine,0,0,0,,,,,,,,,
SYNTH_SPD_0059,Template Mapping,Speeding,synthetic-topology-extension,fine,1,0,0,1,1,0,1,0,1,1,0,0.68
SYNTH_SPD_0060,Template Mapping,Speeding,synthetic-topology-extension,fine,0,0,1,,,,,,,,,
SYNTH_SPD_0061,Template Mapping,Speeding,synthetic-topology-extension,fine,1,0,1,1,1,0,1,0,1,1,1,0.7200000000000001
SYNTH_SPD_0062,Template Mapping,Speeding,synthetic-topology-extension,fine,1,0,1,1,1,0,1,0,1,1,1,0.7200000000000001
SYNTH_SPD_0063,Template Mapping,Speeding,synthetic-topology-extension,fine,1,0,0,1,1,0,1,0,1,1,0,0.68
SYNTH_SPD_0064,Template Mapping,Speeding,synthetic-topology-extension,fine,1,0,1,1,1,0,1,0,1,1,0,0.68
SYNTH_SPD_0065,Template Mapping,Speeding,synthetic-topology-extension,fine,0,0,1,,,,,,,,,
SYNTH_SPD_0066,Template Mapping,Speeding,synthetic-topology-extension,fine,0,0,1,,,,,,,,,
SYNTH_SPD_0067,Template Mapping,Speeding,synthetic-topology-extension,fine,0,0,1,,,,,,,,,
SYNTH_SPD_0068,Template Mapping,Speeding,synthetic-topology-extension,fine,0,0,1,,,,,,,,,
SYNTH_SPD_0069,Template Mapping,Speeding,synthetic-topology-extension,fine,0,0,0,,,,,,,,,
SYNTH_SPD_0070,Template Mapping,Speeding,synthetic-topology-extension,fine,0,0,0,,,,,,,,,
SYNTH_SPD_0071,Template Mapping,Speeding,synthetic-topology-extension,fine,0,0,1,,,,,,,,,
SYNTH_SPD_0072,Template Mapping,Speeding,synthetic-topology-extension,fine,1,0,1,1,1,0,1,0,1,1,0,0.68
SYNTH_SPD_0073,Template Mapping,Speeding,synthetic-topology-extension,fine,0,0,1,,,,,,,,,
SYNTH_SPD_0074,Template Mapping,Speeding,synthetic-topology-extension,fine,0,0,1,,,,,,,,,
SYNTH_SPD_0075,Template Mapping,Speeding,synthetic-topology-extension,fine,1,0,1,1,1,0,1,0,1,1,1,0.7200000000000001
SYNTH_SPD_0076,Template Mapping,Speeding,synthetic-topology-extension,fine,0,0,1,,,,,,,,,
SYNTH_SPD_0077,Template Mapping,Speeding,synthetic-topology-extension,fine,0,0,1,,,,,,,,,
SYNTH_SPD_0078,Template Mapping,Speeding,synthetic-topology-extension,fine,1,0,0,1,1,0,1,0,1,1,0,0.68
SYNTH_SPD_0079,Template Mapping,Speeding,synthetic-topology-extension,fine,0,0,1,,,,,,,,,
SYNTH_SPD_0080,Template Mapping,Speeding,synthetic-topology-extension,fine,0,0,1,,,,,,,,,
SYNTH_SPD_0081,Template Mapping,Speeding,synthetic-topology-extension,fine,1,0,0,1,1,0,1,0,1,1,0,0.68
SYNTH_SPD_0082,Template Mapping,Speeding,synthetic-topology-extension,fine,1,0,1,1,1,0,1,0,1,1,1,0.7200000000000001
SYNTH_SPD_0083,Template Mapping,Speeding,synthetic-topology-extension,fine,0,0,1,,,,,,,,,
SYNTH_SPD_0084,Template Mapping,Speeding,synthetic-topology-extension,fine,1,0,1,1,1,0,1,0,1,1,1,0.7200000000000001
SYNTH_SPD_0085,Template Mapping,Speeding,synthetic-topology-extension,fine,0,0,0,,,,,,,,,
SYNTH_SPD_0086,Template Mapping,Speeding,synthetic-topology-extension,fine,1,0,1,1,1,0,1,0,1,1,1,0.7200000000000001
SYNTH_SPD_0087,Template Mapping,Speeding,synthetic-topology-extension,fine,1,0,1,1,1,0,1,0,1,1,1,0.7200000000000001
SYNTH_SPD_0088,Template Mapping,Speeding,synthetic-topology-extension,fine,0,0,1,,,,,,,,,
SYNTH_SPD_0089,Template Mapping,Speeding,synthetic-topology-extension,fine,0,0,1,,,,,,,,,
SYNTH_SPD_0090,Template Mapping,Speeding,synthetic-topology-extension,fine,1,0,1,1,1,0,1,0,1,1,1,0.7200000000000001
NHTSA_FSD_0001,Template Mapping,Failure to maintain safe following distance,NHTSA-derived,coarse,1,1,0,1,1,0,1,0,1,1,0,0.68
NHTSA_FSD_0002,Template Mapping,Failure to maintain safe following distance,NHTSA-derived,coarse,1,1,1,1,1,1,1,1,1,1,1,1
NHTSA_FSD_0003,Template Mapping,Failure to maintain safe following distance,NHTSA-derived,coarse,1,1,1,1,1,1,1,1,1,1,1,1
NHTSA_FSD_0004,Template Mapping,Failure to maintain safe following distance,NHTSA-derived,coarse,1,1,0,1,1,0,1,0,1,1,0,0.68
NHTSA_FSD_0005,Template Mapping,Failure to maintain safe following distance,NHTSA-derived,coarse,1,1,1,1,1,1,1,1,1,1,1,1
NHTSA_FSD_0006,Template Mapping,Failure to maintain safe following distance,NHTSA-derived,coarse,1,1,0,1,1,0,1,0,1,1,0,0.68
NHTSA_FSD_0007,Template Mapping,Failure to maintain safe following distance,NHTSA-derived,coarse,1,1,1,1,1,1,1,1,1,1,1,1
NHTSA_FSD_0008,Template Mapping,Failure to maintain safe following distance,NHTSA-derived,coarse,1,1,1,1,1,1,1,1,1,1,1,1
NHTSA_FSD_0009,Template Mapping,Failure to maintain safe following distance,NHTSA-derived,coarse,1,1,1,1,1,1,1,1,1,1,1,1
NHTSA_FSD_0010,Template Mapping,Failure to maintain safe following distance,NHTSA-derived,coarse,1,1,1,1,1,1,1,1,1,1,1,1
NHTSA_FSD_0011,Template Mapping,Failure to maintain safe following distance,NHTSA-derived,coarse,1,1,1,1,1,0,1,1,1,1,1,0.8400000000000001
NHTSA_FSD_0012,Template Mapping,Failure to maintain safe following distance,NHTSA-derived,coarse,1,1,1,1,1,1,1,1,1,1,1,1
NHTSA_FSD_0013,Template Mapping,Failure to maintain safe following distance,NHTSA-derived,coarse,1,1,1,1,1,1,1,1,1,1,1,1
NHTSA_FSD_0014,Template Mapping,Failure to maintain safe following distance,NHTSA-derived,coarse,1,1,1,1,1,1,1,1,1,1,1,1
NHTSA_FSD_0015,Template Mapping,Failure to maintain safe following distance,NHTSA-derived,coarse,1,1,1,1,1,1,1,1,1,1,1,1
NHTSA_FSD_0016,Template Mapping,Failure to maintain safe following distance,NHTSA-derived,coarse,1,1,1,1,1,1,1,1,1,1,1,1
NHTSA_FSD_0017,Template Mapping,Failure to maintain safe following distance,NHTSA-derived,coarse,1,1,1,1,1,1,1,1,1,1,1,1
NHTSA_FSD_0018,Template Mapping,Failure to maintain safe following distance,NHTSA-derived,coarse,1,1,1,1,1,1,1,1,1,1,1,1
NHTSA_FSD_0019,Template Mapping,Failure to maintain safe following distance,NHTSA-derived,coarse,1,1,1,1,1,1,1,1,1,1,1,1
NHTSA_FSD_0020,Template Mapping,Failure to maintain safe following distance,NHTSA-derived,coarse,1,1,1,1,1,1,1,1,1,1,1,1
NHTSA_FSD_0021,Template Mapping,Failure to maintain safe following distance,NHTSA-derived,coarse,1,1,1,1,1,1,1,1,1,1,1,1
NHTSA_FSD_0022,Template Mapping,Failure to maintain safe following distance,NHTSA-derived,coarse,1,1,1,1,1,1,1,1,1,1,1,1
NHTSA_FSD_0023,Template Mapping,Failure to maintain safe following distance,NHTSA-derived,coarse,1,1,1,1,1,1,1,1,1,1,1,1
NHTSA_FSD_0024,Template Mapping,Failure to maintain safe following distance,NHTSA-derived,coarse,1,1,1,1,1,1,1,1,1,1,1,1
NHTSA_FSD_0025,Template Mapping,Failure to maintain safe following distance,NHTSA-derived,coarse,1,1,1,1,1,1,1,1,1,1,1,1
NHTSA_FSD_0026,Template Mapping,Failure to maintain safe following distance,NHTSA-derived,coarse,1,1,1,1,1,1,1,1,1,1,1,1
NHTSA_FSD_0027,Template Mapping,Failure to maintain safe following distance,NHTSA-derived,coarse,1,1,1,1,1,1,1,1,1,1,1,1
NHTSA_FSD_0028,Template Mapping,Failure to maintain safe following distance,NHTSA-derived,coarse,1,1,1,1,1,1,1,1,1,1,1,1
NHTSA_FSD_0029,Template Mapping,Failure to maintain safe following distance,NHTSA-derived,coarse,1,1,1,1,1,1,1,1,1,1,1,1
NHTSA_FSD_0030,Template Mapping,Failure to maintain safe following distance,NHTSA-derived,coarse,1,1,0,1,1,0,1,0,1,1,0,0.68
NHTSA_FSD_0031,Template Mapping,Failure to maintain safe following distance,NHTSA-derived,coarse,1,1,1,1,1,1,1,1,1,1,1,1
NHTSA_FSD_0032,Template Mapping,Failure to maintain safe following distance,NHTSA-derived,coarse,1,1,1,1,1,1,1,1,1,1,1,1
NHTSA_FSD_0033,Template Mapping,Failure to maintain safe following distance,NHTSA-derived,coarse,1,1,1,1,1,1,1,1,1,1,1,1
NHTSA_FSD_0034,Template Mapping,Failure to maintain safe following distance,NHTSA-derived,coarse,1,1,1,1,1,1,1,1,1,1,1,1
NHTSA_FSD_0035,Template Mapping,Failure to maintain safe following distance,NHTSA-derived,coarse,1,1,1,1,1,1,1,1,1,1,1,1
NHTSA_FSD_0036,Template Mapping,Failure to maintain safe following distance,NHTSA-derived,coarse,1,1,1,1,1,1,1,1,1,1,1,1
NHTSA_FSD_0037,Template Mapping,Failure to maintain safe following distance,NHTSA-derived,coarse,1,1,1,1,1,1,1,1,1,1,1,1
NHTSA_FSD_0038,Template Mapping,Failure to maintain safe following distance,NHTSA-derived,coarse,1,1,1,1,1,1,1,1,1,1,1,1
NHTSA_FSD_0039,Template Mapping,Failure to maintain safe following distance,NHTSA-derived,coarse,1,1,1,1,1,1,1,1,1,1,1,1
NHTSA_FSD_0040,Template Mapping,Failure to maintain safe following distance,NHTSA-derived,coarse,1,1,1,1,1,1,1,1,1,1,1,1
NHTSA_FSD_0041,Template Mapping,Failure to maintain safe following distance,NHTSA-derived,coarse,1,1,1,1,1,1,1,1,1,1,1,1
NHTSA_FSD_0042,Template Mapping,Failure to maintain safe following distance,NHTSA-derived,coarse,1,1,1,1,1,1,1,1,1,1,1,1
NHTSA_FSD_0043,Template Mapping,Failure to maintain safe following distance,NHTSA-derived,coarse,1,1,1,1,1,1,1,1,1,1,1,1
NHTSA_FSD_0044,Template Mapping,Failure to maintain safe following distance,NHTSA-derived,coarse,1,1,1,1,1,1,1,1,1,1,1,1
NHTSA_FSD_0045,Template Mapping,Failure to maintain safe following distance,NHTSA-derived,coarse,1,1,1,1,1,1,1,1,1,1,1,1
NHTSA_FSD_0046,Template Mapping,Failure to maintain safe following distance,NHTSA-derived,coarse,1,1,1,1,1,1,1,1,1,1,1,1
NHTSA_FSD_0047,Template Mapping,Failure to maintain safe following distance,NHTSA-derived,coarse,1,1,1,1,1,1,1,1,1,1,1,1
NHTSA_FSD_0048,Template Mapping,Failure to maintain safe following distance,NHTSA-derived,coarse,1,1,1,1,1,1,1,1,1,1,1,1
NHTSA_FSD_0049,Template Mapping,Failure to maintain safe following distance,NHTSA-derived,coarse,1,1,1,1,1,1,1,1,1,1,1,1
NHTSA_FSD_0050,Template Mapping,Failure to maintain safe following distance,NHTSA-derived,coarse,1,1,1,1,1,1,1,1,1,1,1,1
NHTSA_FSD_0051,Template Mapping,Failure to maintain safe following distance,NHTSA-derived,coarse,1,1,1,1,1,0,1,0,1,1,1,0.7200000000000001
NHTSA_FSD_0052,Template Mapping,Failure to maintain safe following distance,NHTSA-derived,coarse,1,1,1,1,1,1,1,1,1,1,1,1
NHTSA_FSD_0053,Template Mapping,Failure to maintain safe following distance,NHTSA-derived,coarse,1,1,1,1,1,1,1,1,1,1,1,1
NHTSA_FSD_0054,Template Mapping,Failure to maintain safe following distance,NHTSA-derived,coarse,1,1,1,1,1,1,1,1,1,1,1,1
NHTSA_FSD_0055,Template Mapping,Failure to maintain safe following distance,NHTSA-derived,coarse,1,1,1,1,1,1,1,1,1,1,1,1
NHTSA_FSD_0056,Template Mapping,Failure to maintain safe following distance,NHTSA-derived,coarse,1,1,1,1,1,1,1,1,1,1,1,1
NHTSA_FSD_0057,Template Mapping,Failure to maintain safe following distance,NHTSA-derived,coarse,1,1,1,1,1,1,1,1,1,1,1,1
NHTSA_FSD_0058,Template Mapping,Failure to maintain safe following distance,NHTSA-derived,coarse,1,1,0,1,1,0,1,0,1,1,0,0.68
NHTSA_FSD_0059,Template Mapping,Failure to maintain safe following distance,NHTSA-derived,coarse,1,1,1,1,1,1,1,1,1,1,1,1
NHTSA_FSD_0060,Template Mapping,Failure to maintain safe following distance,NHTSA-derived,coarse,1,1,1,1,1,1,1,1,1,1,1,1
NHTSA_FSD_0061,Template Mapping,Failure to maintain safe following distance,NHTSA-derived,coarse,1,1,1,1,1,1,1,1,1,1,1,1
NHTSA_FSD_0062,Template Mapping,Failure to maintain safe following distance,NHTSA-derived,coarse,1,1,1,1,1,1,1,1,1,1,1,1
NHTSA_FSD_0063,Template Mapping,Failure to maintain safe following distance,NHTSA-derived,coarse,1,1,1,1,1,1,1,1,1,1,1,1
NHTSA_FSD_0064,Template Mapping,Failure to maintain safe following distance,NHTSA-derived,coarse,1,1,1,1,1,1,1,1,1,1,1,1
NHTSA_FSD_0065,Template Mapping,Failure to maintain safe following distance,NHTSA-derived,coarse,1,1,1,1,1,1,1,1,1,1,1,1
NHTSA_FSD_0066,Template Mapping,Failure to maintain safe following distance,NHTSA-derived,coarse,1,1,1,1,1,1,1,1,1,1,1,1
NHTSA_FSD_0067,Template Mapping,Failure to maintain safe following distance,NHTSA-derived,coarse,1,1,1,1,1,1,1,1,1,1,1,1
NHTSA_FSD_0068,Template Mapping,Failure to maintain safe following distance,NHTSA-derived,coarse,1,1,1,1,1,1,1,1,1,1,1,1
NHTSA_FSD_0069,Template Mapping,Failure to maintain safe following distance,NHTSA-derived,coarse,1,1,0,1,1,0,1,0,1,1,0,0.68
NHTSA_FSD_0070,Template Mapping,Failure to maintain safe following distance,NHTSA-derived,coarse,1,1,1,1,1,1,1,1,1,1,1,1
NHTSA_FSD_0071,Template Mapping,Failure to maintain safe following distance,NHTSA-derived,coarse,1,1,0,1,1,0,1,0,1,1,0,0.68
NHTSA_FSD_0072,Template Mapping,Failure to maintain safe following distance,NHTSA-derived,coarse,1,1,1,1,1,0,1,1,1,1,1,0.8400000000000001
NHTSA_FSD_0073,Template Mapping,Failure to maintain safe following distance,NHTSA-derived,coarse,1,1,1,1,1,1,1,1,1,1,1,1
NHTSA_FSD_0074,Template Mapping,Failure to maintain safe following distance,NHTSA-derived,coarse,1,1,1,1,1,1,1,1,1,1,1,1
NHTSA_FSD_0075,Template Mapping,Failure to maintain safe following distance,NHTSA-derived,coarse,1,1,1,1,1,1,1,1,1,1,1,1
NHTSA_FSD_0076,Template Mapping,Failure to maintain safe following distance,NHTSA-derived,coarse,1,1,1,1,1,1,1,1,1,1,1,1
NHTSA_FSD_0077,Template Mapping,Failure to maintain safe following distance,NHTSA-derived,coarse,1,1,1,1,1,1,1,1,1,1,1,1
NHTSA_FSD_0078,Template Mapping,Failure to maintain safe following distance,NHTSA-derived,coarse,1,1,1,1,1,1,1,1,1,1,1,1
NHTSA_FSD_0079,Template Mapping,Failure to maintain safe following distance,NHTSA-derived,coarse,1,1,1,1,1,0,1,0,1,1,1,0.7200000000000001
NHTSA_FSD_0080,Template Mapping,Failure to maintain safe following distance,NHTSA-derived,coarse,1,1,1,1,1,1,1,1,1,1,1,1
NHTSA_FSD_0081,Template Mapping,Failure to maintain safe following distance,NHTSA-derived,coarse,1,1,1,1,1,1,1,1,1,1,1,1
NHTSA_FSD_0082,Template Mapping,Failure to maintain safe following distance,NHTSA-derived,coarse,1,1,1,1,1,1,1,1,1,1,1,1
NHTSA_FSD_0083,Template Mapping,Failure to maintain safe following distance,NHTSA-derived,coarse,1,1,1,1,1,1,1,1,1,1,1,1
NHTSA_FSD_0084,Template Mapping,Failure to maintain safe following distance,NHTSA-derived,coarse,1,1,1,1,1,1,1,1,1,1,1,1
NHTSA_FSD_0085,Template Mapping,Failure to maintain safe following distance,NHTSA-derived,coarse,1,1,1,1,1,1,1,1,1,1,1,1
NHTSA_FSD_0086,Template Mapping,Failure to maintain safe following distance,NHTSA-derived,coarse,1,1,1,1,1,1,1,1,1,1,1,1
NHTSA_FSD_0087,Template Mapping,Failure to maintain safe following distance,NHTSA-derived,coarse,1,1,1,1,1,1,1,1,1,1,1,1
NHTSA_FSD_0088,Template Mapping,Failure to maintain safe following distance,NHTSA-derived,coarse,1,1,1,1,1,1,1,1,1,1,1,1
NHTSA_FSD_0089,Template Mapping,Failure to maintain safe following distance,NHTSA-derived,coarse,1,1,1,1,1,1,1,1,1,1,1,1
NHTSA_FSD_0090,Template Mapping,Failure to maintain safe following distance,NHTSA-derived,coarse,1,1,1,1,1,1,1,1,1,1,1,1
NHTSA_FSD_0091,Template Mapping,Failure to maintain safe following distance,NHTSA-derived,coarse,1,1,1,1,1,1,1,1,1,1,1,1
NHTSA_FSD_0092,Template Mapping,Failure to maintain safe following distance,NHTSA-derived,coarse,1,1,1,1,1,1,1,1,1,1,1,1
NHTSA_FSD_0093,Template Mapping,Failure to maintain safe following distance,NHTSA-derived,coarse,1,1,1,1,1,1,1,1,1,1,1,1
NHTSA_FSD_0094,Template Mapping,Failure to maintain safe following distance,NHTSA-derived,coarse,1,1,1,1,1,1,1,1,1,1,1,1
NHTSA_FSD_0095,Template Mapping,Failure to maintain safe following distance,NHTSA-derived,coarse,1,1,1,1,1,1,1,1,1,1,1,1
NHTSA_FSD_0096,Template Mapping,Failure to maintain safe following distance,NHTSA-derived,coarse,1,1,1,1,1,1,1,1,1,1,1,1
NHTSA_FSD_0097,Template Mapping,Failure to maintain safe following distance,NHTSA-derived,coarse,1,1,1,1,1,1,1,1,1,1,1,1
NHTSA_FSD_0098,Template Mapping,Failure to maintain safe following distance,NHTSA-derived,coarse,1,1,1,1,1,1,1,1,1,1,1,1
NHTSA_FSD_0099,Template Mapping,Failure to maintain safe following distance,NHTSA-derived,coarse,1,1,1,1,1,1,1,1,1,1,1,1
NHTSA_FSD_0100,Template Mapping,Failure to maintain safe following distance,NHTSA-derived,coarse,1,1,1,1,1,1,1,1,1,1,1,1
NHTSA_FSD_0101,Template Mapping,Failure to maintain safe following distance,NHTSA-derived,coarse,1,1,1,1,1,1,1,1,1,1,1,1
NHTSA_FSD_0102,Template Mapping,Failure to maintain safe following distance,NHTSA-derived,coarse,1,1,1,1,1,1,1,1,1,1,1,1
NHTSA_FSD_0103,Template Mapping,Failure to maintain safe following distance,NHTSA-derived,coarse,1,1,1,1,1,1,1,1,1,1,1,1
NHTSA_FSD_0104,Template Mapping,Failure to maintain safe following distance,NHTSA-derived,coarse,1,1,1,1,1,1,1,1,1,1,1,1
NHTSA_FSD_0105,Template Mapping,Failure to maintain safe following distance,NHTSA-derived,coarse,1,1,1,1,1,1,1,1,1,1,1,1
NHTSA_FSD_0106,Template Mapping,Failure to maintain safe following distance,NHTSA-derived,coarse,1,1,1,1,1,1,1,1,1,1,1,1
NHTSA_FSD_0107,Template Mapping,Failure to maintain safe following distance,NHTSA-derived,coarse,1,1,1,1,1,1,1,1,1,1,1,1
NHTSA_FSD_0108,Template Mapping,Failure to maintain safe following distance,NHTSA-derived,coarse,1,1,1,1,1,1,1,1,1,1,1,1
NHTSA_FSD_0109,Template Mapping,Failure to maintain safe following distance,NHTSA-derived,coarse,1,1,0,1,1,0,1,0,1,1,0,0.68
NHTSA_FSD_0110,Template Mapping,Failure to maintain safe following distance,NHTSA-derived,coarse,1,1,1,1,1,1,1,1,1,1,1,1
NHTSA_FSD_0111,Template Mapping,Failure to maintain safe following distance,NHTSA-derived,coarse,1,1,1,1,1,1,1,1,1,1,1,1
NHTSA_FSD_0112,Template Mapping,Failure to maintain safe following distance,NHTSA-derived,coarse,1,1,1,1,1,0,1,1,1,1,1,0.8400000000000001
NHTSA_FSD_0113,Template Mapping,Failure to maintain safe following distance,NHTSA-derived,coarse,1,1,1,1,1,1,1,1,1,1,1,1
NHTSA_FSD_0114,Template Mapping,Failure to maintain safe following distance,NHTSA-derived,coarse,1,1,1,1,1,1,1,1,1,1,1,1
NHTSA_FSD_0115,Template Mapping,Failure to maintain safe following distance,NHTSA-derived,coarse,1,1,1,1,1,1,1,1,1,1,1,1
NHTSA_FSD_0116,Template Mapping,Failure to maintain safe following distance,NHTSA-derived,coarse,1,1,1,1,1,1,1,1,1,1,1,1
NHTSA_FSD_0117,Template Mapping,Failure to maintain safe following distance,NHTSA-derived,coarse,1,1,1,1,1,1,1,1,1,1,1,1
NHTSA_FSD_0118,Template Mapping,Failure to maintain safe following distance,NHTSA-derived,coarse,1,1,1,1,1,1,1,1,1,1,1,1
NHTSA_FSD_0119,Template Mapping,Failure to maintain safe following distance,NHTSA-derived,coarse,1,1,1,1,1,1,1,1,1,1,1,1
NHTSA_FSD_0120,Template Mapping,Failure to maintain safe following distance,NHTSA-derived,coarse,1,1,1,1,1,1,1,1,1,1,1,1
NHTSA_FSD_0121,Template Mapping,Failure to maintain safe following distance,NHTSA-derived,coarse,1,1,0,1,1,0,1,0,1,1,0,0.68
NHTSA_FSD_0122,Template Mapping,Failure to maintain safe following distance,NHTSA-derived,coarse,1,1,1,1,1,1,1,1,1,1,1,1
NHTSA_FSD_0123,Template Mapping,Failure to maintain safe following distance,NHTSA-derived,coarse,1,1,1,1,1,1,1,1,1,1,1,1
NHTSA_FSD_0124,Template Mapping,Failure to maintain safe following distance,NHTSA-derived,coarse,1,1,1,1,1,1,1,1,1,1,1,1
NHTSA_FSD_0125,Template Mapping,Failure to maintain safe following distance,NHTSA-derived,coarse,1,1,1,1,1,1,1,1,1,1,1,1
NHTSA_FSD_0126,Template Mapping,Failure to maintain safe following distance,NHTSA-derived,coarse,1,1,1,1,1,1,1,1,1,1,1,1
NHTSA_FSD_0127,Template Mapping,Failure to maintain safe following distance,NHTSA-derived,coarse,1,1,0,1,1,0,1,0,1,1,0,0.68
NHTSA_FSD_0128,Template Mapping,Failure to maintain safe following distance,NHTSA-derived,coarse,1,1,1,1,1,1,1,1,1,1,1,1
NHTSA_FSD_0129,Template Mapping,Failure to maintain safe following distance,NHTSA-derived,coarse,1,0,1,1,1,0,1,0,1,1,1,0.7200000000000001
NHTSA_FSD_0130,Template Mapping,Failure to maintain safe following distance,NHTSA-derived,coarse,1,1,1,1,1,1,1,1,1,1,1,1
NHTSA_FSD_0131,Template Mapping,Failure to maintain safe following distance,NHTSA-derived,coarse,1,1,1,1,1,0,1,0,1,1,1,0.7200000000000001
NHTSA_FSD_0132,Template Mapping,Failure to maintain safe following distance,NHTSA-derived,coarse,1,1,1,1,1,1,1,1,1,1,1,1
NHTSA_FSD_0133,Template Mapping,Failure to maintain safe following distance,NHTSA-derived,coarse,1,1,1,1,1,1,1,1,1,1,1,1
NHTSA_FSD_0134,Template Mapping,Failure to maintain safe following distance,NHTSA-derived,coarse,1,1,0,1,1,0,1,0,1,1,0,0.68
NHTSA_FSD_0135,Template Mapping,Failure to maintain safe following distance,NHTSA-derived,coarse,1,1,1,1,1,1,1,1,1,1,1,1
NHTSA_FSD_0136,Template Mapping,Failure to maintain safe following distance,NHTSA-derived,coarse,1,1,1,1,1,1,1,1,1,1,1,1
NHTSA_FSD_0137,Template Mapping,Failure to maintain safe following distance,NHTSA-derived,coarse,1,1,0,1,1,0,1,0,1,1,0,0.68
NHTSA_FSD_0138,Template Mapping,Failure to maintain safe following distance,NHTSA-derived,coarse,1,1,1,1,1,1,1,1,1,1,1,1
NHTSA_FSD_0139,Template Mapping,Failure to maintain safe following distance,NHTSA-derived,coarse,1,1,1,1,1,1,1,1,1,1,1,1
NHTSA_FSD_0140,Template Mapping,Failure to maintain safe following distance,NHTSA-derived,coarse,1,1,1,1,1,1,1,1,1,1,1,1
NHTSA_FSD_0141,Template Mapping,Failure to maintain safe following distance,NHTSA-derived,coarse,1,1,1,1,1,0,1,1,1,1,1,0.8400000000000001
NHTSA_FSD_0142,Template Mapping,Failure to maintain safe following distance,NHTSA-derived,coarse,1,1,1,1,1,1,1,1,1,1,1,1
NHTSA_FSD_0143,Template Mapping,Failure to maintain safe following distance,NHTSA-derived,coarse,1,1,1,1,1,1,1,1,1,1,1,1
NHTSA_FSD_0144,Template Mapping,Failure to maintain safe following distance,NHTSA-derived,coarse,1,1,1,1,1,1,1,1,1,1,1,1
NHTSA_FSD_0145,Template Mapping,Failure to maintain safe following distance,NHTSA-derived,coarse,1,1,1,1,1,1,1,1,1,1,1,1
NHTSA_FSD_0146,Template Mapping,Failure to maintain safe following distance,NHTSA-derived,coarse,1,1,1,1,1,1,1,1,1,1,1,1
NHTSA_FSD_0147,Template Mapping,Failure to maintain safe following distance,NHTSA-derived,coarse,1,1,1,1,1,1,1,1,1,1,1,1
NHTSA_FSD_0148,Template Mapping,Failure to maintain safe following distance,NHTSA-derived,coarse,1,1,1,1,1,1,1,1,1,1,1,1
NHTSA_FSD_0149,Template Mapping,Failure to maintain safe following distance,NHTSA-derived,coarse,1,1,1,1,1,1,1,1,1,1,1,1
NHTSA_FSD_0150,Template Mapping,Failure to maintain safe following distance,NHTSA-derived,coarse,1,1,1,1,1,1,1,1,1,1,1,1
NHTSA_FSD_0151,Template Mapping,Failure to maintain safe following distance,NHTSA-derived,coarse,1,1,1,1,1,1,1,1,1,1,1,1
NHTSA_FSD_0152,Template Mapping,Failure to maintain safe following distance,NHTSA-derived,coarse,1,1,1,1,1,1,1,1,1,1,1,1
NHTSA_FSD_0153,Template Mapping,Failure to maintain safe following distance,NHTSA-derived,coarse,1,1,1,1,1,1,1,1,1,1,1,1
NHTSA_FSD_0154,Template Mapping,Failure to maintain safe following distance,NHTSA-derived,coarse,1,1,1,1,1,1,1,1,1,1,1,1
NHTSA_FSD_0155,Template Mapping,Failure to maintain safe following distance,NHTSA-derived,coarse,1,1,1,1,1,1,1,1,1,1,1,1
NHTSA_FSD_0156,Template Mapping,Failure to maintain safe following distance,NHTSA-derived,coarse,1,1,1,1,1,1,1,1,1,1,1,1
NHTSA_FSD_0157,Template Mapping,Failure to maintain safe following distance,NHTSA-derived,coarse,1,1,1,1,1,1,1,1,1,1,1,1
NHTSA_FSD_0158,Template Mapping,Failure to maintain safe following distance,NHTSA-derived,coarse,1,1,1,1,1,1,1,1,1,1,1,1
NHTSA_FSD_0159,Template Mapping,Failure to maintain safe following distance,NHTSA-derived,coarse,1,1,1,1,1,1,1,1,1,1,1,1
NHTSA_FSD_0160,Template Mapping,Failure to maintain safe following distance,NHTSA-derived,coarse,1,1,1,1,1,1,1,1,1,1,1,1
NHTSA_FSD_0161,Template Mapping,Failure to maintain safe following distance,NHTSA-derived,coarse,1,1,1,1,1,1,1,1,1,1,1,1
NHTSA_FSD_0162,Template Mapping,Failure to maintain safe following distance,NHTSA-derived,coarse,1,1,1,1,1,1,1,1,1,1,1,1
NHTSA_FSD_0163,Template Mapping,Failure to maintain safe following distance,NHTSA-derived,coarse,1,1,1,1,1,1,1,1,1,1,1,1
NHTSA_FSD_0164,Template Mapping,Failure to maintain safe following distance,NHTSA-derived,coarse,1,1,1,1,1,1,1,1,1,1,1,1
NHTSA_FSD_0165,Template Mapping,Failure to maintain safe following distance,NHTSA-derived,coarse,1,1,1,1,1,1,1,1,1,1,1,1
NHTSA_FSD_0166,Template Mapping,Failure to maintain safe following distance,NHTSA-derived,coarse,1,1,1,1,1,1,1,1,1,1,1,1
NHTSA_FSD_0167,Template Mapping,Failure to maintain safe following distance,NHTSA-derived,coarse,1,1,1,1,1,1,1,1,1,1,1,1
NHTSA_FSD_0168,Template Mapping,Failure to maintain safe following distance,NHTSA-derived,coarse,1,1,1,1,1,1,1,1,1,1,1,1
NHTSA_FSD_0169,Template Mapping,Failure to maintain safe following distance,NHTSA-derived,coarse,1,1,1,1,1,1,1,1,1,1,1,1
NHTSA_FSD_0170,Template Mapping,Failure to maintain safe following distance,NHTSA-derived,coarse,1,1,1,1,1,1,1,1,1,1,1,1
NHTSA_FSD_0171,Template Mapping,Failure to maintain safe following distance,NHTSA-derived,coarse,1,1,1,1,1,1,1,1,1,1,1,1
NHTSA_FSD_0172,Template Mapping,Failure to maintain safe following distance,NHTSA-derived,coarse,1,1,1,1,1,1,1,1,1,1,1,1
NHTSA_FSD_0173,Template Mapping,Failure to maintain safe following distance,NHTSA-derived,coarse,1,1,1,1,1,0,1,0,1,1,1,0.7200000000000001
NHTSA_FSD_0174,Template Mapping,Failure to maintain safe following distance,NHTSA-derived,coarse,1,1,1,1,1,1,1,1,1,1,1,1
NHTSA_FSD_0175,Template Mapping,Failure to maintain safe following distance,NHTSA-derived,coarse,1,1,1,1,1,1,1,1,1,1,1,1
NHTSA_FSD_0176,Template Mapping,Failure to maintain safe following distance,NHTSA-derived,coarse,1,1,1,1,1,1,1,1,1,1,1,1
NHTSA_FSD_0177,Template Mapping,Failure to maintain safe following distance,NHTSA-derived,coarse,1,1,1,1,1,1,1,1,1,1,1,1
NHTSA_FSD_0178,Template Mapping,Failure to maintain safe following distance,NHTSA-derived,coarse,1,1,1,1,1,1,1,1,1,1,1,1
NHTSA_FSD_0179,Template Mapping,Failure to maintain safe following distance,NHTSA-derived,coarse,1,1,1,1,1,1,1,1,1,1,1,1
NHTSA_FSD_0180,Template Mapping,Failure to maintain safe following distance,NHTSA-derived,coarse,1,1,1,1,1,1,1,1,1,1,1,1
NHTSA_FSD_0181,Template Mapping,Failure to maintain safe following distance,NHTSA-derived,coarse,1,1,1,1,1,1,1,1,1,1,1,1
NHTSA_FSD_0182,Template Mapping,Failure to maintain safe following distance,NHTSA-derived,coarse,1,1,1,1,1,1,1,1,1,1,1,1
NHTSA_FSD_0183,Template Mapping,Failure to maintain safe following distance,NHTSA-derived,coarse,1,1,1,1,1,0,1,1,1,1,1,0.8400000000000001
NHTSA_FSD_0184,Template Mapping,Failure to maintain safe following distance,NHTSA-derived,coarse,1,1,0,1,1,0,1,0,1,1,0,0.68
NHTSA_FSD_0185,Template Mapping,Failure to maintain safe following distance,NHTSA-derived,coarse,1,1,1,1,1,1,1,1,1,1,1,1
NHTSA_FSD_0186,Template Mapping,Failure to maintain safe following distance,NHTSA-derived,coarse,1,1,1,1,1,1,1,1,1,1,1,1
NHTSA_FSD_0187,Template Mapping,Failure to maintain safe following distance,NHTSA-derived,coarse,1,1,1,1,1,1,1,1,1,1,1,1
NHTSA_FSD_0188,Template Mapping,Failure to maintain safe following distance,NHTSA-derived,coarse,1,1,1,1,1,1,1,1,1,1,1,1
NHTSA_FSD_0189,Template Mapping,Failure to maintain safe following distance,NHTSA-derived,coarse,1,1,0,1,1,0,1,0,1,1,0,0.68
NHTSA_FSD_0190,Template Mapping,Failure to maintain safe following distance,NHTSA-derived,coarse,1,1,1,1,1,1,1,1,1,1,1,1
NHTSA_FSD_0191,Template Mapping,Failure to maintain safe following distance,NHTSA-derived,coarse,1,1,1,1,1,1,1,1,1,1,1,1
NHTSA_FSD_0192,Template Mapping,Failure to maintain safe following distance,NHTSA-derived,coarse,1,1,1,1,1,1,1,1,1,1,1,1
NHTSA_FSD_0193,Template Mapping,Failure to maintain safe following distance,NHTSA-derived,coarse,1,1,1,1,1,1,1,1,1,1,1,1
NHTSA_FSD_0194,Template Mapping,Failure to maintain safe following distance,NHTSA-derived,coarse,1,1,1,1,1,1,1,1,1,1,1,1
NHTSA_FSD_0195,Template Mapping,Failure to maintain safe following distance,NHTSA-derived,coarse,1,1,1,1,1,1,1,1,1,1,1,1
NHTSA_FSD_0196,Template Mapping,Failure to maintain safe following distance,NHTSA-derived,coarse,1,1,1,1,1,1,1,1,1,1,1,1
NHTSA_FSD_0197,Template Mapping,Failure to maintain safe following distance,NHTSA-derived,coarse,1,1,0,1,1,0,1,0,1,1,0,0.68
NHTSA_FSD_0198,Template Mapping,Failure to maintain safe following distance,NHTSA-derived,coarse,1,1,1,1,1,0,1,0,1,1,1,0.7200000000000001
NHTSA_FSD_0199,Template Mapping,Failure to maintain safe following distance,NHTSA-derived,coarse,1,1,1,1,1,1,1,1,1,1,1,1
NHTSA_FSD_0200,Template Mapping,Failure to maintain safe following distance,NHTSA-derived,coarse,1,1,1,1,1,1,1,1,1,1,1,1
NHTSA_FSD_0201,Template Mapping,Failure to maintain safe following distance,NHTSA-derived,coarse,1,1,1,1,1,1,1,1,1,1,1,1
NHTSA_FSD_0202,Template Mapping,Failure to maintain safe following distance,NHTSA-derived,coarse,1,1,1,1,1,1,1,1,1,1,1,1
NHTSA_FSD_0203,Template Mapping,Failure to maintain safe following distance,NHTSA-derived,coarse,1,1,1,1,1,1,1,1,1,1,1,1
NHTSA_FSD_0204,Template Mapping,Failure to maintain safe following distance,NHTSA-derived,coarse,1,1,1,1,1,1,1,1,1,1,1,1
NHTSA_FSD_0205,Template Mapping,Failure to maintain safe following distance,NHTSA-derived,coarse,1,1,1,1,1,1,1,1,1,1,1,1
NHTSA_FSD_0206,Template Mapping,Failure to maintain safe following distance,NHTSA-derived,coarse,1,1,1,1,1,1,1,1,1,1,1,1
NHTSA_FSD_0207,Template Mapping,Failure to maintain safe following distance,NHTSA-derived,coarse,1,1,1,1,1,1,1,1,1,1,1,1
NHTSA_FSD_0208,Template Mapping,Failure to maintain safe following distance,NHTSA-derived,coarse,1,1,1,1,1,1,1,1,1,1,1,1
NHTSA_FSD_0209,Template Mapping,Failure to maintain safe following distance,NHTSA-derived,coarse,1,1,0,1,1,0,1,0,1,1,0,0.68
NHTSA_FSD_0210,Template Mapping,Failure to maintain safe following distance,NHTSA-derived,coarse,1,1,1,1,1,1,1,1,1,1,1,1
NHTSA_FSD_0211,Template Mapping,Failure to maintain safe following distance,NHTSA-derived,coarse,1,1,1,1,1,1,1,1,1,1,1,1
NHTSA_FSD_0212,Template Mapping,Failure to maintain safe following distance,NHTSA-derived,coarse,1,1,1,1,1,1,1,1,1,1,1,1
NHTSA_FSD_0213,Template Mapping,Failure to maintain safe following distance,NHTSA-derived,coarse,1,1,1,1,1,1,1,1,1,1,1,1
NHTSA_FSD_0214,Template Mapping,Failure to maintain safe following distance,NHTSA-derived,coarse,1,1,1,1,1,1,1,1,1,1,1,1
NHTSA_FSD_0215,Template Mapping,Failure to maintain safe following distance,NHTSA-derived,coarse,1,1,1,1,1,1,1,1,1,1,1,1
NHTSA_FSD_0216,Template Mapping,Failure to maintain safe following distance,NHTSA-derived,coarse,1,1,1,1,1,0,1,1,1,1,1,0.8400000000000001
NHTSA_FSD_0217,Template Mapping,Failure to maintain safe following distance,NHTSA-derived,coarse,1,1,1,1,1,1,1,1,1,1,1,1
NHTSA_FSD_0218,Template Mapping,Failure to maintain safe following distance,NHTSA-derived,coarse,1,1,1,1,1,1,1,1,1,1,1,1
NHTSA_FSD_0219,Template Mapping,Failure to maintain safe following distance,NHTSA-derived,coarse,1,1,1,1,1,1,1,1,1,1,1,1
NHTSA_FSD_0220,Template Mapping,Failure to maintain safe following distance,NHTSA-derived,coarse,1,1,1,1,1,1,1,1,1,1,1,1
NHTSA_FSD_0221,Template Mapping,Failure to maintain safe following distance,NHTSA-derived,coarse,1,1,1,1,1,1,1,1,1,1,1,1
NHTSA_FSD_0222,Template Mapping,Failure to maintain safe following distance,NHTSA-derived,coarse,1,1,1,1,1,1,1,1,1,1,1,1
NHTSA_FSD_0223,Template Mapping,Failure to maintain safe following distance,NHTSA-derived,coarse,1,1,1,1,1,1,1,1,1,1,1,1
NHTSA_FSD_0224,Template Mapping,Failure to maintain safe following distance,NHTSA-derived,coarse,1,1,1,1,1,1,1,1,1,1,1,1
NHTSA_FSD_0225,Template Mapping,Failure to maintain safe following distance,NHTSA-derived,coarse,1,1,1,1,1,1,1,1,1,1,1,1
NHTSA_FSD_0226,Template Mapping,Failure to maintain safe following distance,NHTSA-derived,coarse,1,1,1,1,1,1,1,1,1,1,1,1
NHTSA_FSD_0227,Template Mapping,Failure to maintain safe following distance,NHTSA-derived,coarse,1,1,0,1,1,0,1,0,1,1,0,0.68
NHTSA_FSD_0228,Template Mapping,Failure to maintain safe following distance,NHTSA-derived,coarse,1,1,1,1,1,0,1,1,1,1,1,0.8400000000000001
NHTSA_FSD_0229,Template Mapping,Failure to maintain safe following distance,NHTSA-derived,coarse,1,1,1,1,1,1,1,1,1,1,1,1
NHTSA_FSD_0230,Template Mapping,Failure to maintain safe following distance,NHTSA-derived,coarse,1,1,1,1,1,1,1,1,1,1,1,1
NHTSA_FSD_0231,Template Mapping,Failure to maintain safe following distance,NHTSA-derived,coarse,1,1,1,1,1,1,1,1,1,1,1,1
NHTSA_FSD_0232,Template Mapping,Failure to maintain safe following distance,NHTSA-derived,coarse,1,1,1,1,1,1,1,1,1,1,1,1
NHTSA_FSD_0233,Template Mapping,Failure to maintain safe following distance,NHTSA-derived,coarse,1,1,1,1,1,1,1,1,1,1,1,1
NHTSA_FSD_0234,Template Mapping,Failure to maintain safe following distance,NHTSA-derived,coarse,1,1,1,1,1,1,1,1,1,1,1,1
NHTSA_FSD_0235,Template Mapping,Failure to maintain safe following distance,NHTSA-derived,coarse,1,1,1,1,1,1,1,1,1,1,1,1
NHTSA_FSD_0236,Template Mapping,Failure to maintain safe following distance,NHTSA-derived,coarse,1,1,1,1,1,1,1,1,1,1,1,1
NHTSA_FSD_0237,Template Mapping,Failure to maintain safe following distance,NHTSA-derived,coarse,1,1,1,1,1,1,1,1,1,1,1,1
NHTSA_FSD_0238,Template Mapping,Failure to maintain safe following distance,NHTSA-derived,coarse,1,1,1,1,1,1,1,1,1,1,1,1
NHTSA_FSD_0239,Template Mapping,Failure to maintain safe following distance,NHTSA-derived,coarse,1,1,1,1,1,0,1,1,1,1,1,0.8400000000000001
NHTSA_FSD_0240,Template Mapping,Failure to maintain safe following distance,NHTSA-derived,coarse,1,1,1,1,1,1,1,1,1,1,1,1
NHTSA_FSD_0241,Template Mapping,Failure to maintain safe following distance,NHTSA-derived,coarse,1,1,1,1,1,1,1,1,1,1,1,1
NHTSA_FSD_0242,Template Mapping,Failure to maintain safe following distance,NHTSA-derived,coarse,1,1,1,1,1,1,1,1,1,1,1,1
NHTSA_FSD_0243,Template Mapping,Failure to maintain safe following distance,NHTSA-derived,coarse,1,1,1,1,1,1,1,1,1,1,1,1
NHTSA_FSD_0244,Template Mapping,Failure to maintain safe following distance,NHTSA-derived,coarse,1,1,0,1,1,0,1,0,1,1,0,0.68
NHTSA_FSD_0245,Template Mapping,Failure to maintain safe following distance,NHTSA-derived,coarse,1,1,1,1,1,1,1,1,1,1,1,1
NHTSA_FSD_0246,Template Mapping,Failure to maintain safe following distance,NHTSA-derived,coarse,1,1,1,1,1,1,1,1,1,1,1,1
NHTSA_FSD_0247,Template Mapping,Failure to maintain safe following distance,NHTSA-derived,coarse,1,1,1,1,1,1,1,1,1,1,1,1
NHTSA_FSD_0248,Template Mapping,Failure to maintain safe following distance,NHTSA-derived,coarse,1,1,1,1,1,1,1,1,1,1,1,1
NHTSA_FSD_0249,Template Mapping,Failure to maintain safe following distance,NHTSA-derived,coarse,1,1,1,1,1,1,1,1,1,1,1,1
NHTSA_FSD_0250,Template Mapping,Failure to maintain safe following distance,NHTSA-derived,coarse,1,1,1,1,1,1,1,1,1,1,1,1
NHTSA_FSD_0251,Template Mapping,Failure to maintain safe following distance,NHTSA-derived,coarse,0,0,0,,,,,,,,,
NHTSA_FSD_0252,Template Mapping,Failure to maintain safe following distance,NHTSA-derived,coarse,1,1,1,1,1,1,1,1,1,1,1,1
NHTSA_FSD_0253,Template Mapping,Failure to maintain safe following distance,NHTSA-derived,coarse,1,1,1,1,1,1,1,1,1,1,1,1
NHTSA_FSD_0254,Template Mapping,Failure to maintain safe following distance,NHTSA-derived,coarse,1,1,1,1,1,1,1,1,1,1,1,1
NHTSA_FSD_0255,Template Mapping,Failure to maintain safe following distance,NHTSA-derived,coarse,1,1,0,1,1,0,1,0,1,1,0,0.68
NHTSA_FSD_0256,Template Mapping,Failure to maintain safe following distance,NHTSA-derived,coarse,1,1,1,1,1,1,1,1,1,1,1,1
NHTSA_FSD_0257,Template Mapping,Failure to maintain safe following distance,NHTSA-derived,coarse,1,1,1,1,1,1,1,1,1,1,1,1
NHTSA_FSD_0258,Template Mapping,Failure to maintain safe following distance,NHTSA-derived,coarse,1,1,1,1,1,1,1,1,1,1,1,1
NHTSA_FSD_0259,Template Mapping,Failure to maintain safe following distance,NHTSA-derived,coarse,1,1,1,1,1,1,1,1,1,1,1,1
NHTSA_FSD_0260,Template Mapping,Failure to maintain safe following distance,NHTSA-derived,coarse,1,1,1,1,1,1,1,1,1,1,1,1
NHTSA_FSD_0261,Template Mapping,Failure to maintain safe following distance,NHTSA-derived,coarse,1,1,1,1,1,1,1,1,1,1,1,1
NHTSA_FSD_0262,Template Mapping,Failure to maintain safe following distance,NHTSA-derived,coarse,1,1,1,1,1,1,1,1,1,1,1,1
NHTSA_FSD_0263,Template Mapping,Failure to maintain safe following distance,NHTSA-derived,coarse,1,1,1,1,1,1,1,1,1,1,1,1
NHTSA_FSD_0264,Template Mapping,Failure to maintain safe following distance,NHTSA-derived,coarse,1,1,1,1,1,1,1,1,1,1,1,1
NHTSA_FSD_0265,Template Mapping,Failure to maintain safe following distance,NHTSA-derived,coarse,1,1,1,1,1,1,1,1,1,1,1,1
NHTSA_FSD_0266,Template Mapping,Failure to maintain safe following distance,NHTSA-derived,coarse,1,1,1,1,1,1,1,1,1,1,1,1
NHTSA_FSD_0267,Template Mapping,Failure to maintain safe following distance,NHTSA-derived,coarse,1,1,1,1,1,1,1,1,1,1,1,1
NHTSA_FSD_0268,Template Mapping,Failure to maintain safe following distance,NHTSA-derived,coarse,1,1,1,1,1,1,1,1,1,1,1,1
NHTSA_FSD_0269,Template Mapping,Failure to maintain safe following distance,NHTSA-derived,coarse,1,1,1,1,1,1,1,1,1,1,1,1
NHTSA_FSD_0270,Template Mapping,Failure to maintain safe following distance,NHTSA-derived,coarse,1,1,1,1,1,1,1,1,1,1,1,1
NHTSA_FSD_0271,Template Mapping,Failure to maintain safe following distance,NHTSA-derived,coarse,1,1,1,1,1,1,1,1,1,1,1,1
NHTSA_FSD_0272,Template Mapping,Failure to maintain safe following distance,NHTSA-derived,coarse,1,1,1,1,1,1,1,1,1,1,1,1
NHTSA_FSD_0273,Template Mapping,Failure to maintain safe following distance,NHTSA-derived,coarse,1,1,1,1,1,1,1,1,1,1,1,1
NHTSA_FSD_0274,Template Mapping,Failure to maintain safe following distance,NHTSA-derived,coarse,1,1,1,1,1,1,1,1,1,1,1,1
NHTSA_FSD_0275,Template Mapping,Failure to maintain safe following distance,NHTSA-derived,coarse,1,1,1,1,1,1,1,1,1,1,1,1
NHTSA_FSD_0276,Template Mapping,Failure to maintain safe following distance,NHTSA-derived,coarse,1,1,1,1,1,1,1,1,1,1,1,1
NHTSA_FSD_0277,Template Mapping,Failure to maintain safe following distance,NHTSA-derived,coarse,1,1,0,1,1,0,1,0,1,1,0,0.68
NHTSA_FSD_0278,Template Mapping,Failure to maintain safe following distance,NHTSA-derived,coarse,1,1,1,1,1,0,1,1,1,1,1,0.8400000000000001
NHTSA_FSD_0279,Template Mapping,Failure to maintain safe following distance,NHTSA-derived,coarse,1,1,1,1,1,1,1,1,1,1,1,1
NHTSA_FSD_0280,Template Mapping,Failure to maintain safe following distance,NHTSA-derived,coarse,1,1,1,1,1,1,1,1,1,1,1,1
NHTSA_FSD_0281,Template Mapping,Failure to maintain safe following distance,NHTSA-derived,coarse,1,1,1,1,1,1,1,1,1,1,1,1
NHTSA_FSD_0282,Template Mapping,Failure to maintain safe following distance,NHTSA-derived,coarse,1,1,1,1,1,1,1,1,1,1,1,1
NHTSA_FSD_0283,Template Mapping,Failure to maintain safe following distance,NHTSA-derived,coarse,1,1,1,1,1,0,1,0,1,1,1,0.7200000000000001
NHTSA_FSD_0284,Template Mapping,Failure to maintain safe following distance,NHTSA-derived,coarse,1,1,1,1,1,1,1,1,1,1,1,1
NHTSA_FSD_0285,Template Mapping,Failure to maintain safe following distance,NHTSA-derived,coarse,1,1,1,1,1,1,1,1,1,1,1,1
NHTSA_FSD_0286,Template Mapping,Failure to maintain safe following distance,NHTSA-derived,coarse,1,1,1,1,1,1,1,1,1,1,1,1
NHTSA_FSD_0287,Template Mapping,Failure to maintain safe following distance,NHTSA-derived,coarse,1,1,1,1,1,1,1,1,1,1,1,1
NHTSA_FSD_0288,Template Mapping,Failure to maintain safe following distance,NHTSA-derived,coarse,1,1,1,1,1,1,1,1,1,1,1,1
NHTSA_FSD_0289,Template Mapping,Failure to maintain safe following distance,NHTSA-derived,coarse,1,1,1,1,1,1,1,1,1,1,1,1
NHTSA_FSD_0290,Template Mapping,Failure to maintain safe following distance,NHTSA-derived,coarse,1,1,1,1,1,1,1,1,1,1,1,1
NHTSA_FSD_0291,Template Mapping,Failure to maintain safe following distance,NHTSA-derived,coarse,1,1,1,1,1,1,1,1,1,1,1,1
NHTSA_FSD_0292,Template Mapping,Failure to maintain safe following distance,NHTSA-derived,coarse,1,1,1,1,1,1,1,1,1,1,1,1
NHTSA_FSD_0293,Template Mapping,Failure to maintain safe following distance,NHTSA-derived,coarse,1,1,1,1,1,1,1,1,1,1,1,1
NHTSA_FSD_0294,Template Mapping,Failure to maintain safe following distance,NHTSA-derived,coarse,1,1,1,1,1,1,1,1,1,1,1,1
NHTSA_FSD_0295,Template Mapping,Failure to maintain safe following distance,NHTSA-derived,coarse,1,1,1,1,1,0,1,1,1,1,1,0.8400000000000001
NHTSA_FSD_0296,Template Mapping,Failure to maintain safe following distance,NHTSA-derived,coarse,1,1,1,1,1,1,1,1,1,1,1,1
NHTSA_FSD_0297,Template Mapping,Failure to maintain safe following distance,NHTSA-derived,coarse,1,1,1,1,1,1,1,1,1,1,1,1
NHTSA_FSD_0298,Template Mapping,Failure to maintain safe following distance,NHTSA-derived,coarse,1,1,1,1,1,1,1,1,1,1,1,1
NHTSA_FSD_0299,Template Mapping,Failure to maintain safe following distance,NHTSA-derived,coarse,1,1,1,1,1,1,1,1,1,1,1,1
NHTSA_FSD_0300,Template Mapping,Failure to maintain safe following distance,NHTSA-derived,coarse,1,1,1,1,1,1,1,1,1,1,1,1
NHTSA_FSD_0301,Template Mapping,Failure to maintain safe following distance,NHTSA-derived,coarse,1,1,1,1,1,1,1,1,1,1,1,1
NHTSA_FSD_0302,Template Mapping,Failure to maintain safe following distance,NHTSA-derived,coarse,1,1,1,1,1,1,1,1,1,1,1,1
SYNTH_FSD_0001,Template Mapping,Failure to maintain safe following distance,synthetic-topology-extension,fine,0,0,0,,,,,,,,,
SYNTH_FSD_0002,Template Mapping,Failure to maintain safe following distance,synthetic-topology-extension,fine,1,0,1,1,1,0,1,0,1,1,1,0.7200000000000001
SYNTH_FSD_0003,Template Mapping,Failure to maintain safe following distance,synthetic-topology-extension,fine,1,0,0,1,1,0,1,0,1,1,0,0.68
SYNTH_FSD_0004,Template Mapping,Failure to maintain safe following distance,synthetic-topology-extension,fine,0,0,0,,,,,,,,,
SYNTH_FSD_0005,Template Mapping,Failure to maintain safe following distance,synthetic-topology-extension,fine,0,0,1,,,,,,,,,
SYNTH_FSD_0006,Template Mapping,Failure to maintain safe following distance,synthetic-topology-extension,fine,1,1,1,1,1,0,1,0,1,1,1,0.7200000000000001
SYNTH_FSD_0007,Template Mapping,Failure to maintain safe following distance,synthetic-topology-extension,fine,1,1,1,1,1,1,1,1,1,1,1,1
SYNTH_FSD_0008,Template Mapping,Failure to maintain safe following distance,synthetic-topology-extension,fine,0,0,1,,,,,,,,,
SYNTH_FSD_0009,Template Mapping,Failure to maintain safe following distance,synthetic-topology-extension,fine,0,0,1,,,,,,,,,
SYNTH_FSD_0010,Template Mapping,Failure to maintain safe following distance,synthetic-topology-extension,fine,0,0,1,,,,,,,,,
SYNTH_FSD_0011,Template Mapping,Failure to maintain safe following distance,synthetic-topology-extension,fine,1,1,1,1,1,1,1,1,1,1,1,1
SYNTH_FSD_0012,Template Mapping,Failure to maintain safe following distance,synthetic-topology-extension,fine,1,0,0,1,1,0,1,0,1,1,0,0.68
SYNTH_FSD_0013,Template Mapping,Failure to maintain safe following distance,synthetic-topology-extension,fine,1,0,0,1,1,0,1,0,1,1,0,0.68
SYNTH_FSD_0014,Template Mapping,Failure to maintain safe following distance,synthetic-topology-extension,fine,1,0,1,1,1,0,1,0,1,1,1,0.7200000000000001
SYNTH_FSD_0015,Template Mapping,Failure to maintain safe following distance,synthetic-topology-extension,fine,0,0,1,,,,,,,,,
SYNTH_FSD_0016,Template Mapping,Failure to maintain safe following distance,synthetic-topology-extension,fine,1,1,1,1,1,0,1,1,1,1,1,0.8400000000000001
SYNTH_FSD_0017,Template Mapping,Failure to maintain safe following distance,synthetic-topology-extension,fine,1,0,1,1,1,0,1,0,1,1,1,0.7200000000000001
SYNTH_FSD_0018,Template Mapping,Failure to maintain safe following distance,synthetic-topology-extension,fine,1,0,0,1,1,0,1,0,1,1,0,0.68
SYNTH_FSD_0019,Template Mapping,Failure to maintain safe following distance,synthetic-topology-extension,fine,1,0,1,1,1,0,1,0,1,1,0,0.68
SYNTH_FSD_0020,Template Mapping,Failure to maintain safe following distance,synthetic-topology-extension,fine,1,0,1,1,1,0,1,0,1,1,1,0.7200000000000001
SYNTH_FSD_0021,Template Mapping,Failure to maintain safe following distance,synthetic-topology-extension,fine,0,0,1,,,,,,,,,
SYNTH_FSD_0022,Template Mapping,Failure to maintain safe following distance,synthetic-topology-extension,fine,1,0,1,1,1,0,1,0,1,1,1,0.7200000000000001
SYNTH_FSD_0023,Template Mapping,Failure to maintain safe following distance,synthetic-topology-extension,fine,1,0,1,1,1,0,1,0,1,1,1,0.7200000000000001
SYNTH_FSD_0024,Template Mapping,Failure to maintain safe following distance,synthetic-topology-extension,fine,0,0,1,,,,,,,,,
SYNTH_FSD_0025,Template Mapping,Failure to maintain safe following distance,synthetic-topology-extension,fine,0,0,1,,,,,,,,,
SYNTH_FSD_0026,Template Mapping,Failure to maintain safe following distance,synthetic-topology-extension,fine,0,0,1,,,,,,,,,
SYNTH_FSD_0027,Template Mapping,Failure to maintain safe following distance,synthetic-topology-extension,fine,0,0,1,,,,,,,,,
SYNTH_FSD_0028,Template Mapping,Failure to maintain safe following distance,synthetic-topology-extension,fine,1,0,1,1,1,0,1,0,1,1,1,0.7200000000000001
SYNTH_FSD_0029,Template Mapping,Failure to maintain safe following distance,synthetic-topology-extension,fine,1,0,1,1,1,0,1,0,1,1,1,0.7200000000000001
SYNTH_FSD_0030,Template Mapping,Failure to maintain safe following distance,synthetic-topology-extension,fine,0,0,1,,,,,,,,,
SYNTH_FSD_0031,Template Mapping,Failure to maintain safe following distance,synthetic-topology-extension,fine,1,0,1,1,1,0,1,0,1,1,1,0.7200000000000001
SYNTH_FSD_0032,Template Mapping,Failure to maintain safe following distance,synthetic-topology-extension,fine,0,0,1,,,,,,,,,
SYNTH_FSD_0033,Template Mapping,Failure to maintain safe following distance,synthetic-topology-extension,fine,0,0,1,,,,,,,,,
SYNTH_FSD_0034,Template Mapping,Failure to maintain safe following distance,synthetic-topology-extension,fine,0,0,1,,,,,,,,,
SYNTH_FSD_0035,Template Mapping,Failure to maintain safe following distance,synthetic-topology-extension,fine,0,0,1,,,,,,,,,
SYNTH_FSD_0036,Template Mapping,Failure to maintain safe following distance,synthetic-topology-extension,fine,1,0,1,1,1,0,1,0,1,1,1,0.7200000000000001
SYNTH_FSD_0037,Template Mapping,Failure to maintain safe following distance,synthetic-topology-extension,fine,1,0,0,1,1,0,1,0,1,1,0,0.68
SYNTH_FSD_0038,Template Mapping,Failure to maintain safe following distance,synthetic-topology-extension,fine,1,1,1,1,1,1,1,1,1,1,1,1
SYNTH_FSD_0039,Template Mapping,Failure to maintain safe following distance,synthetic-topology-extension,fine,1,0,1,1,1,0,1,0,1,1,1,0.7200000000000001
SYNTH_FSD_0040,Template Mapping,Failure to maintain safe following distance,synthetic-topology-extension,fine,0,0,1,,,,,,,,,
SYNTH_FSD_0041,Template Mapping,Failure to maintain safe following distance,synthetic-topology-extension,fine,1,1,0,1,1,0,1,0,1,1,0,0.68
SYNTH_FSD_0042,Template Mapping,Failure to maintain safe following distance,synthetic-topology-extension,fine,1,0,1,1,1,0,1,0,1,1,1,0.7200000000000001
SYNTH_FSD_0043,Template Mapping,Failure to maintain safe following distance,synthetic-topology-extension,fine,1,1,1,1,1,1,1,1,1,1,1,1
SYNTH_FSD_0044,Template Mapping,Failure to maintain safe following distance,synthetic-topology-extension,fine,0,0,1,,,,,,,,,
SYNTH_FSD_0045,Template Mapping,Failure to maintain safe following distance,synthetic-topology-extension,fine,0,0,0,,,,,,,,,
SYNTH_FSD_0046,Template Mapping,Failure to maintain safe following distance,synthetic-topology-extension,fine,1,0,1,1,1,0,1,0,1,1,1,0.7200000000000001
SYNTH_FSD_0047,Template Mapping,Failure to maintain safe following distance,synthetic-topology-extension,fine,0,0,1,,,,,,,,,
SYNTH_FSD_0048,Template Mapping,Failure to maintain safe following distance,synthetic-topology-extension,fine,1,1,1,1,1,1,1,1,1,1,1,1
SYNTH_FSD_0049,Template Mapping,Failure to maintain safe following distance,synthetic-topology-extension,fine,0,0,1,,,,,,,,,
SYNTH_FSD_0050,Template Mapping,Failure to maintain safe following distance,synthetic-topology-extension,fine,1,0,1,1,1,0,1,0,1,1,1,0.7200000000000001
SYNTH_FSD_0051,Template Mapping,Failure to maintain safe following distance,synthetic-topology-extension,fine,1,1,1,1,1,0,1,1,1,1,1,0.8400000000000001
SYNTH_FSD_0052,Template Mapping,Failure to maintain safe following distance,synthetic-topology-extension,fine,0,0,1,,,,,,,,,
SYNTH_FSD_0053,Template Mapping,Failure to maintain safe following distance,synthetic-topology-extension,fine,1,0,1,1,1,0,1,0,1,1,1,0.7200000000000001
SYNTH_FSD_0054,Template Mapping,Failure to maintain safe following distance,synthetic-topology-extension,fine,0,0,1,,,,,,,,,
SYNTH_FSD_0055,Template Mapping,Failure to maintain safe following distance,synthetic-topology-extension,fine,1,0,0,1,1,0,1,0,1,1,0,0.68
SYNTH_FSD_0056,Template Mapping,Failure to maintain safe following distance,synthetic-topology-extension,fine,1,1,1,1,1,1,1,1,1,1,1,1
SYNTH_FSD_0057,Template Mapping,Failure to maintain safe following distance,synthetic-topology-extension,fine,1,0,1,1,1,0,1,0,1,1,0,0.68
SYNTH_FSD_0058,Template Mapping,Failure to maintain safe following distance,synthetic-topology-extension,fine,1,1,1,1,1,1,1,1,1,1,1,1
SYNTH_FSD_0059,Template Mapping,Failure to maintain safe following distance,synthetic-topology-extension,fine,0,0,1,,,,,,,,,
SYNTH_FSD_0060,Template Mapping,Failure to maintain safe following distance,synthetic-topology-extension,fine,1,1,1,1,1,1,1,1,1,1,1,1
SYNTH_FSD_0061,Template Mapping,Failure to maintain safe following distance,synthetic-topology-extension,fine,1,1,0,1,1,0,1,0,1,1,0,0.68
SYNTH_FSD_0062,Template Mapping,Failure to maintain safe following distance,synthetic-topology-extension,fine,1,1,1,1,1,1,1,1,1,1,1,1
SYNTH_FSD_0063,Template Mapping,Failure to maintain safe following distance,synthetic-topology-extension,fine,1,1,1,1,1,0,1,1,1,1,1,0.8400000000000001
SYNTH_FSD_0064,Template Mapping,Failure to maintain safe following distance,synthetic-topology-extension,fine,1,1,1,1,1,1,1,1,1,1,1,1
SYNTH_FSD_0065,Template Mapping,Failure to maintain safe following distance,synthetic-topology-extension,fine,0,0,1,,,,,,,,,
SYNTH_FSD_0066,Template Mapping,Failure to maintain safe following distance,synthetic-topology-extension,fine,1,0,0,1,1,0,1,0,1,1,0,0.68
SYNTH_FSD_0067,Template Mapping,Failure to maintain safe following distance,synthetic-topology-extension,fine,1,1,1,1,1,1,1,1,1,1,1,1
SYNTH_FSD_0068,Template Mapping,Failure to maintain safe following distance,synthetic-topology-extension,fine,0,0,1,,,,,,,,,
SYNTH_FSD_0069,Template Mapping,Failure to maintain safe following distance,synthetic-topology-extension,fine,0,0,1,,,,,,,,,
SYNTH_FSD_0070,Template Mapping,Failure to maintain safe following distance,synthetic-topology-extension,fine,1,1,1,1,1,0,1,1,1,1,1,0.8400000000000001
SYNTH_FSD_0071,Template Mapping,Failure to maintain safe following distance,synthetic-topology-extension,fine,1,0,0,1,1,0,1,0,1,1,0,0.68
SYNTH_FSD_0072,Template Mapping,Failure to maintain safe following distance,synthetic-topology-extension,fine,0,0,1,,,,,,,,,
SYNTH_FSD_0073,Template Mapping,Failure to maintain safe following distance,synthetic-topology-extension,fine,1,1,1,1,1,1,1,1,1,1,1,1
SYNTH_FSD_0074,Template Mapping,Failure to maintain safe following distance,synthetic-topology-extension,fine,0,0,1,,,,,,,,,
SYNTH_FSD_0075,Template Mapping,Failure to maintain safe following distance,synthetic-topology-extension,fine,0,0,1,,,,,,,,,
SYNTH_FSD_0076,Template Mapping,Failure to maintain safe following distance,synthetic-topology-extension,fine,1,1,0,1,1,0,1,0,1,1,0,0.68
SYNTH_FSD_0077,Template Mapping,Failure to maintain safe following distance,synthetic-topology-extension,fine,1,0,1,1,1,0,1,0,1,1,1,0.7200000000000001
SYNTH_FSD_0078,Template Mapping,Failure to maintain safe following distance,synthetic-topology-extension,fine,0,0,0,,,,,,,,,
SYNTH_FSD_0079,Template Mapping,Failure to maintain safe following distance,synthetic-topology-extension,fine,0,0,1,,,,,,,,,
SYNTH_FSD_0080,Template Mapping,Failure to maintain safe following distance,synthetic-topology-extension,fine,1,1,1,1,1,1,1,1,1,1,1,1
SYNTH_FSD_0081,Template Mapping,Failure to maintain safe following distance,synthetic-topology-extension,fine,0,0,1,,,,,,,,,
SYNTH_FSD_0082,Template Mapping,Failure to maintain safe following distance,synthetic-topology-extension,fine,0,0,1,,,,,,,,,
SYNTH_FSD_0083,Template Mapping,Failure to maintain safe following distance,synthetic-topology-extension,fine,0,0,1,,,,,,,,,
SYNTH_FSD_0084,Template Mapping,Failure to maintain safe following distance,synthetic-topology-extension,fine,0,0,1,,,,,,,,,
SYNTH_FSD_0085,Template Mapping,Failure to maintain safe following distance,synthetic-topology-extension,fine,1,1,1,1,1,1,1,1,1,1,1,1
SYNTH_FSD_0086,Template Mapping,Failure to maintain safe following distance,synthetic-topology-extension,fine,1,1,0,1,1,0,1,0,1,1,0,0.68
SYNTH_FSD_0087,Template Mapping,Failure to maintain safe following distance,synthetic-topology-extension,fine,1,1,1,1,1,1,1,1,1,1,1,1
SYNTH_FSD_0088,Template Mapping,Failure to maintain safe following distance,synthetic-topology-extension,fine,0,0,1,,,,,,,,,
SYNTH_FSD_0089,Template Mapping,Failure to maintain safe following distance,synthetic-topology-extension,fine,1,0,1,1,1,0,1,0,1,1,1,0.7200000000000001
SYNTH_FSD_0090,Template Mapping,Failure to maintain safe following distance,synthetic-topology-extension,fine,1,0,1,1,1,0,1,0,1,1,1,0.7200000000000001
SYNTH_FSD_0091,Template Mapping,Failure to maintain safe following distance,synthetic-topology-extension,fine,1,0,1,1,1,0,1,0,1,1,1,0.7200000000000001
SYNTH_FSD_0092,Template Mapping,Failure to maintain safe following distance,synthetic-topology-extension,fine,0,0,1,,,,,,,,,
SYNTH_FSD_0093,Template Mapping,Failure to maintain safe following distance,synthetic-topology-extension,fine,1,0,1,1,1,0,1,0,1,1,1,0.7200000000000001
SYNTH_FSD_0094,Template Mapping,Failure to maintain safe following distance,synthetic-topology-extension,fine,0,0,1,,,,,,,,,
SYNTH_FSD_0095,Template Mapping,Failure to maintain safe following distance,synthetic-topology-extension,fine,0,0,1,,,,,,,,,
SYNTH_FSD_0096,Template Mapping,Failure to maintain safe following distance,synthetic-topology-extension,fine,1,1,1,1,1,1,1,1,1,1,1,1
SYNTH_FSD_0097,Template Mapping,Failure to maintain safe following distance,synthetic-topology-extension,fine,0,0,1,,,,,,,,,
SYNTH_FSD_0098,Template Mapping,Failure to maintain safe following distance,synthetic-topology-extension,fine,1,0,1,1,1,0,1,0,1,1,0,0.68
SYNTH_FSD_0099,Template Mapping,Failure to maintain safe following distance,synthetic-topology-extension,fine,1,0,1,1,1,0,1,0,1,1,0,0.68
SYNTH_FSD_0100,Template Mapping,Failure to maintain safe following distance,synthetic-topology-extension,fine,0,0,1,,,,,,,,,
NHTSA_WWD_0001,Template Mapping,Wrong-way driving,NHTSA-derived,coarse,1,1,1,1,1,1,1,1,1,1,1,1
NHTSA_WWD_0002,Template Mapping,Wrong-way driving,NHTSA-derived,coarse,1,1,1,1,1,1,1,1,1,1,1,1
NHTSA_WWD_0003,Template Mapping,Wrong-way driving,NHTSA-derived,coarse,1,1,1,1,1,1,1,1,1,1,1,1
NHTSA_WWD_0004,Template Mapping,Wrong-way driving,NHTSA-derived,coarse,1,1,1,1,1,1,1,1,1,1,1,1
NHTSA_WWD_0005,Template Mapping,Wrong-way driving,NHTSA-derived,coarse,1,1,1,1,1,1,1,1,1,1,1,1
NHTSA_WWD_0006,Template Mapping,Wrong-way driving,NHTSA-derived,coarse,1,1,1,1,1,1,1,1,1,1,1,1
NHTSA_WWD_0007,Template Mapping,Wrong-way driving,NHTSA-derived,coarse,1,1,1,1,1,1,1,1,1,1,1,1
NHTSA_WWD_0008,Template Mapping,Wrong-way driving,NHTSA-derived,coarse,1,1,1,1,1,1,1,1,1,1,1,1
NHTSA_WWD_0009,Template Mapping,Wrong-way driving,NHTSA-derived,coarse,1,1,1,1,1,1,1,1,1,1,1,1
NHTSA_WWD_0010,Template Mapping,Wrong-way driving,NHTSA-derived,coarse,1,1,1,1,1,1,1,1,1,1,1,1
NHTSA_WWD_0011,Template Mapping,Wrong-way driving,NHTSA-derived,coarse,1,1,1,1,1,1,1,1,1,1,1,1
NHTSA_WWD_0012,Template Mapping,Wrong-way driving,NHTSA-derived,coarse,1,1,1,1,1,1,1,1,1,1,1,1
NHTSA_WWD_0013,Template Mapping,Wrong-way driving,NHTSA-derived,coarse,1,1,0,1,1,0,1,0,1,1,0,0.68
NHTSA_WWD_0014,Template Mapping,Wrong-way driving,NHTSA-derived,coarse,1,1,1,1,1,1,1,1,1,1,1,1
NHTSA_WWD_0015,Template Mapping,Wrong-way driving,NHTSA-derived,coarse,1,1,1,1,1,1,1,1,1,1,1,1
NHTSA_WWD_0016,Template Mapping,Wrong-way driving,NHTSA-derived,coarse,1,1,1,1,1,1,1,1,1,1,1,1
NHTSA_WWD_0017,Template Mapping,Wrong-way driving,NHTSA-derived,coarse,1,1,0,1,1,0,1,0,1,1,0,0.68
NHTSA_WWD_0018,Template Mapping,Wrong-way driving,NHTSA-derived,coarse,1,1,1,1,1,1,1,1,1,1,1,1
NHTSA_WWD_0019,Template Mapping,Wrong-way driving,NHTSA-derived,coarse,1,1,1,1,1,1,1,1,1,1,1,1
NHTSA_WWD_0020,Template Mapping,Wrong-way driving,NHTSA-derived,coarse,1,1,1,1,1,1,1,1,1,1,1,1
NHTSA_WWD_0021,Template Mapping,Wrong-way driving,NHTSA-derived,coarse,1,1,0,1,1,0,1,0,1,1,0,0.68
NHTSA_WWD_0022,Template Mapping,Wrong-way driving,NHTSA-derived,coarse,1,1,1,1,1,1,1,1,1,1,1,1
NHTSA_WWD_0023,Template Mapping,Wrong-way driving,NHTSA-derived,coarse,1,1,1,1,1,1,1,1,1,1,1,1
NHTSA_WWD_0024,Template Mapping,Wrong-way driving,NHTSA-derived,coarse,1,1,1,1,1,1,1,1,1,1,1,1
NHTSA_WWD_0025,Template Mapping,Wrong-way driving,NHTSA-derived,coarse,1,1,1,1,1,1,1,1,1,1,1,1
NHTSA_WWD_0026,Template Mapping,Wrong-way driving,NHTSA-derived,coarse,1,1,1,1,1,1,1,1,1,1,1,1
NHTSA_WWD_0027,Template Mapping,Wrong-way driving,NHTSA-derived,coarse,1,1,1,1,1,1,1,1,1,1,1,1
NHTSA_WWD_0028,Template Mapping,Wrong-way driving,NHTSA-derived,coarse,1,1,1,1,1,0,1,1,1,1,1,0.8400000000000001
NHTSA_WWD_0029,Template Mapping,Wrong-way driving,NHTSA-derived,coarse,1,1,1,1,1,1,1,1,1,1,1,1
NHTSA_WWD_0030,Template Mapping,Wrong-way driving,NHTSA-derived,coarse,1,1,1,1,1,1,1,1,1,1,1,1
NHTSA_WWD_0031,Template Mapping,Wrong-way driving,NHTSA-derived,coarse,1,1,1,1,1,1,1,1,1,1,1,1
NHTSA_WWD_0032,Template Mapping,Wrong-way driving,NHTSA-derived,coarse,1,1,1,1,1,0,1,0,1,1,1,0.7200000000000001
NHTSA_WWD_0033,Template Mapping,Wrong-way driving,NHTSA-derived,coarse,1,1,1,1,1,1,1,1,1,1,1,1
NHTSA_WWD_0034,Template Mapping,Wrong-way driving,NHTSA-derived,coarse,1,1,1,1,1,1,1,1,1,1,1,1
NHTSA_WWD_0035,Template Mapping,Wrong-way driving,NHTSA-derived,coarse,1,1,1,1,1,1,1,1,1,1,1,1
NHTSA_WWD_0036,Template Mapping,Wrong-way driving,NHTSA-derived,coarse,1,1,1,1,1,1,1,1,1,1,1,1
NHTSA_WWD_0037,Template Mapping,Wrong-way driving,NHTSA-derived,coarse,1,1,1,1,1,1,1,1,1,1,1,1
NHTSA_WWD_0038,Template Mapping,Wrong-way driving,NHTSA-derived,coarse,1,1,1,1,1,1,1,1,1,1,1,1
NHTSA_WWD_0039,Template Mapping,Wrong-way driving,NHTSA-derived,coarse,1,1,0,1,1,0,1,0,1,1,0,0.68
NHTSA_WWD_0040,Template Mapping,Wrong-way driving,NHTSA-derived,coarse,1,1,1,1,1,1,1,1,1,1,1,1
NHTSA_WWD_0041,Template Mapping,Wrong-way driving,NHTSA-derived,coarse,1,1,1,1,1,1,1,1,1,1,1,1
NHTSA_WWD_0042,Template Mapping,Wrong-way driving,NHTSA-derived,coarse,1,1,1,1,1,1,1,1,1,1,1,1
NHTSA_WWD_0043,Template Mapping,Wrong-way driving,NHTSA-derived,coarse,1,1,0,1,1,0,1,0,1,1,0,0.68
NHTSA_WWD_0044,Template Mapping,Wrong-way driving,NHTSA-derived,coarse,1,1,1,1,1,1,1,1,1,1,1,1
NHTSA_WWD_0045,Template Mapping,Wrong-way driving,NHTSA-derived,coarse,1,1,1,1,1,1,1,1,1,1,1,1
NHTSA_WWD_0046,Template Mapping,Wrong-way driving,NHTSA-derived,coarse,1,1,0,1,1,0,1,0,1,1,0,0.68
NHTSA_WWD_0047,Template Mapping,Wrong-way driving,NHTSA-derived,coarse,1,1,1,1,1,1,1,1,1,1,1,1
NHTSA_WWD_0048,Template Mapping,Wrong-way driving,NHTSA-derived,coarse,1,1,1,1,1,1,1,1,1,1,1,1
NHTSA_WWD_0049,Template Mapping,Wrong-way driving,NHTSA-derived,coarse,1,1,1,1,1,1,1,1,1,1,1,1
NHTSA_WWD_0050,Template Mapping,Wrong-way driving,NHTSA-derived,coarse,1,1,1,1,1,1,1,1,1,1,1,1
NHTSA_WWD_0051,Template Mapping,Wrong-way driving,NHTSA-derived,coarse,1,1,1,1,1,1,1,1,1,1,1,1
NHTSA_WWD_0052,Template Mapping,Wrong-way driving,NHTSA-derived,coarse,1,1,1,1,1,0,1,1,1,1,1,0.8400000000000001
NHTSA_WWD_0053,Template Mapping,Wrong-way driving,NHTSA-derived,coarse,1,1,1,1,1,1,1,1,1,1,1,1
NHTSA_WWD_0054,Template Mapping,Wrong-way driving,NHTSA-derived,coarse,1,1,1,1,1,1,1,1,1,1,1,1
NHTSA_WWD_0055,Template Mapping,Wrong-way driving,NHTSA-derived,coarse,1,1,1,1,1,1,1,1,1,1,1,1
NHTSA_WWD_0056,Template Mapping,Wrong-way driving,NHTSA-derived,coarse,1,1,1,1,1,1,1,1,1,1,1,1
NHTSA_WWD_0057,Template Mapping,Wrong-way driving,NHTSA-derived,coarse,1,1,1,1,1,1,1,1,1,1,1,1
NHTSA_WWD_0058,Template Mapping,Wrong-way driving,NHTSA-derived,coarse,1,1,1,1,1,1,1,1,1,1,1,1
NHTSA_WWD_0059,Template Mapping,Wrong-way driving,NHTSA-derived,coarse,1,1,1,1,1,1,1,1,1,1,1,1
NHTSA_WWD_0060,Template Mapping,Wrong-way driving,NHTSA-derived,coarse,1,1,1,1,1,1,1,1,1,1,1,1
NHTSA_WWD_0061,Template Mapping,Wrong-way driving,NHTSA-derived,coarse,1,1,1,1,1,1,1,1,1,1,1,1
NHTSA_WWD_0062,Template Mapping,Wrong-way driving,NHTSA-derived,coarse,1,1,1,1,1,1,1,1,1,1,1,1
NHTSA_WWD_0063,Template Mapping,Wrong-way driving,NHTSA-derived,coarse,1,1,1,1,1,1,1,1,1,1,1,1
NHTSA_WWD_0064,Template Mapping,Wrong-way driving,NHTSA-derived,coarse,1,1,1,1,1,1,1,1,1,1,1,1
NHTSA_WWD_0065,Template Mapping,Wrong-way driving,NHTSA-derived,coarse,1,1,1,1,1,1,1,1,1,1,1,1
NHTSA_WWD_0066,Template Mapping,Wrong-way driving,NHTSA-derived,coarse,1,1,1,1,1,1,1,1,1,1,1,1
NHTSA_WWD_0067,Template Mapping,Wrong-way driving,NHTSA-derived,coarse,1,1,1,1,1,0,1,0,1,1,1,0.7200000000000001
NHTSA_WWD_0068,Template Mapping,Wrong-way driving,NHTSA-derived,coarse,1,1,0,1,1,0,1,0,1,1,0,0.68
NHTSA_WWD_0069,Template Mapping,Wrong-way driving,NHTSA-derived,coarse,1,1,1,1,1,1,1,1,1,1,1,1
NHTSA_WWD_0070,Template Mapping,Wrong-way driving,NHTSA-derived,coarse,1,1,1,1,1,1,1,1,1,1,1,1
NHTSA_WWD_0071,Template Mapping,Wrong-way driving,NHTSA-derived,coarse,1,1,1,1,1,1,1,1,1,1,1,1
NHTSA_WWD_0072,Template Mapping,Wrong-way driving,NHTSA-derived,coarse,1,1,1,1,1,1,1,1,1,1,1,1
NHTSA_WWD_0073,Template Mapping,Wrong-way driving,NHTSA-derived,coarse,1,1,1,1,1,1,1,1,1,1,1,1
NHTSA_WWD_0074,Template Mapping,Wrong-way driving,NHTSA-derived,coarse,1,1,1,1,1,1,1,1,1,1,1,1
NHTSA_WWD_0075,Template Mapping,Wrong-way driving,NHTSA-derived,coarse,1,1,1,1,1,1,1,1,1,1,1,1
NHTSA_WWD_0076,Template Mapping,Wrong-way driving,NHTSA-derived,coarse,1,1,1,1,1,1,1,1,1,1,1,1
NHTSA_WWD_0077,Template Mapping,Wrong-way driving,NHTSA-derived,coarse,1,1,1,1,1,1,1,1,1,1,1,1
NHTSA_WWD_0078,Template Mapping,Wrong-way driving,NHTSA-derived,coarse,1,1,1,1,1,1,1,1,1,1,1,1
NHTSA_WWD_0079,Template Mapping,Wrong-way driving,NHTSA-derived,coarse,1,1,1,1,1,1,1,1,1,1,1,1
NHTSA_WWD_0080,Template Mapping,Wrong-way driving,NHTSA-derived,coarse,1,1,1,1,1,1,1,1,1,1,1,1
NHTSA_WWD_0081,Template Mapping,Wrong-way driving,NHTSA-derived,coarse,1,1,1,1,1,1,1,1,1,1,1,1
NHTSA_WWD_0082,Template Mapping,Wrong-way driving,NHTSA-derived,coarse,1,1,0,1,1,0,1,0,1,1,0,0.68
NHTSA_WWD_0083,Template Mapping,Wrong-way driving,NHTSA-derived,coarse,1,1,1,1,1,1,1,1,1,1,1,1
NHTSA_WWD_0084,Template Mapping,Wrong-way driving,NHTSA-derived,coarse,1,1,1,1,1,1,1,1,1,1,1,1
SYNTH_WWD_0001,Template Mapping,Wrong-way driving,synthetic-topology-extension,fine,1,1,1,1,1,1,1,1,1,1,1,1
SYNTH_WWD_0002,Template Mapping,Wrong-way driving,synthetic-topology-extension,fine,0,0,1,,,,,,,,,
SYNTH_WWD_0003,Template Mapping,Wrong-way driving,synthetic-topology-extension,fine,0,0,1,,,,,,,,,
SYNTH_WWD_0004,Template Mapping,Wrong-way driving,synthetic-topology-extension,fine,1,0,1,1,1,0,1,0,1,1,0,0.68
SYNTH_WWD_0005,Template Mapping,Wrong-way driving,synthetic-topology-extension,fine,0,0,1,,,,,,,,,
SYNTH_WWD_0006,Template Mapping,Wrong-way driving,synthetic-topology-extension,fine,1,1,1,1,1,1,1,1,1,1,1,1
SYNTH_WWD_0007,Template Mapping,Wrong-way driving,synthetic-topology-extension,fine,1,1,0,1,1,0,1,0,1,1,0,0.68
SYNTH_WWD_0008,Template Mapping,Wrong-way driving,synthetic-topology-extension,fine,1,1,1,1,1,1,1,1,1,1,1,1
SYNTH_WWD_0009,Template Mapping,Wrong-way driving,synthetic-topology-extension,fine,1,1,1,1,1,0,1,1,1,1,1,0.8400000000000001
SYNTH_WWD_0010,Template Mapping,Wrong-way driving,synthetic-topology-extension,fine,1,1,1,1,1,1,1,1,1,1,1,1
SYNTH_WWD_0011,Template Mapping,Wrong-way driving,synthetic-topology-extension,fine,1,1,1,1,1,1,1,1,1,1,1,1
SYNTH_WWD_0012,Template Mapping,Wrong-way driving,synthetic-topology-extension,fine,1,0,1,1,1,0,1,0,1,1,1,0.7200000000000001
SYNTH_WWD_0013,Template Mapping,Wrong-way driving,synthetic-topology-extension,fine,1,1,1,1,1,1,1,1,1,1,1,1
SYNTH_WWD_0014,Template Mapping,Wrong-way driving,synthetic-topology-extension,fine,1,1,1,1,1,1,1,1,1,1,1,1
SYNTH_WWD_0015,Template Mapping,Wrong-way driving,synthetic-topology-extension,fine,1,0,0,1,1,0,1,0,1,1,0,0.68
SYNTH_WWD_0016,Template Mapping,Wrong-way driving,synthetic-topology-extension,fine,1,1,1,1,1,1,1,1,1,1,1,1
SYNTH_WWD_0017,Template Mapping,Wrong-way driving,synthetic-topology-extension,fine,1,1,1,1,1,1,1,1,1,1,1,1
SYNTH_WWD_0018,Template Mapping,Wrong-way driving,synthetic-topology-extension,fine,1,1,1,1,1,1,1,1,1,1,1,1
SYNTH_WWD_0019,Template Mapping,Wrong-way driving,synthetic-topology-extension,fine,1,1,1,1,1,1,1,1,1,1,1,1
SYNTH_WWD_0020,Template Mapping,Wrong-way driving,synthetic-topology-extension,fine,1,0,1,1,1,0,1,0,1,1,1,0.7200000000000001
SYNTH_WWD_0021,Template Mapping,Wrong-way driving,synthetic-topology-extension,fine,1,1,0,1,1,0,1,0,1,1,0,0.68
SYNTH_WWD_0022,Template Mapping,Wrong-way driving,synthetic-topology-extension,fine,1,0,1,1,1,0,1,0,1,1,0,0.68
SYNTH_WWD_0023,Template Mapping,Wrong-way driving,synthetic-topology-extension,fine,1,1,0,1,1,0,1,0,1,1,0,0.68
SYNTH_WWD_0024,Template Mapping,Wrong-way driving,synthetic-topology-extension,fine,1,1,1,1,1,1,1,1,1,1,1,1
SYNTH_WWD_0025,Template Mapping,Wrong-way driving,synthetic-topology-extension,fine,0,0,1,,,,,,,,,
SYNTH_WWD_0026,Template Mapping,Wrong-way driving,synthetic-topology-extension,fine,0,0,1,,,,,,,,,
SYNTH_WWD_0027,Template Mapping,Wrong-way driving,synthetic-topology-extension,fine,0,0,1,,,,,,,,,
SYNTH_WWD_0028,Template Mapping,Wrong-way driving,synthetic-topology-extension,fine,1,1,1,1,1,1,1,1,1,1,1,1
SYNTH_WWD_0029,Template Mapping,Wrong-way driving,synthetic-topology-extension,fine,1,1,0,1,1,0,1,0,1,1,0,0.68
SYNTH_WWD_0030,Template Mapping,Wrong-way driving,synthetic-topology-extension,fine,1,1,1,1,1,1,1,1,1,1,1,1
SYNTH_WWD_0031,Template Mapping,Wrong-way driving,synthetic-topology-extension,fine,1,1,1,1,1,1,1,1,1,1,1,1
SYNTH_WWD_0032,Template Mapping,Wrong-way driving,synthetic-topology-extension,fine,1,1,0,1,1,0,1,0,1,1,0,0.68
SYNTH_WWD_0033,Template Mapping,Wrong-way driving,synthetic-topology-extension,fine,1,1,1,1,1,1,1,1,1,1,1,1
SYNTH_WWD_0034,Template Mapping,Wrong-way driving,synthetic-topology-extension,fine,1,1,1,1,1,1,1,1,1,1,1,1
SYNTH_WWD_0035,Template Mapping,Wrong-way driving,synthetic-topology-extension,fine,1,0,1,1,1,0,1,0,1,1,1,0.7200000000000001
SYNTH_WWD_0036,Template Mapping,Wrong-way driving,synthetic-topology-extension,fine,1,1,0,1,1,0,1,0,1,1,0,0.68
SYNTH_WWD_0037,Template Mapping,Wrong-way driving,synthetic-topology-extension,fine,1,1,1,1,1,1,1,1,1,1,1,1
SYNTH_WWD_0038,Template Mapping,Wrong-way driving,synthetic-topology-extension,fine,1,1,1,1,1,1,1,1,1,1,1,1
SYNTH_WWD_0039,Template Mapping,Wrong-way driving,synthetic-topology-extension,fine,1,1,1,1,1,0,1,0,1,1,1,0.7200000000000001
SYNTH_WWD_0040,Template Mapping,Wrong-way driving,synthetic-topology-extension,fine,1,0,0,1,1,0,1,0,1,1,0,0.68
SYNTH_WWD_0041,Template Mapping,Wrong-way driving,synthetic-topology-extension,fine,1,1,1,1,1,1,1,1,1,1,1,1
SYNTH_WWD_0042,Template Mapping,Wrong-way driving,synthetic-topology-extension,fine,1,1,1,1,1,0,1,1,1,1,1,0.8400000000000001
SYNTH_WWD_0043,Template Mapping,Wrong-way driving,synthetic-topology-extension,fine,0,0,1,,,,,,,,,
SYNTH_WWD_0044,Template Mapping,Wrong-way driving,synthetic-topology-extension,fine,1,1,1,1,1,1,1,1,1,1,1,1
SYNTH_WWD_0045,Template Mapping,Wrong-way driving,synthetic-topology-extension,fine,0,0,1,,,,,,,,,
SYNTH_WWD_0046,Template Mapping,Wrong-way driving,synthetic-topology-extension,fine,1,1,1,1,1,1,1,1,1,1,1,1
SYNTH_WWD_0047,Template Mapping,Wrong-way driving,synthetic-topology-extension,fine,1,1,1,1,1,1,1,1,1,1,1,1
SYNTH_WWD_0048,Template Mapping,Wrong-way driving,synthetic-topology-extension,fine,1,0,1,1,1,0,1,0,1,1,0,0.68
SYNTH_WWD_0049,Template Mapping,Wrong-way driving,synthetic-topology-extension,fine,1,1,1,1,1,1,1,1,1,1,1,1
SYNTH_WWD_0050,Template Mapping,Wrong-way driving,synthetic-topology-extension,fine,1,1,1,1,1,1,1,1,1,1,1,1
SYNTH_WWD_0051,Template Mapping,Wrong-way driving,synthetic-topology-extension,fine,1,1,0,1,1,0,1,0,1,1,0,0.68
SYNTH_WWD_0052,Template Mapping,Wrong-way driving,synthetic-topology-extension,fine,1,0,1,1,1,0,1,0,1,1,1,0.7200000000000001
SYNTH_WWD_0053,Template Mapping,Wrong-way driving,synthetic-topology-extension,fine,1,1,1,1,1,1,1,1,1,1,1,1
SYNTH_WWD_0054,Template Mapping,Wrong-way driving,synthetic-topology-extension,fine,1,1,1,1,1,1,1,1,1,1,1,1
SYNTH_WWD_0055,Template Mapping,Wrong-way driving,synthetic-topology-extension,fine,1,1,0,1,1,0,1,0,1,1,0,0.68
SYNTH_WWD_0056,Template Mapping,Wrong-way driving,synthetic-topology-extension,fine,1,1,1,1,1,1,1,1,1,1,1,1
SYNTH_WWD_0057,Template Mapping,Wrong-way driving,synthetic-topology-extension,fine,1,0,1,1,1,0,1,0,1,1,1,0.7200000000000001
SYNTH_WWD_0058,Template Mapping,Wrong-way driving,synthetic-topology-extension,fine,1,1,1,1,1,1,1,1,1,1,1,1
SYNTH_WWD_0059,Template Mapping,Wrong-way driving,synthetic-topology-extension,fine,1,1,1,1,1,1,1,1,1,1,1,1
SYNTH_WWD_0060,Template Mapping,Wrong-way driving,synthetic-topology-extension,fine,1,1,0,1,1,0,1,0,1,1,0,0.68
NHTSA_ILC_0001,Template Mapping,Illegal lane change,NHTSA-derived,fine,1,0,1,1,1,0,1,0,1,1,1,0.7200000000000001
NHTSA_ILC_0002,Template Mapping,Illegal lane change,NHTSA-derived,fine,0,0,1,,,,,,,,,
NHTSA_ILC_0003,Template Mapping,Illegal lane change,NHTSA-derived,fine,1,0,1,1,1,0,1,0,1,1,1,0.7200000000000001
NHTSA_ILC_0004,Template Mapping,Illegal lane change,NHTSA-derived,fine,0,0,0,,,,,,,,,
NHTSA_ILC_0005,Template Mapping,Illegal lane change,NHTSA-derived,fine,1,0,1,1,1,0,1,0,1,1,1,0.7200000000000001
NHTSA_ILC_0006,Template Mapping,Illegal lane change,NHTSA-derived,fine,1,0,1,1,1,0,1,0,1,1,0,0.68
NHTSA_ILC_0007,Template Mapping,Illegal lane change,NHTSA-derived,fine,0,0,0,,,,,,,,,
NHTSA_ILC_0008,Template Mapping,Illegal lane change,NHTSA-derived,fine,0,0,1,,,,,,,,,
NHTSA_ILC_0009,Template Mapping,Illegal lane change,NHTSA-derived,fine,1,0,1,1,1,0,1,0,1,1,1,0.7200000000000001
NHTSA_ILC_0010,Template Mapping,Illegal lane change,NHTSA-derived,fine,0,0,1,,,,,,,,,
NHTSA_ILC_0011,Template Mapping,Illegal lane change,NHTSA-derived,fine,0,0,1,,,,,,,,,
NHTSA_ILC_0012,Template Mapping,Illegal lane change,NHTSA-derived,fine,1,0,1,1,1,0,1,0,1,1,0,0.68
NHTSA_ILC_0013,Template Mapping,Illegal lane change,NHTSA-derived,fine,0,0,0,,,,,,,,,
NHTSA_ILC_0014,Template Mapping,Illegal lane change,NHTSA-derived,fine,0,0,0,,,,,,,,,
NHTSA_ILC_0015,Template Mapping,Illegal lane change,NHTSA-derived,fine,1,0,1,1,1,0,1,0,1,1,1,0.7200000000000001
NHTSA_ILC_0016,Template Mapping,Illegal lane change,NHTSA-derived,fine,1,0,1,1,1,0,1,0,1,1,1,0.7200000000000001
NHTSA_ILC_0017,Template Mapping,Illegal lane change,NHTSA-derived,fine,1,0,1,1,1,0,1,0,1,1,1,0.7200000000000001
NHTSA_ILC_0018,Template Mapping,Illegal lane change,NHTSA-derived,fine,1,0,1,1,1,0,1,0,1,1,1,0.7200000000000001
NHTSA_ILC_0019,Template Mapping,Illegal lane change,NHTSA-derived,fine,0,0,1,,,,,,,,,
NHTSA_ILC_0020,Template Mapping,Illegal lane change,NHTSA-derived,fine,1,0,0,1,1,0,1,0,1,1,0,0.68
NHTSA_ILC_0021,Template Mapping,Illegal lane change,NHTSA-derived,fine,1,0,1,1,1,0,1,0,1,1,1,0.7200000000000001
NHTSA_ILC_0022,Template Mapping,Illegal lane change,NHTSA-derived,fine,0,0,1,,,,,,,,,
NHTSA_ILC_0023,Template Mapping,Illegal lane change,NHTSA-derived,fine,1,0,1,1,1,0,1,0,1,1,1,0.7200000000000001
NHTSA_ILC_0024,Template Mapping,Illegal lane change,NHTSA-derived,fine,1,0,1,1,1,0,1,0,1,1,1,0.7200000000000001
NHTSA_ILC_0025,Template Mapping,Illegal lane change,NHTSA-derived,fine,1,0,1,1,1,0,1,0,1,1,1,0.7200000000000001
NHTSA_ILC_0026,Template Mapping,Illegal lane change,NHTSA-derived,fine,1,0,1,1,1,0,1,0,1,1,1,0.7200000000000001
NHTSA_ILC_0027,Template Mapping,Illegal lane change,NHTSA-derived,fine,0,0,1,,,,,,,,,
NHTSA_ILC_0028,Template Mapping,Illegal lane change,NHTSA-derived,fine,0,0,1,,,,,,,,,
NHTSA_ILC_0029,Template Mapping,Illegal lane change,NHTSA-derived,fine,0,0,1,,,,,,,,,
NHTSA_ILC_0030,Template Mapping,Illegal lane change,NHTSA-derived,fine,1,0,1,1,1,0,1,0,1,1,1,0.7200000000000001
NHTSA_ILC_0031,Template Mapping,Illegal lane change,NHTSA-derived,fine,1,0,1,1,1,0,1,0,1,1,1,0.7200000000000001
NHTSA_ILC_0032,Template Mapping,Illegal lane change,NHTSA-derived,fine,0,0,1,,,,,,,,,
NHTSA_ILC_0033,Template Mapping,Illegal lane change,NHTSA-derived,fine,0,0,0,,,,,,,,,
NHTSA_ILC_0034,Template Mapping,Illegal lane change,NHTSA-derived,fine,1,0,1,1,1,0,1,0,1,1,1,0.7200000000000001
NHTSA_ILC_0035,Template Mapping,Illegal lane change,NHTSA-derived,fine,1,0,1,1,1,0,1,0,1,1,1,0.7200000000000001
NHTSA_ILC_0036,Template Mapping,Illegal lane change,NHTSA-derived,fine,1,0,1,1,1,0,1,0,1,1,1,0.7200000000000001
NHTSA_ILC_0037,Template Mapping,Illegal lane change,NHTSA-derived,fine,0,0,0,,,,,,,,,
NHTSA_ILC_0038,Template Mapping,Illegal lane change,NHTSA-derived,fine,1,0,1,1,1,0,1,0,1,1,1,0.7200000000000001
NHTSA_ILC_0039,Template Mapping,Illegal lane change,NHTSA-derived,fine,1,0,1,1,1,0,1,0,1,1,1,0.7200000000000001
NHTSA_ILC_0040,Template Mapping,Illegal lane change,NHTSA-derived,fine,1,0,1,1,1,0,1,0,1,1,1,0.7200000000000001
NHTSA_ILC_0041,Template Mapping,Illegal lane change,NHTSA-derived,coarse,1,1,1,1,1,1,1,1,1,1,1,1
NHTSA_ILC_0042,Template Mapping,Illegal lane change,NHTSA-derived,coarse,1,1,1,1,1,1,1,1,1,1,1,1
NHTSA_ILC_0043,Template Mapping,Illegal lane change,NHTSA-derived,coarse,1,1,1,1,1,1,1,1,1,1,1,1
NHTSA_ILC_0044,Template Mapping,Illegal lane change,NHTSA-derived,coarse,1,1,1,1,1,1,1,1,1,1,1,1
NHTSA_ILC_0045,Template Mapping,Illegal lane change,NHTSA-derived,coarse,1,1,1,1,1,1,1,1,1,1,1,1
NHTSA_ILC_0046,Template Mapping,Illegal lane change,NHTSA-derived,coarse,1,1,1,1,1,1,1,1,1,1,1,1
NHTSA_ILC_0047,Template Mapping,Illegal lane change,NHTSA-derived,coarse,1,1,1,1,1,1,1,1,1,1,1,1
NHTSA_ILC_0048,Template Mapping,Illegal lane change,NHTSA-derived,coarse,1,1,1,1,1,1,1,1,1,1,1,1
NHTSA_ILC_0049,Template Mapping,Illegal lane change,NHTSA-derived,coarse,1,1,1,1,1,1,1,1,1,1,1,1
NHTSA_ILC_0050,Template Mapping,Illegal lane change,NHTSA-derived,coarse,1,0,1,1,1,0,1,0,1,1,0,0.68
NHTSA_ILC_0051,Template Mapping,Illegal lane change,NHTSA-derived,coarse,1,0,1,1,1,0,1,0,1,1,1,0.7200000000000001
NHTSA_ILC_0052,Template Mapping,Illegal lane change,NHTSA-derived,coarse,1,1,1,1,1,1,1,1,1,1,1,1
NHTSA_ILC_0053,Template Mapping,Illegal lane change,NHTSA-derived,coarse,1,1,1,1,1,1,1,1,1,1,1,1
NHTSA_ILC_0054,Template Mapping,Illegal lane change,NHTSA-derived,coarse,1,1,1,1,1,1,1,1,1,1,1,1
NHTSA_ILC_0055,Template Mapping,Illegal lane change,NHTSA-derived,coarse,0,0,1,,,,,,,,,
SYNTH_ILC_0001,Template Mapping,Illegal lane change,synthetic-topology-extension,fine,1,0,1,1,1,0,1,0,1,1,1,0.7200000000000001
SYNTH_ILC_0002,Template Mapping,Illegal lane change,synthetic-topology-extension,fine,0,0,1,,,,,,,,,
SYNTH_ILC_0003,Template Mapping,Illegal lane change,synthetic-topology-extension,fine,1,0,1,1,1,0,1,0,1,1,0,0.68
SYNTH_ILC_0004,Template Mapping,Illegal lane change,synthetic-topology-extension,fine,1,0,1,1,1,0,1,0,1,1,0,0.68
SYNTH_ILC_0005,Template Mapping,Illegal lane change,synthetic-topology-extension,fine,0,0,1,,,,,,,,,
SYNTH_ILC_0006,Template Mapping,Illegal lane change,synthetic-topology-extension,fine,1,0,1,1,1,0,1,0,1,1,1,0.7200000000000001
SYNTH_ILC_0007,Template Mapping,Illegal lane change,synthetic-topology-extension,fine,0,0,1,,,,,,,,,
SYNTH_ILC_0008,Template Mapping,Illegal lane change,synthetic-topology-extension,fine,1,0,0,1,1,0,1,0,1,1,0,0.68
SYNTH_ILC_0009,Template Mapping,Illegal lane change,synthetic-topology-extension,fine,0,0,1,,,,,,,,,
SYNTH_ILC_0010,Template Mapping,Illegal lane change,synthetic-topology-extension,fine,0,0,1,,,,,,,,,
SYNTH_ILC_0011,Template Mapping,Illegal lane change,synthetic-topology-extension,fine,0,0,0,,,,,,,,,
SYNTH_ILC_0012,Template Mapping,Illegal lane change,synthetic-topology-extension,fine,1,0,1,1,1,0,1,0,1,1,1,0.7200000000000001
SYNTH_ILC_0013,Template Mapping,Illegal lane change,synthetic-topology-extension,fine,0,0,1,,,,,,,,,
SYNTH_ILC_0014,Template Mapping,Illegal lane change,synthetic-topology-extension,fine,0,0,1,,,,,,,,,
SYNTH_ILC_0015,Template Mapping,Illegal lane change,synthetic-topology-extension,fine,1,0,1,1,1,0,1,0,1,1,1,0.7200000000000001
SYNTH_ILC_0016,Template Mapping,Illegal lane change,synthetic-topology-extension,fine,0,0,1,,,,,,,,,
SYNTH_ILC_0017,Template Mapping,Illegal lane change,synthetic-topology-extension,fine,0,0,1,,,,,,,,,
SYNTH_ILC_0018,Template Mapping,Illegal lane change,synthetic-topology-extension,fine,1,0,1,1,1,0,1,0,1,1,1,0.7200000000000001
SYNTH_ILC_0019,Template Mapping,Illegal lane change,synthetic-topology-extension,fine,0,0,1,,,,,,,,,
SYNTH_ILC_0020,Template Mapping,Illegal lane change,synthetic-topology-extension,fine,0,0,1,,,,,,,,,
SYNTH_ILC_0021,Template Mapping,Illegal lane change,synthetic-topology-extension,fine,1,0,1,1,1,0,1,0,1,1,1,0.7200000000000001
SYNTH_ILC_0022,Template Mapping,Illegal lane change,synthetic-topology-extension,fine,1,0,1,1,1,0,1,0,1,1,0,0.68
NHTSA_IOT_0001,Template Mapping,Illegal overtaking,NHTSA-derived,fine,1,0,0,1,1,0,1,0,1,1,0,0.68
NHTSA_IOT_0002,Template Mapping,Illegal overtaking,NHTSA-derived,fine,0,0,1,,,,,,,,,
NHTSA_IOT_0003,Template Mapping,Illegal overtaking,NHTSA-derived,fine,1,0,1,1,1,0,1,0,1,1,1,0.7200000000000001
NHTSA_IOT_0004,Template Mapping,Illegal overtaking,NHTSA-derived,fine,0,0,1,,,,,,,,,
NHTSA_IOT_0005,Template Mapping,Illegal overtaking,NHTSA-derived,fine,1,0,1,1,1,0,1,0,1,1,1,0.7200000000000001
NHTSA_IOT_0006,Template Mapping,Illegal overtaking,NHTSA-derived,fine,0,0,1,,,,,,,,,
NHTSA_IOT_0007,Template Mapping,Illegal overtaking,NHTSA-derived,fine,1,0,1,1,1,0,1,0,1,1,1,0.7200000000000001
NHTSA_IOT_0008,Template Mapping,Illegal overtaking,NHTSA-derived,fine,0,0,1,,,,,,,,,
NHTSA_IOT_0009,Template Mapping,Illegal overtaking,NHTSA-derived,fine,0,0,1,,,,,,,,,
NHTSA_IOT_0010,Template Mapping,Illegal overtaking,NHTSA-derived,fine,0,0,1,,,,,,,,,
NHTSA_IOT_0011,Template Mapping,Illegal overtaking,NHTSA-derived,fine,0,0,1,,,,,,,,,
NHTSA_IOT_0012,Template Mapping,Illegal overtaking,NHTSA-derived,fine,1,0,1,1,1,0,1,0,1,1,1,0.7200000000000001
NHTSA_IOT_0013,Template Mapping,Illegal overtaking,NHTSA-derived,fine,1,0,1,1,1,0,1,0,1,1,1,0.7200000000000001
NHTSA_IOT_0014,Template Mapping,Illegal overtaking,NHTSA-derived,fine,0,0,1,,,,,,,,,
NHTSA_IOT_0015,Template Mapping,Illegal overtaking,NHTSA-derived,fine,0,0,0,,,,,,,,,
NHTSA_IOT_0016,Template Mapping,Illegal overtaking,NHTSA-derived,fine,1,0,1,1,1,0,1,0,1,1,1,0.7200000000000001
NHTSA_IOT_0017,Template Mapping,Illegal overtaking,NHTSA-derived,fine,0,0,1,,,,,,,,,
NHTSA_IOT_0018,Template Mapping,Illegal overtaking,NHTSA-derived,fine,1,0,1,1,1,0,1,0,1,1,1,0.7200000000000001
NHTSA_IOT_0019,Template Mapping,Illegal overtaking,NHTSA-derived,fine,0,0,1,,,,,,,,,
NHTSA_IOT_0020,Template Mapping,Illegal overtaking,NHTSA-derived,fine,1,0,0,1,1,0,1,0,1,1,0,0.68
NHTSA_IOT_0021,Template Mapping,Illegal overtaking,NHTSA-derived,fine,1,0,1,1,1,0,1,0,1,1,0,0.68
NHTSA_IOT_0022,Template Mapping,Illegal overtaking,NHTSA-derived,fine,0,0,1,,,,,,,,,
NHTSA_IOT_0023,Template Mapping,Illegal overtaking,NHTSA-derived,fine,0,0,1,,,,,,,,,
NHTSA_IOT_0024,Template Mapping,Illegal overtaking,NHTSA-derived,fine,0,0,1,,,,,,,,,
NHTSA_IOT_0025,Template Mapping,Illegal overtaking,NHTSA-derived,fine,1,0,1,1,1,0,1,0,1,1,1,0.7200000000000001
NHTSA_IOT_0026,Template Mapping,Illegal overtaking,NHTSA-derived,fine,0,0,1,,,,,,,,,
NHTSA_IOT_0027,Template Mapping,Illegal overtaking,NHTSA-derived,fine,0,0,1,,,,,,,,,
NHTSA_IOT_0028,Template Mapping,Illegal overtaking,NHTSA-derived,fine,1,0,1,1,1,0,1,0,1,1,1,0.7200000000000001
NHTSA_IOT_0029,Template Mapping,Illegal overtaking,NHTSA-derived,fine,1,0,1,1,1,0,1,0,1,1,1,0.7200000000000001
NHTSA_IOT_0030,Template Mapping,Illegal overtaking,NHTSA-derived,fine,1,0,1,1,1,0,1,0,1,1,1,0.7200000000000001
NHTSA_IOT_0031,Template Mapping,Illegal overtaking,NHTSA-derived,fine,1,0,1,1,1,0,1,0,1,1,1,0.7200000000000001
NHTSA_IOT_0032,Template Mapping,Illegal overtaking,NHTSA-derived,fine,1,0,0,1,1,0,1,0,1,1,0,0.68
NHTSA_IOT_0033,Template Mapping,Illegal overtaking,NHTSA-derived,fine,0,0,1,,,,,,,,,
NHTSA_IOT_0034,Template Mapping,Illegal overtaking,NHTSA-derived,fine,0,0,1,,,,,,,,,
NHTSA_IOT_0035,Template Mapping,Illegal overtaking,NHTSA-derived,fine,0,0,1,,,,,,,,,
NHTSA_IOT_0036,Template Mapping,Illegal overtaking,NHTSA-derived,fine,1,0,1,1,1,0,1,0,1,1,1,0.7200000000000001
NHTSA_IOT_0037,Template Mapping,Illegal overtaking,NHTSA-derived,fine,0,0,1,,,,,,,,,
NHTSA_IOT_0038,Template Mapping,Illegal overtaking,NHTSA-derived,fine,1,0,1,1,1,0,1,0,1,1,0,0.68
NHTSA_IOT_0039,Template Mapping,Illegal overtaking,NHTSA-derived,fine,1,0,1,1,1,0,1,0,1,1,0,0.68
NHTSA_IOT_0040,Template Mapping,Illegal overtaking,NHTSA-derived,fine,0,0,1,,,,,,,,,
NHTSA_IOT_0041,Template Mapping,Illegal overtaking,NHTSA-derived,fine,0,0,0,,,,,,,,,
NHTSA_IOT_0042,Template Mapping,Illegal overtaking,NHTSA-derived,fine,1,0,1,1,1,0,1,0,1,1,0,0.68
NHTSA_IOT_0043,Template Mapping,Illegal overtaking,NHTSA-derived,fine,1,0,0,1,1,0,1,0,1,1,0,0.68
NHTSA_IOT_0044,Template Mapping,Illegal overtaking,NHTSA-derived,coarse,1,1,1,1,1,1,1,1,1,1,1,1
NHTSA_IOT_0045,Template Mapping,Illegal overtaking,NHTSA-derived,coarse,0,0,0,,,,,,,,,
NHTSA_IOT_0046,Template Mapping,Illegal overtaking,NHTSA-derived,coarse,1,1,0,1,1,0,1,0,1,1,0,0.68
NHTSA_IOT_0047,Template Mapping,Illegal overtaking,NHTSA-derived,coarse,1,1,1,1,1,1,1,1,1,1,1,1
NHTSA_IOT_0048,Template Mapping,Illegal overtaking,NHTSA-derived,coarse,1,1,1,1,1,1,1,1,1,1,1,1
NHTSA_IOT_0049,Template Mapping,Illegal overtaking,NHTSA-derived,coarse,1,1,1,1,1,1,1,1,1,1,1,1
NHTSA_IOT_0050,Template Mapping,Illegal overtaking,NHTSA-derived,coarse,1,1,1,1,1,1,1,1,1,1,1,1
NHTSA_IOT_0051,Template Mapping,Illegal overtaking,NHTSA-derived,coarse,1,1,1,1,1,1,1,1,1,1,1,1
NHTSA_IOT_0052,Template Mapping,Illegal overtaking,NHTSA-derived,coarse,1,1,1,1,1,1,1,1,1,1,1,1
SYNTH_IOT_0001,Template Mapping,Illegal overtaking,synthetic-topology-extension,fine,1,0,1,1,1,0,1,0,1,1,1,0.7200000000000001
SYNTH_IOT_0002,Template Mapping,Illegal overtaking,synthetic-topology-extension,fine,0,0,0,,,,,,,,,
SYNTH_IOT_0003,Template Mapping,Illegal overtaking,synthetic-topology-extension,fine,1,0,0,1,1,0,1,0,1,1,0,0.68
SYNTH_IOT_0004,Template Mapping,Illegal overtaking,synthetic-topology-extension,fine,1,0,1,1,1,0,1,0,1,1,0,0.68
SYNTH_IOT_0005,Template Mapping,Illegal overtaking,synthetic-topology-extension,fine,0,0,1,,,,,,,,,
SYNTH_IOT_0006,Template Mapping,Illegal overtaking,synthetic-topology-extension,fine,0,0,1,,,,,,,,,
SYNTH_IOT_0007,Template Mapping,Illegal overtaking,synthetic-topology-extension,fine,0,0,1,,,,,,,,,
SYNTH_IOT_0008,Template Mapping,Illegal overtaking,synthetic-topology-extension,fine,0,0,1,,,,,,,,,
SYNTH_IOT_0009,Template Mapping,Illegal overtaking,synthetic-topology-extension,fine,1,0,1,1,1,0,1,0,1,1,1,0.7200000000000001
SYNTH_IOT_0010,Template Mapping,Illegal overtaking,synthetic-topology-extension,fine,1,0,0,1,1,0,1,0,1,1,0,0.68
SYNTH_IOT_0011,Template Mapping,Illegal overtaking,synthetic-topology-extension,fine,0,0,1,,,,,,,,,
SYNTH_IOT_0012,Template Mapping,Illegal overtaking,synthetic-topology-extension,fine,0,0,1,,,,,,,,,
SYNTH_IOT_0013,Template Mapping,Illegal overtaking,synthetic-topology-extension,fine,0,0,1,,,,,,,,,
SYNTH_IOT_0014,Template Mapping,Illegal overtaking,synthetic-topology-extension,fine,0,0,1,,,,,,,,,
SYNTH_IOT_0015,Template Mapping,Illegal overtaking,synthetic-topology-extension,fine,1,0,0,1,1,0,1,0,1,1,0,0.68
NHTSA_INA_0001,ARISE,Inattention to the road ahead,NHTSA-derived,fine,1,1,1,1,1,1,1,1,1,1,1,1
NHTSA_INA_0002,ARISE,Inattention to the road ahead,NHTSA-derived,fine,1,1,0,1,0,0,1,1,1,1,0,0.7
NHTSA_INA_0003,ARISE,Inattention to the road ahead,NHTSA-derived,fine,1,1,1,1,1,1,1,1,1,1,1,1
NHTSA_INA_0004,ARISE,Inattention to the road ahead,NHTSA-derived,fine,1,1,1,1,1,1,1,1,1,1,1,1
NHTSA_INA_0005,ARISE,Inattention to the road ahead,NHTSA-derived,fine,1,1,1,1,1,1,1,1,1,1,1,1
NHTSA_INA_0006,ARISE,Inattention to the road ahead,NHTSA-derived,fine,1,1,1,1,1,1,1,1,1,1,1,1
NHTSA_INA_0007,ARISE,Inattention to the road ahead,NHTSA-derived,fine,1,1,1,1,1,0,1,1,1,1,1,0.8400000000000001
NHTSA_INA_0008,ARISE,Inattention to the road ahead,NHTSA-derived,fine,1,1,0,1,0,0,1,1,1,1,0,0.7
NHTSA_INA_0009,ARISE,Inattention to the road ahead,NHTSA-derived,fine,1,1,1,1,1,0,1,1,1,1,1,0.8400000000000001
NHTSA_INA_0010,ARISE,Inattention to the road ahead,NHTSA-derived,fine,1,1,1,1,1,1,1,1,1,1,1,1
NHTSA_INA_0011,ARISE,Inattention to the road ahead,NHTSA-derived,fine,1,1,1,1,1,1,1,1,1,1,1,1
NHTSA_INA_0012,ARISE,Inattention to the road ahead,NHTSA-derived,fine,1,1,1,1,1,1,1,1,1,1,1,1
NHTSA_INA_0013,ARISE,Inattention to the road ahead,NHTSA-derived,fine,1,1,1,1,1,0,1,1,1,1,1,0.8400000000000001
NHTSA_INA_0014,ARISE,Inattention to the road ahead,NHTSA-derived,fine,1,1,1,1,1,1,1,1,1,1,1,1
NHTSA_INA_0015,ARISE,Inattention to the road ahead,NHTSA-derived,fine,1,1,1,1,1,0,1,1,1,1,1,0.8400000000000001
NHTSA_INA_0016,ARISE,Inattention to the road ahead,NHTSA-derived,fine,1,1,0,1,0,0,1,1,1,1,0,0.7
NHTSA_INA_0017,ARISE,Inattention to the road ahead,NHTSA-derived,fine,1,1,1,1,1,0,1,1,1,1,1,0.8400000000000001
NHTSA_INA_0018,ARISE,Inattention to the road ahead,NHTSA-derived,fine,1,1,1,1,1,1,1,1,1,1,1,1
NHTSA_INA_0019,ARISE,Inattention to the road ahead,NHTSA-derived,fine,1,1,1,1,1,1,1,1,1,1,1,1
NHTSA_INA_0020,ARISE,Inattention to the road ahead,NHTSA-derived,fine,1,1,1,1,1,0,1,1,1,1,1,0.8400000000000001
NHTSA_INA_0021,ARISE,Inattention to the road ahead,NHTSA-derived,fine,1,1,0,1,0,0,1,1,1,1,0,0.7
NHTSA_INA_0022,ARISE,Inattention to the road ahead,NHTSA-derived,fine,1,1,1,1,1,0,1,1,1,1,1,0.8400000000000001
NHTSA_INA_0023,ARISE,Inattention to the road ahead,NHTSA-derived,fine,1,1,1,1,1,1,1,1,1,1,1,1
NHTSA_INA_0024,ARISE,Inattention to the road ahead,NHTSA-derived,fine,1,1,1,1,1,1,1,1,1,1,1,1
NHTSA_INA_0025,ARISE,Inattention to the road ahead,NHTSA-derived,fine,1,1,1,1,1,0,1,1,1,1,1,0.8400000000000001
NHTSA_INA_0026,ARISE,Inattention to the road ahead,NHTSA-derived,fine,1,1,1,1,1,0,1,1,1,1,1,0.8400000000000001
NHTSA_INA_0027,ARISE,Inattention to the road ahead,NHTSA-derived,fine,1,1,1,1,1,1,1,1,1,1,1,1
NHTSA_INA_0028,ARISE,Inattention to the road ahead,NHTSA-derived,fine,1,1,1,1,1,1,1,1,1,1,1,1
NHTSA_INA_0029,ARISE,Inattention to the road ahead,NHTSA-derived,fine,1,1,1,1,1,0,1,1,1,1,1,0.8400000000000001
NHTSA_INA_0030,ARISE,Inattention to the road ahead,NHTSA-derived,fine,1,1,1,1,1,1,1,1,1,1,1,1
NHTSA_INA_0031,ARISE,Inattention to the road ahead,NHTSA-derived,fine,1,1,0,1,0,0,1,1,1,1,0,0.7
NHTSA_INA_0032,ARISE,Inattention to the road ahead,NHTSA-derived,fine,1,1,1,1,1,1,1,1,1,1,1,1
NHTSA_INA_0033,ARISE,Inattention to the road ahead,NHTSA-derived,fine,1,1,1,1,1,0,1,1,1,1,1,0.8400000000000001
NHTSA_INA_0034,ARISE,Inattention to the road ahead,NHTSA-derived,fine,1,1,1,1,1,0,1,1,1,1,1,0.8400000000000001
NHTSA_INA_0035,ARISE,Inattention to the road ahead,NHTSA-derived,fine,1,1,0,1,0,0,1,1,1,1,0,0.7
NHTSA_INA_0036,ARISE,Inattention to the road ahead,NHTSA-derived,fine,1,1,1,1,1,0,1,1,1,1,1,0.8400000000000001
NHTSA_INA_0037,ARISE,Inattention to the road ahead,NHTSA-derived,fine,1,1,1,1,1,0,1,1,1,1,1,0.8400000000000001
NHTSA_INA_0038,ARISE,Inattention to the road ahead,NHTSA-derived,fine,1,1,1,1,1,0,1,1,1,1,1,0.8400000000000001
NHTSA_INA_0039,ARISE,Inattention to the road ahead,NHTSA-derived,fine,1,1,1,1,1,1,1,1,1,1,1,1
NHTSA_INA_0040,ARISE,Inattention to the road ahead,NHTSA-derived,fine,1,1,1,1,1,0,1,1,1,1,1,0.8400000000000001
NHTSA_INA_0041,ARISE,Inattention to the road ahead,NHTSA-derived,fine,1,1,1,1,1,1,1,1,1,1,1,1
NHTSA_INA_0042,ARISE,Inattention to the road ahead,NHTSA-derived,fine,1,1,1,1,1,0,1,1,1,1,1,0.8400000000000001
NHTSA_INA_0043,ARISE,Inattention to the road ahead,NHTSA-derived,fine,1,1,1,1,1,1,1,1,1,1,1,1
NHTSA_INA_0044,ARISE,Inattention to the road ahead,NHTSA-derived,fine,1,1,1,1,1,0,1,1,1,1,1,0.8400000000000001
NHTSA_INA_0045,ARISE,Inattention to the road ahead,NHTSA-derived,fine,1,1,0,1,0,0,1,1,1,1,0,0.7
NHTSA_INA_0046,ARISE,Inattention to the road ahead,NHTSA-derived,fine,1,1,1,1,1,0,1,1,1,1,1,0.8400000000000001
NHTSA_INA_0047,ARISE,Inattention to the road ahead,NHTSA-derived,fine,1,1,1,1,1,1,1,1,1,1,1,1
NHTSA_INA_0048,ARISE,Inattention to the road ahead,NHTSA-derived,fine,1,1,0,1,0,0,1,1,1,1,0,0.7
NHTSA_INA_0049,ARISE,Inattention to the road ahead,NHTSA-derived,fine,1,1,1,1,1,0,1,1,1,1,1,0.8400000000000001
NHTSA_INA_0050,ARISE,Inattention to the road ahead,NHTSA-derived,fine,1,1,1,1,1,0,1,1,1,1,1,0.8400000000000001
NHTSA_INA_0051,ARISE,Inattention to the road ahead,NHTSA-derived,fine,1,1,1,1,1,0,1,1,1,1,1,0.8400000000000001
NHTSA_INA_0052,ARISE,Inattention to the road ahead,NHTSA-derived,fine,1,1,1,1,1,0,1,1,1,1,1,0.8400000000000001
NHTSA_INA_0053,ARISE,Inattention to the road ahead,NHTSA-derived,fine,1,1,1,1,1,0,1,1,1,1,1,0.8400000000000001
NHTSA_INA_0054,ARISE,Inattention to the road ahead,NHTSA-derived,fine,1,1,1,1,1,0,1,1,1,1,1,0.8400000000000001
NHTSA_INA_0055,ARISE,Inattention to the road ahead,NHTSA-derived,fine,1,1,1,1,1,1,1,1,1,1,1,1
NHTSA_INA_0056,ARISE,Inattention to the road ahead,NHTSA-derived,fine,1,1,1,1,1,1,1,1,1,1,1,1
NHTSA_INA_0057,ARISE,Inattention to the road ahead,NHTSA-derived,fine,1,1,1,1,1,0,1,1,1,1,1,0.8400000000000001
NHTSA_INA_0058,ARISE,Inattention to the road ahead,NHTSA-derived,fine,1,1,1,1,1,0,1,1,1,1,1,0.8400000000000001
NHTSA_INA_0059,ARISE,Inattention to the road ahead,NHTSA-derived,fine,1,1,1,1,1,1,1,1,1,1,1,1
NHTSA_INA_0060,ARISE,Inattention to the road ahead,NHTSA-derived,fine,1,1,1,1,1,0,1,1,1,1,1,0.8400000000000001
NHTSA_INA_0061,ARISE,Inattention to the road ahead,NHTSA-derived,fine,1,1,0,1,0,0,1,1,1,1,0,0.7
NHTSA_INA_0062,ARISE,Inattention to the road ahead,NHTSA-derived,fine,1,1,1,1,1,1,1,1,1,1,1,1
NHTSA_INA_0063,ARISE,Inattention to the road ahead,NHTSA-derived,coarse,1,1,1,1,1,1,1,1,1,1,1,1
NHTSA_INA_0064,ARISE,Inattention to the road ahead,NHTSA-derived,coarse,1,1,1,1,1,1,1,1,1,1,1,1
NHTSA_INA_0065,ARISE,Inattention to the road ahead,NHTSA-derived,coarse,1,1,1,1,1,1,1,1,1,1,1,1
NHTSA_INA_0066,ARISE,Inattention to the road ahead,NHTSA-derived,coarse,1,1,0,1,0,0,1,1,1,1,0,0.7
NHTSA_INA_0067,ARISE,Inattention to the road ahead,NHTSA-derived,coarse,1,1,1,1,1,1,1,1,1,1,1,1
NHTSA_INA_0068,ARISE,Inattention to the road ahead,NHTSA-derived,coarse,1,1,1,1,1,1,1,1,1,1,1,1
NHTSA_INA_0069,ARISE,Inattention to the road ahead,NHTSA-derived,coarse,1,1,1,1,1,0,1,1,1,1,1,0.8400000000000001
NHTSA_INA_0070,ARISE,Inattention to the road ahead,NHTSA-derived,coarse,1,1,1,1,1,1,1,1,1,1,1,1
NHTSA_INA_0071,ARISE,Inattention to the road ahead,NHTSA-derived,coarse,1,1,1,1,1,1,1,1,1,1,1,1
NHTSA_INA_0072,ARISE,Inattention to the road ahead,NHTSA-derived,coarse,1,1,1,1,1,0,1,1,1,1,1,0.8400000000000001
NHTSA_INA_0073,ARISE,Inattention to the road ahead,NHTSA-derived,coarse,1,1,1,1,1,1,1,1,1,1,1,1
NHTSA_INA_0074,ARISE,Inattention to the road ahead,NHTSA-derived,coarse,1,1,1,1,1,1,1,1,1,1,1,1
NHTSA_INA_0075,ARISE,Inattention to the road ahead,NHTSA-derived,coarse,1,1,1,1,1,1,1,1,1,1,1,1
NHTSA_INA_0076,ARISE,Inattention to the road ahead,NHTSA-derived,coarse,1,1,0,1,0,0,1,1,1,1,0,0.7
NHTSA_INA_0077,ARISE,Inattention to the road ahead,NHTSA-derived,coarse,1,1,1,1,1,1,1,1,1,1,1,1
NHTSA_INA_0078,ARISE,Inattention to the road ahead,NHTSA-derived,coarse,1,1,1,1,1,1,1,1,1,1,1,1
NHTSA_INA_0079,ARISE,Inattention to the road ahead,NHTSA-derived,coarse,1,1,1,1,1,0,1,1,1,1,1,0.8400000000000001
NHTSA_INA_0080,ARISE,Inattention to the road ahead,NHTSA-derived,coarse,1,1,1,1,1,1,1,1,1,1,1,1
NHTSA_INA_0081,ARISE,Inattention to the road ahead,NHTSA-derived,coarse,1,1,0,1,0,0,1,1,1,1,0,0.7
NHTSA_INA_0082,ARISE,Inattention to the road ahead,NHTSA-derived,coarse,1,1,1,1,1,0,1,1,1,1,1,0.8400000000000001
NHTSA_INA_0083,ARISE,Inattention to the road ahead,NHTSA-derived,coarse,1,1,1,1,1,1,1,1,1,1,1,1
NHTSA_INA_0084,ARISE,Inattention to the road ahead,NHTSA-derived,coarse,1,1,1,1,1,0,1,1,1,1,1,0.8400000000000001
NHTSA_INA_0085,ARISE,Inattention to the road ahead,NHTSA-derived,coarse,1,1,1,1,1,1,1,1,1,1,1,1
NHTSA_INA_0086,ARISE,Inattention to the road ahead,NHTSA-derived,coarse,1,1,1,1,1,0,1,1,1,1,1,0.8400000000000001
NHTSA_INA_0087,ARISE,Inattention to the road ahead,NHTSA-derived,coarse,1,1,1,1,1,0,1,1,1,1,1,0.8400000000000001
NHTSA_INA_0088,ARISE,Inattention to the road ahead,NHTSA-derived,coarse,1,1,1,1,1,1,1,1,1,1,1,1
NHTSA_INA_0089,ARISE,Inattention to the road ahead,NHTSA-derived,coarse,1,1,1,1,1,1,1,1,1,1,1,1
NHTSA_INA_0090,ARISE,Inattention to the road ahead,NHTSA-derived,coarse,1,1,1,1,1,0,1,1,1,1,1,0.8400000000000001
NHTSA_INA_0091,ARISE,Inattention to the road ahead,NHTSA-derived,coarse,1,1,1,1,1,0,1,1,1,1,1,0.8400000000000001
NHTSA_INA_0092,ARISE,Inattention to the road ahead,NHTSA-derived,coarse,1,1,1,1,1,1,1,1,1,1,1,1
NHTSA_INA_0093,ARISE,Inattention to the road ahead,NHTSA-derived,coarse,1,1,1,1,1,1,1,1,1,1,1,1
NHTSA_INA_0094,ARISE,Inattention to the road ahead,NHTSA-derived,coarse,1,1,1,1,1,1,1,1,1,1,1,1
NHTSA_INA_0095,ARISE,Inattention to the road ahead,NHTSA-derived,coarse,1,1,1,1,1,0,1,1,1,1,1,0.8400000000000001
NHTSA_INA_0096,ARISE,Inattention to the road ahead,NHTSA-derived,coarse,1,1,1,1,1,0,1,1,1,1,1,0.8400000000000001
NHTSA_INA_0097,ARISE,Inattention to the road ahead,NHTSA-derived,coarse,1,1,1,1,1,1,1,1,1,1,1,1
NHTSA_INA_0098,ARISE,Inattention to the road ahead,NHTSA-derived,coarse,1,1,1,1,1,1,1,1,1,1,1,1
NHTSA_INA_0099,ARISE,Inattention to the road ahead,NHTSA-derived,coarse,1,1,0,1,0,0,1,1,1,1,0,0.7
NHTSA_INA_0100,ARISE,Inattention to the road ahead,NHTSA-derived,coarse,1,1,1,1,1,0,1,1,1,1,1,0.8400000000000001
NHTSA_INA_0101,ARISE,Inattention to the road ahead,NHTSA-derived,coarse,1,1,0,1,0,0,1,1,1,1,0,0.7
NHTSA_INA_0102,ARISE,Inattention to the road ahead,NHTSA-derived,coarse,1,1,1,1,1,0,1,1,1,1,1,0.8400000000000001
NHTSA_INA_0103,ARISE,Inattention to the road ahead,NHTSA-derived,coarse,1,1,1,1,1,1,1,1,1,1,1,1
NHTSA_INA_0104,ARISE,Inattention to the road ahead,NHTSA-derived,coarse,1,1,0,1,0,0,1,1,1,1,0,0.7
NHTSA_INA_0105,ARISE,Inattention to the road ahead,NHTSA-derived,coarse,1,1,0,1,0,0,1,1,1,1,0,0.7
NHTSA_INA_0106,ARISE,Inattention to the road ahead,NHTSA-derived,coarse,1,1,1,1,1,1,1,1,1,1,1,1
NHTSA_INA_0107,ARISE,Inattention to the road ahead,NHTSA-derived,coarse,1,1,1,1,1,1,1,1,1,1,1,1
NHTSA_INA_0108,ARISE,Inattention to the road ahead,NHTSA-derived,coarse,1,1,1,1,1,1,1,1,1,1,1,1
NHTSA_INA_0109,ARISE,Inattention to the road ahead,NHTSA-derived,coarse,1,1,1,1,1,1,1,1,1,1,1,1
NHTSA_INA_0110,ARISE,Inattention to the road ahead,NHTSA-derived,coarse,1,1,1,1,1,0,1,1,1,1,1,0.8400000000000001
NHTSA_INA_0111,ARISE,Inattention to the road ahead,NHTSA-derived,coarse,1,1,1,1,1,0,1,1,1,1,1,0.8400000000000001
NHTSA_INA_0112,ARISE,Inattention to the road ahead,NHTSA-derived,coarse,1,1,0,1,0,0,1,1,1,1,0,0.7
NHTSA_INA_0113,ARISE,Inattention to the road ahead,NHTSA-derived,coarse,1,1,1,1,1,1,1,1,1,1,1,1
NHTSA_INA_0114,ARISE,Inattention to the road ahead,NHTSA-derived,coarse,1,1,1,1,1,0,1,1,1,1,1,0.8400000000000001
NHTSA_INA_0115,ARISE,Inattention to the road ahead,NHTSA-derived,coarse,1,1,1,1,1,0,1,1,1,1,1,0.8400000000000001
NHTSA_INA_0116,ARISE,Inattention to the road ahead,NHTSA-derived,coarse,1,1,0,1,0,0,1,1,1,1,0,0.7
NHTSA_INA_0117,ARISE,Inattention to the road ahead,NHTSA-derived,coarse,1,1,1,1,1,1,1,1,1,1,1,1
NHTSA_INA_0118,ARISE,Inattention to the road ahead,NHTSA-derived,coarse,1,1,1,1,1,1,1,1,1,1,1,1
NHTSA_INA_0119,ARISE,Inattention to the road ahead,NHTSA-derived,coarse,1,1,1,1,1,1,1,1,1,1,1,1
NHTSA_INA_0120,ARISE,Inattention to the road ahead,NHTSA-derived,coarse,1,1,1,1,1,0,1,1,1,1,1,0.8400000000000001
NHTSA_INA_0121,ARISE,Inattention to the road ahead,NHTSA-derived,coarse,1,1,1,1,1,1,1,1,1,1,1,1
NHTSA_INA_0122,ARISE,Inattention to the road ahead,NHTSA-derived,coarse,1,1,1,1,1,0,1,1,1,1,1,0.8400000000000001
NHTSA_INA_0123,ARISE,Inattention to the road ahead,NHTSA-derived,coarse,1,1,0,1,0,0,1,1,1,1,0,0.7
NHTSA_INA_0124,ARISE,Inattention to the road ahead,NHTSA-derived,coarse,1,1,1,1,1,0,1,1,1,1,1,0.8400000000000001
NHTSA_INA_0125,ARISE,Inattention to the road ahead,NHTSA-derived,coarse,1,1,1,1,1,0,1,1,1,1,1,0.8400000000000001
NHTSA_INA_0126,ARISE,Inattention to the road ahead,NHTSA-derived,coarse,1,1,1,1,1,1,1,1,1,1,1,1
NHTSA_INA_0127,ARISE,Inattention to the road ahead,NHTSA-derived,coarse,1,1,1,1,1,1,1,1,1,1,1,1
NHTSA_INA_0128,ARISE,Inattention to the road ahead,NHTSA-derived,coarse,1,1,1,1,1,0,1,1,1,1,1,0.8400000000000001
NHTSA_INA_0129,ARISE,Inattention to the road ahead,NHTSA-derived,coarse,1,1,1,1,1,1,1,1,1,1,1,1
NHTSA_INA_0130,ARISE,Inattention to the road ahead,NHTSA-derived,coarse,1,1,1,1,1,1,1,1,1,1,1,1
NHTSA_INA_0131,ARISE,Inattention to the road ahead,NHTSA-derived,coarse,1,1,0,1,0,0,1,1,1,1,0,0.7
NHTSA_INA_0132,ARISE,Inattention to the road ahead,NHTSA-derived,coarse,1,1,1,1,1,0,1,1,1,1,1,0.8400000000000001
NHTSA_INA_0133,ARISE,Inattention to the road ahead,NHTSA-derived,coarse,1,1,0,1,0,0,1,1,1,1,0,0.7
NHTSA_INA_0134,ARISE,Inattention to the road ahead,NHTSA-derived,coarse,1,1,0,1,0,0,1,1,1,1,0,0.7
NHTSA_INA_0135,ARISE,Inattention to the road ahead,NHTSA-derived,coarse,1,1,1,1,1,0,1,1,1,1,1,0.8400000000000001
NHTSA_INA_0136,ARISE,Inattention to the road ahead,NHTSA-derived,coarse,1,1,1,1,1,0,1,1,1,1,1,0.8400000000000001
NHTSA_INA_0137,ARISE,Inattention to the road ahead,NHTSA-derived,coarse,1,1,1,1,1,1,1,1,1,1,1,1
NHTSA_INA_0138,ARISE,Inattention to the road ahead,NHTSA-derived,coarse,1,1,1,1,1,1,1,1,1,1,1,1
NHTSA_INA_0139,ARISE,Inattention to the road ahead,NHTSA-derived,coarse,1,1,1,1,1,1,1,1,1,1,1,1
NHTSA_INA_0140,ARISE,Inattention to the road ahead,NHTSA-derived,coarse,1,1,1,1,1,1,1,1,1,1,1,1
NHTSA_INA_0141,ARISE,Inattention to the road ahead,NHTSA-derived,coarse,1,1,1,1,1,0,1,1,1,1,1,0.8400000000000001
NHTSA_INA_0142,ARISE,Inattention to the road ahead,NHTSA-derived,coarse,1,1,1,1,1,0,1,1,1,1,1,0.8400000000000001
NHTSA_INA_0143,ARISE,Inattention to the road ahead,NHTSA-derived,coarse,1,1,1,1,1,1,1,1,1,1,1,1
NHTSA_INA_0144,ARISE,Inattention to the road ahead,NHTSA-derived,coarse,1,1,1,1,1,1,1,1,1,1,1,1
NHTSA_INA_0145,ARISE,Inattention to the road ahead,NHTSA-derived,coarse,1,1,1,1,1,0,1,1,1,1,1,0.8400000000000001
NHTSA_INA_0146,ARISE,Inattention to the road ahead,NHTSA-derived,coarse,1,1,1,1,1,0,1,1,1,1,1,0.8400000000000001
NHTSA_INA_0147,ARISE,Inattention to the road ahead,NHTSA-derived,coarse,1,1,1,1,1,0,1,1,1,1,1,0.8400000000000001
NHTSA_INA_0148,ARISE,Inattention to the road ahead,NHTSA-derived,coarse,1,1,0,1,0,0,1,1,1,1,0,0.7
NHTSA_INA_0149,ARISE,Inattention to the road ahead,NHTSA-derived,coarse,1,1,1,1,1,1,1,1,1,1,1,1
NHTSA_INA_0150,ARISE,Inattention to the road ahead,NHTSA-derived,coarse,1,1,1,1,1,1,1,1,1,1,1,1
NHTSA_INA_0151,ARISE,Inattention to the road ahead,NHTSA-derived,coarse,1,1,0,1,0,0,1,1,1,1,0,0.7
NHTSA_INA_0152,ARISE,Inattention to the road ahead,NHTSA-derived,coarse,1,1,1,1,1,0,1,1,1,1,1,0.8400000000000001
NHTSA_INA_0153,ARISE,Inattention to the road ahead,NHTSA-derived,coarse,1,1,1,1,1,1,1,1,1,1,1,1
NHTSA_INA_0154,ARISE,Inattention to the road ahead,NHTSA-derived,coarse,1,1,1,1,1,1,1,1,1,1,1,1
NHTSA_INA_0155,ARISE,Inattention to the road ahead,NHTSA-derived,coarse,1,1,1,1,1,1,1,1,1,1,1,1
NHTSA_INA_0156,ARISE,Inattention to the road ahead,NHTSA-derived,coarse,1,1,1,1,1,0,1,1,1,1,1,0.8400000000000001
NHTSA_INA_0157,ARISE,Inattention to the road ahead,NHTSA-derived,coarse,1,1,1,1,1,1,1,1,1,1,1,1
NHTSA_INA_0158,ARISE,Inattention to the road ahead,NHTSA-derived,coarse,1,1,1,1,1,1,1,1,1,1,1,1
NHTSA_INA_0159,ARISE,Inattention to the road ahead,NHTSA-derived,coarse,1,1,0,1,0,0,1,1,1,1,0,0.7
NHTSA_INA_0160,ARISE,Inattention to the road ahead,NHTSA-derived,coarse,1,1,0,1,0,0,1,1,1,1,0,0.7
NHTSA_INA_0161,ARISE,Inattention to the road ahead,NHTSA-derived,coarse,1,1,1,1,1,0,1,1,1,1,1,0.8400000000000001
NHTSA_INA_0162,ARISE,Inattention to the road ahead,NHTSA-derived,coarse,1,1,1,1,1,1,1,1,1,1,1,1
NHTSA_INA_0163,ARISE,Inattention to the road ahead,NHTSA-derived,coarse,1,1,1,1,1,0,1,1,1,1,1,0.8400000000000001
NHTSA_INA_0164,ARISE,Inattention to the road ahead,NHTSA-derived,coarse,1,1,1,1,1,0,1,1,1,1,1,0.8400000000000001
NHTSA_INA_0165,ARISE,Inattention to the road ahead,NHTSA-derived,coarse,1,1,1,1,1,0,1,1,1,1,1,0.8400000000000001
NHTSA_INA_0166,ARISE,Inattention to the road ahead,NHTSA-derived,coarse,1,1,0,1,0,0,1,1,1,1,0,0.7
NHTSA_INA_0167,ARISE,Inattention to the road ahead,NHTSA-derived,coarse,1,1,1,1,1,1,1,1,1,1,1,1
NHTSA_INA_0168,ARISE,Inattention to the road ahead,NHTSA-derived,coarse,1,1,1,1,1,1,1,1,1,1,1,1
NHTSA_INA_0169,ARISE,Inattention to the road ahead,NHTSA-derived,coarse,1,1,1,1,1,0,1,1,1,1,1,0.8400000000000001
NHTSA_INA_0170,ARISE,Inattention to the road ahead,NHTSA-derived,coarse,1,1,1,1,1,1,1,1,1,1,1,1
NHTSA_INA_0171,ARISE,Inattention to the road ahead,NHTSA-derived,coarse,1,1,0,1,0,0,1,1,1,1,0,0.7
NHTSA_INA_0172,ARISE,Inattention to the road ahead,NHTSA-derived,coarse,1,1,1,1,1,1,1,1,1,1,1,1
NHTSA_INA_0173,ARISE,Inattention to the road ahead,NHTSA-derived,coarse,1,1,1,1,1,1,1,1,1,1,1,1
NHTSA_INA_0174,ARISE,Inattention to the road ahead,NHTSA-derived,coarse,1,1,1,1,1,0,1,1,1,1,1,0.8400000000000001
NHTSA_INA_0175,ARISE,Inattention to the road ahead,NHTSA-derived,coarse,1,1,1,1,1,1,1,1,1,1,1,1
NHTSA_INA_0176,ARISE,Inattention to the road ahead,NHTSA-derived,coarse,1,1,1,1,1,0,1,1,1,1,1,0.8400000000000001
NHTSA_INA_0177,ARISE,Inattention to the road ahead,NHTSA-derived,coarse,1,1,1,1,1,1,1,1,1,1,1,1
NHTSA_INA_0178,ARISE,Inattention to the road ahead,NHTSA-derived,coarse,1,1,1,1,1,1,1,1,1,1,1,1
NHTSA_INA_0179,ARISE,Inattention to the road ahead,NHTSA-derived,coarse,1,1,1,1,1,1,1,1,1,1,1,1
NHTSA_INA_0180,ARISE,Inattention to the road ahead,NHTSA-derived,coarse,1,1,1,1,1,1,1,1,1,1,1,1
NHTSA_INA_0181,ARISE,Inattention to the road ahead,NHTSA-derived,coarse,1,1,1,1,1,1,1,1,1,1,1,1
NHTSA_INA_0182,ARISE,Inattention to the road ahead,NHTSA-derived,coarse,1,1,1,1,1,0,1,1,1,1,1,0.8400000000000001
NHTSA_INA_0183,ARISE,Inattention to the road ahead,NHTSA-derived,coarse,1,1,1,1,1,1,1,1,1,1,1,1
NHTSA_INA_0184,ARISE,Inattention to the road ahead,NHTSA-derived,coarse,1,1,1,1,1,0,1,1,1,1,1,0.8400000000000001
NHTSA_INA_0185,ARISE,Inattention to the road ahead,NHTSA-derived,coarse,1,1,0,1,0,0,1,1,1,1,0,0.7
NHTSA_INA_0186,ARISE,Inattention to the road ahead,NHTSA-derived,coarse,1,1,1,1,1,1,1,1,1,1,1,1
NHTSA_INA_0187,ARISE,Inattention to the road ahead,NHTSA-derived,coarse,1,1,1,1,1,0,1,1,1,1,1,0.8400000000000001
NHTSA_INA_0188,ARISE,Inattention to the road ahead,NHTSA-derived,coarse,1,1,1,1,1,0,1,1,1,1,1,0.8400000000000001
NHTSA_INA_0189,ARISE,Inattention to the road ahead,NHTSA-derived,coarse,1,1,0,1,0,0,1,1,1,1,0,0.7
NHTSA_INA_0190,ARISE,Inattention to the road ahead,NHTSA-derived,coarse,1,1,1,1,1,1,1,1,1,1,1,1
NHTSA_INA_0191,ARISE,Inattention to the road ahead,NHTSA-derived,coarse,1,1,1,1,1,0,1,1,1,1,1,0.8400000000000001
NHTSA_INA_0192,ARISE,Inattention to the road ahead,NHTSA-derived,coarse,1,1,1,1,1,0,1,1,1,1,1,0.8400000000000001
NHTSA_INA_0193,ARISE,Inattention to the road ahead,NHTSA-derived,coarse,1,1,1,1,1,0,1,1,1,1,1,0.8400000000000001
NHTSA_INA_0194,ARISE,Inattention to the road ahead,NHTSA-derived,coarse,1,1,1,1,1,1,1,1,1,1,1,1
NHTSA_INA_0195,ARISE,Inattention to the road ahead,NHTSA-derived,coarse,1,1,1,1,1,0,1,1,1,1,1,0.8400000000000001
NHTSA_INA_0196,ARISE,Inattention to the road ahead,NHTSA-derived,coarse,1,1,1,1,1,0,1,1,1,1,1,0.8400000000000001
NHTSA_INA_0197,ARISE,Inattention to the road ahead,NHTSA-derived,coarse,1,1,0,1,0,0,1,1,1,1,0,0.7
NHTSA_INA_0198,ARISE,Inattention to the road ahead,NHTSA-derived,coarse,1,1,1,1,1,1,1,1,1,1,1,1
NHTSA_INA_0199,ARISE,Inattention to the road ahead,NHTSA-derived,coarse,1,1,1,1,1,1,1,1,1,1,1,1
NHTSA_INA_0200,ARISE,Inattention to the road ahead,NHTSA-derived,coarse,1,1,1,1,1,0,1,1,1,1,1,0.8400000000000001
NHTSA_INA_0201,ARISE,Inattention to the road ahead,NHTSA-derived,coarse,1,1,0,1,0,0,1,1,1,1,0,0.7
NHTSA_INA_0202,ARISE,Inattention to the road ahead,NHTSA-derived,coarse,1,1,1,1,1,0,1,1,1,1,1,0.8400000000000001
NHTSA_INA_0203,ARISE,Inattention to the road ahead,NHTSA-derived,coarse,1,1,1,1,1,0,1,1,1,1,1,0.8400000000000001
NHTSA_INA_0204,ARISE,Inattention to the road ahead,NHTSA-derived,coarse,1,1,1,1,1,1,1,1,1,1,1,1
NHTSA_INA_0205,ARISE,Inattention to the road ahead,NHTSA-derived,coarse,1,1,0,1,0,0,1,1,1,1,0,0.7
NHTSA_INA_0206,ARISE,Inattention to the road ahead,NHTSA-derived,coarse,1,1,1,1,1,0,1,1,1,1,1,0.8400000000000001
NHTSA_INA_0207,ARISE,Inattention to the road ahead,NHTSA-derived,coarse,1,1,1,1,1,0,1,1,1,1,1,0.8400000000000001
NHTSA_INA_0208,ARISE,Inattention to the road ahead,NHTSA-derived,coarse,1,1,1,1,1,1,1,1,1,1,1,1
NHTSA_INA_0209,ARISE,Inattention to the road ahead,NHTSA-derived,coarse,1,1,1,1,1,0,1,1,1,1,1,0.8400000000000001
NHTSA_INA_0210,ARISE,Inattention to the road ahead,NHTSA-derived,coarse,1,1,1,1,1,1,1,1,1,1,1,1
NHTSA_INA_0211,ARISE,Inattention to the road ahead,NHTSA-derived,coarse,1,1,1,1,1,1,1,1,1,1,1,1
NHTSA_INA_0212,ARISE,Inattention to the road ahead,NHTSA-derived,coarse,1,1,1,1,1,1,1,1,1,1,1,1
NHTSA_INA_0213,ARISE,Inattention to the road ahead,NHTSA-derived,coarse,1,1,1,1,1,0,1,1,1,1,1,0.8400000000000001
NHTSA_INA_0214,ARISE,Inattention to the road ahead,NHTSA-derived,coarse,1,1,1,1,1,0,1,1,1,1,1,0.8400000000000001
NHTSA_INA_0215,ARISE,Inattention to the road ahead,NHTSA-derived,coarse,1,1,1,1,1,1,1,1,1,1,1,1
NHTSA_INA_0216,ARISE,Inattention to the road ahead,NHTSA-derived,coarse,1,1,1,1,1,1,1,1,1,1,1,1
NHTSA_INA_0217,ARISE,Inattention to the road ahead,NHTSA-derived,coarse,1,1,1,1,1,1,1,1,1,1,1,1
NHTSA_INA_0218,ARISE,Inattention to the road ahead,NHTSA-derived,coarse,1,1,1,1,1,0,1,1,1,1,1,0.8400000000000001
NHTSA_INA_0219,ARISE,Inattention to the road ahead,NHTSA-derived,coarse,1,1,0,1,0,0,1,1,1,1,0,0.7
NHTSA_INA_0220,ARISE,Inattention to the road ahead,NHTSA-derived,coarse,1,1,1,1,1,0,1,1,1,1,1,0.8400000000000001
NHTSA_INA_0221,ARISE,Inattention to the road ahead,NHTSA-derived,coarse,1,1,1,1,1,0,1,1,1,1,1,0.8400000000000001
NHTSA_INA_0222,ARISE,Inattention to the road ahead,NHTSA-derived,coarse,1,1,1,1,1,0,1,1,1,1,1,0.8400000000000001
NHTSA_INA_0223,ARISE,Inattention to the road ahead,NHTSA-derived,coarse,1,1,1,1,1,1,1,1,1,1,1,1
NHTSA_INA_0224,ARISE,Inattention to the road ahead,NHTSA-derived,coarse,1,1,1,1,1,0,1,1,1,1,1,0.8400000000000001
NHTSA_INA_0225,ARISE,Inattention to the road ahead,NHTSA-derived,coarse,1,1,0,1,0,0,1,1,1,1,0,0.7
NHTSA_INA_0226,ARISE,Inattention to the road ahead,NHTSA-derived,coarse,1,1,1,1,1,0,1,1,1,1,1,0.8400000000000001
NHTSA_INA_0227,ARISE,Inattention to the road ahead,NHTSA-derived,coarse,1,1,0,1,0,0,1,1,1,1,0,0.7
NHTSA_INA_0228,ARISE,Inattention to the road ahead,NHTSA-derived,coarse,1,1,0,1,0,0,1,1,1,1,0,0.7
NHTSA_INA_0229,ARISE,Inattention to the road ahead,NHTSA-derived,coarse,1,1,1,1,1,0,1,1,1,1,1,0.8400000000000001
NHTSA_INA_0230,ARISE,Inattention to the road ahead,NHTSA-derived,coarse,1,1,1,1,1,0,1,1,1,1,1,0.8400000000000001
NHTSA_INA_0231,ARISE,Inattention to the road ahead,NHTSA-derived,coarse,1,1,1,1,1,1,1,1,1,1,1,1
NHTSA_INA_0232,ARISE,Inattention to the road ahead,NHTSA-derived,coarse,1,1,1,1,1,1,1,1,1,1,1,1
NHTSA_INA_0233,ARISE,Inattention to the road ahead,NHTSA-derived,coarse,1,1,1,1,1,0,1,1,1,1,1,0.8400000000000001
NHTSA_INA_0234,ARISE,Inattention to the road ahead,NHTSA-derived,coarse,1,1,1,1,1,1,1,1,1,1,1,1
NHTSA_INA_0235,ARISE,Inattention to the road ahead,NHTSA-derived,coarse,1,1,1,1,1,1,1,1,1,1,1,1
NHTSA_INA_0236,ARISE,Inattention to the road ahead,NHTSA-derived,coarse,1,1,0,1,0,0,1,1,1,1,0,0.7
NHTSA_INA_0237,ARISE,Inattention to the road ahead,NHTSA-derived,coarse,1,1,1,1,1,0,1,1,1,1,1,0.8400000000000001
NHTSA_INA_0238,ARISE,Inattention to the road ahead,NHTSA-derived,coarse,1,1,1,1,1,0,1,1,1,1,1,0.8400000000000001
NHTSA_INA_0239,ARISE,Inattention to the road ahead,NHTSA-derived,coarse,1,1,1,1,1,0,1,1,1,1,1,0.8400000000000001
NHTSA_INA_0240,ARISE,Inattention to the road ahead,NHTSA-derived,coarse,1,1,1,1,1,0,1,1,1,1,1,0.8400000000000001
NHTSA_INA_0241,ARISE,Inattention to the road ahead,NHTSA-derived,coarse,1,1,0,1,0,0,1,1,1,1,0,0.7
NHTSA_INA_0242,ARISE,Inattention to the road ahead,NHTSA-derived,coarse,1,1,1,1,1,1,1,1,1,1,1,1
NHTSA_INA_0243,ARISE,Inattention to the road ahead,NHTSA-derived,coarse,1,1,1,1,1,0,1,1,1,1,1,0.8400000000000001
NHTSA_INA_0244,ARISE,Inattention to the road ahead,NHTSA-derived,coarse,1,1,1,1,1,1,1,1,1,1,1,1
NHTSA_INA_0245,ARISE,Inattention to the road ahead,NHTSA-derived,coarse,1,1,1,1,1,0,1,1,1,1,1,0.8400000000000001
NHTSA_INA_0246,ARISE,Inattention to the road ahead,NHTSA-derived,coarse,1,1,1,1,1,1,1,1,1,1,1,1
NHTSA_INA_0247,ARISE,Inattention to the road ahead,NHTSA-derived,coarse,1,1,1,1,1,1,1,1,1,1,1,1
NHTSA_INA_0248,ARISE,Inattention to the road ahead,NHTSA-derived,coarse,1,1,1,1,1,1,1,1,1,1,1,1
NHTSA_INA_0249,ARISE,Inattention to the road ahead,NHTSA-derived,coarse,1,1,1,1,1,1,1,1,1,1,1,1
NHTSA_INA_0250,ARISE,Inattention to the road ahead,NHTSA-derived,coarse,1,1,1,1,1,0,1,1,1,1,1,0.8400000000000001
NHTSA_INA_0251,ARISE,Inattention to the road ahead,NHTSA-derived,coarse,1,1,1,1,1,0,1,1,1,1,1,0.8400000000000001
NHTSA_INA_0252,ARISE,Inattention to the road ahead,NHTSA-derived,coarse,1,1,1,1,1,1,1,1,1,1,1,1
NHTSA_INA_0253,ARISE,Inattention to the road ahead,NHTSA-derived,coarse,1,1,0,1,0,0,1,1,1,1,0,0.7
NHTSA_INA_0254,ARISE,Inattention to the road ahead,NHTSA-derived,coarse,1,1,1,1,1,0,1,1,1,1,1,0.8400000000000001
NHTSA_INA_0255,ARISE,Inattention to the road ahead,NHTSA-derived,coarse,1,1,1,1,1,0,1,1,1,1,1,0.8400000000000001
NHTSA_INA_0256,ARISE,Inattention to the road ahead,NHTSA-derived,coarse,1,1,1,1,1,1,1,1,1,1,1,1
NHTSA_INA_0257,ARISE,Inattention to the road ahead,NHTSA-derived,coarse,1,1,1,1,1,1,1,1,1,1,1,1
NHTSA_INA_0258,ARISE,Inattention to the road ahead,NHTSA-derived,coarse,1,1,1,1,1,1,1,1,1,1,1,1
NHTSA_INA_0259,ARISE,Inattention to the road ahead,NHTSA-derived,coarse,1,1,1,1,1,0,1,1,1,1,1,0.8400000000000001
NHTSA_INA_0260,ARISE,Inattention to the road ahead,NHTSA-derived,coarse,1,1,1,1,1,1,1,1,1,1,1,1
NHTSA_INA_0261,ARISE,Inattention to the road ahead,NHTSA-derived,coarse,1,1,1,1,1,1,1,1,1,1,1,1
NHTSA_INA_0262,ARISE,Inattention to the road ahead,NHTSA-derived,coarse,1,1,0,1,0,0,1,1,1,1,0,0.7
NHTSA_INA_0263,ARISE,Inattention to the road ahead,NHTSA-derived,coarse,1,1,1,1,1,1,1,1,1,1,1,1
NHTSA_INA_0264,ARISE,Inattention to the road ahead,NHTSA-derived,coarse,1,1,1,1,1,0,1,1,1,1,1,0.8400000000000001
NHTSA_INA_0265,ARISE,Inattention to the road ahead,NHTSA-derived,coarse,1,1,1,1,1,1,1,1,1,1,1,1
NHTSA_INA_0266,ARISE,Inattention to the road ahead,NHTSA-derived,coarse,1,1,0,1,0,0,1,1,1,1,0,0.7
NHTSA_INA_0267,ARISE,Inattention to the road ahead,NHTSA-derived,coarse,1,1,1,1,1,1,1,1,1,1,1,1
NHTSA_INA_0268,ARISE,Inattention to the road ahead,NHTSA-derived,coarse,1,1,0,1,0,0,1,1,1,1,0,0.7
NHTSA_INA_0269,ARISE,Inattention to the road ahead,NHTSA-derived,coarse,1,1,1,1,1,1,1,1,1,1,1,1
NHTSA_INA_0270,ARISE,Inattention to the road ahead,NHTSA-derived,coarse,1,1,1,1,1,0,1,1,1,1,1,0.8400000000000001
NHTSA_INA_0271,ARISE,Inattention to the road ahead,NHTSA-derived,coarse,1,1,1,1,1,1,1,1,1,1,1,1
NHTSA_INA_0272,ARISE,Inattention to the road ahead,NHTSA-derived,coarse,1,1,1,1,1,0,1,1,1,1,1,0.8400000000000001
NHTSA_INA_0273,ARISE,Inattention to the road ahead,NHTSA-derived,coarse,1,1,1,1,1,1,1,1,1,1,1,1
NHTSA_INA_0274,ARISE,Inattention to the road ahead,NHTSA-derived,coarse,1,1,1,1,1,1,1,1,1,1,1,1
NHTSA_INA_0275,ARISE,Inattention to the road ahead,NHTSA-derived,coarse,1,1,1,1,1,0,1,1,1,1,1,0.8400000000000001
NHTSA_INA_0276,ARISE,Inattention to the road ahead,NHTSA-derived,coarse,1,1,1,1,1,1,1,1,1,1,1,1
NHTSA_INA_0277,ARISE,Inattention to the road ahead,NHTSA-derived,coarse,1,1,1,1,1,1,1,1,1,1,1,1
NHTSA_INA_0278,ARISE,Inattention to the road ahead,NHTSA-derived,coarse,1,1,0,1,0,0,1,1,1,1,0,0.7
NHTSA_INA_0279,ARISE,Inattention to the road ahead,NHTSA-derived,coarse,1,1,1,1,1,0,1,1,1,1,1,0.8400000000000001
NHTSA_INA_0280,ARISE,Inattention to the road ahead,NHTSA-derived,coarse,1,1,1,1,1,0,1,1,1,1,1,0.8400000000000001
NHTSA_INA_0281,ARISE,Inattention to the road ahead,NHTSA-derived,coarse,1,1,1,1,1,0,1,1,1,1,1,0.8400000000000001
NHTSA_INA_0282,ARISE,Inattention to the road ahead,NHTSA-derived,coarse,1,1,1,1,1,0,1,1,1,1,1,0.8400000000000001
NHTSA_INA_0283,ARISE,Inattention to the road ahead,NHTSA-derived,coarse,1,1,1,1,1,1,1,1,1,1,1,1
NHTSA_INA_0284,ARISE,Inattention to the road ahead,NHTSA-derived,coarse,1,1,1,1,1,0,1,1,1,1,1,0.8400000000000001
NHTSA_INA_0285,ARISE,Inattention to the road ahead,NHTSA-derived,coarse,1,1,1,1,1,1,1,1,1,1,1,1
NHTSA_INA_0286,ARISE,Inattention to the road ahead,NHTSA-derived,coarse,1,1,1,1,1,1,1,1,1,1,1,1
NHTSA_INA_0287,ARISE,Inattention to the road ahead,NHTSA-derived,coarse,1,1,1,1,1,1,1,1,1,1,1,1
NHTSA_INA_0288,ARISE,Inattention to the road ahead,NHTSA-derived,coarse,1,1,1,1,1,0,1,1,1,1,1,0.8400000000000001
NHTSA_INA_0289,ARISE,Inattention to the road ahead,NHTSA-derived,coarse,1,1,1,1,1,0,1,1,1,1,1,0.8400000000000001
NHTSA_INA_0290,ARISE,Inattention to the road ahead,NHTSA-derived,coarse,1,1,1,1,1,1,1,1,1,1,1,1
NHTSA_INA_0291,ARISE,Inattention to the road ahead,NHTSA-derived,coarse,1,1,1,1,1,1,1,1,1,1,1,1
NHTSA_INA_0292,ARISE,Inattention to the road ahead,NHTSA-derived,coarse,1,1,1,1,1,0,1,1,1,1,1,0.8400000000000001
NHTSA_INA_0293,ARISE,Inattention to the road ahead,NHTSA-derived,coarse,1,1,1,1,1,0,1,1,1,1,1,0.8400000000000001
NHTSA_INA_0294,ARISE,Inattention to the road ahead,NHTSA-derived,coarse,1,1,1,1,1,0,1,1,1,1,1,0.8400000000000001
NHTSA_INA_0295,ARISE,Inattention to the road ahead,NHTSA-derived,coarse,1,1,1,1,1,0,1,1,1,1,1,0.8400000000000001
NHTSA_INA_0296,ARISE,Inattention to the road ahead,NHTSA-derived,coarse,1,1,1,1,1,0,1,1,1,1,1,0.8400000000000001
NHTSA_INA_0297,ARISE,Inattention to the road ahead,NHTSA-derived,coarse,1,1,1,1,1,0,1,1,1,1,1,0.8400000000000001
NHTSA_INA_0298,ARISE,Inattention to the road ahead,NHTSA-derived,coarse,1,1,1,1,1,1,1,1,1,1,1,1
NHTSA_INA_0299,ARISE,Inattention to the road ahead,NHTSA-derived,coarse,1,1,1,1,1,1,1,1,1,1,1,1
NHTSA_INA_0300,ARISE,Inattention to the road ahead,NHTSA-derived,coarse,1,1,1,1,1,0,1,1,1,1,1,0.8400000000000001
NHTSA_INA_0301,ARISE,Inattention to the road ahead,NHTSA-derived,coarse,1,1,1,1,1,0,1,1,1,1,1,0.8400000000000001
NHTSA_INA_0302,ARISE,Inattention to the road ahead,NHTSA-derived,coarse,1,1,0,1,0,0,1,1,1,1,0,0.7
NHTSA_INA_0303,ARISE,Inattention to the road ahead,NHTSA-derived,coarse,1,1,1,1,1,1,1,1,1,1,1,1
NHTSA_INA_0304,ARISE,Inattention to the road ahead,NHTSA-derived,coarse,1,1,1,1,1,0,1,1,1,1,1,0.8400000000000001
NHTSA_INA_0305,ARISE,Inattention to the road ahead,NHTSA-derived,coarse,1,1,1,1,1,0,1,1,1,1,1,0.8400000000000001
NHTSA_INA_0306,ARISE,Inattention to the road ahead,NHTSA-derived,coarse,1,1,0,1,0,0,1,1,1,1,0,0.7
NHTSA_INA_0307,ARISE,Inattention to the road ahead,NHTSA-derived,coarse,1,1,1,1,1,0,1,1,1,1,1,0.8400000000000001
NHTSA_INA_0308,ARISE,Inattention to the road ahead,NHTSA-derived,coarse,1,1,1,1,1,1,1,1,1,1,1,1
NHTSA_INA_0309,ARISE,Inattention to the road ahead,NHTSA-derived,coarse,1,1,1,1,1,1,1,1,1,1,1,1
NHTSA_INA_0310,ARISE,Inattention to the road ahead,NHTSA-derived,coarse,1,1,1,1,1,1,1,1,1,1,1,1
NHTSA_INA_0311,ARISE,Inattention to the road ahead,NHTSA-derived,coarse,1,1,1,1,1,1,1,1,1,1,1,1
NHTSA_INA_0312,ARISE,Inattention to the road ahead,NHTSA-derived,coarse,1,1,1,1,1,0,1,1,1,1,1,0.8400000000000001
NHTSA_INA_0313,ARISE,Inattention to the road ahead,NHTSA-derived,coarse,1,1,1,1,1,1,1,1,1,1,1,1
NHTSA_INA_0314,ARISE,Inattention to the road ahead,NHTSA-derived,coarse,1,1,1,1,1,0,1,1,1,1,1,0.8400000000000001
NHTSA_INA_0315,ARISE,Inattention to the road ahead,NHTSA-derived,coarse,1,1,1,1,1,1,1,1,1,1,1,1
NHTSA_INA_0316,ARISE,Inattention to the road ahead,NHTSA-derived,coarse,1,1,1,1,1,0,1,1,1,1,1,0.8400000000000001
NHTSA_INA_0317,ARISE,Inattention to the road ahead,NHTSA-derived,coarse,1,1,1,1,1,0,1,1,1,1,1,0.8400000000000001
NHTSA_INA_0318,ARISE,Inattention to the road ahead,NHTSA-derived,coarse,1,1,1,1,1,1,1,1,1,1,1,1
NHTSA_INA_0319,ARISE,Inattention to the road ahead,NHTSA-derived,coarse,1,1,0,1,0,0,1,1,1,1,0,0.7
NHTSA_INA_0320,ARISE,Inattention to the road ahead,NHTSA-derived,coarse,1,1,1,1,1,1,1,1,1,1,1,1
NHTSA_INA_0321,ARISE,Inattention to the road ahead,NHTSA-derived,coarse,1,1,1,1,1,1,1,1,1,1,1,1
NHTSA_INA_0322,ARISE,Inattention to the road ahead,NHTSA-derived,coarse,1,1,0,1,0,0,1,1,1,1,0,0.7
NHTSA_INA_0323,ARISE,Inattention to the road ahead,NHTSA-derived,coarse,1,1,0,1,0,0,1,1,1,1,0,0.7
NHTSA_INA_0324,ARISE,Inattention to the road ahead,NHTSA-derived,coarse,1,1,1,1,1,0,1,1,1,1,1,0.8400000000000001
NHTSA_INA_0325,ARISE,Inattention to the road ahead,NHTSA-derived,coarse,1,1,1,1,1,1,1,1,1,1,1,1
NHTSA_INA_0326,ARISE,Inattention to the road ahead,NHTSA-derived,coarse,1,1,1,1,1,1,1,1,1,1,1,1
NHTSA_INA_0327,ARISE,Inattention to the road ahead,NHTSA-derived,coarse,1,1,1,1,1,1,1,1,1,1,1,1
NHTSA_INA_0328,ARISE,Inattention to the road ahead,NHTSA-derived,coarse,1,1,1,1,1,1,1,1,1,1,1,1
NHTSA_INA_0329,ARISE,Inattention to the road ahead,NHTSA-derived,coarse,1,1,1,1,1,1,1,1,1,1,1,1
NHTSA_INA_0330,ARISE,Inattention to the road ahead,NHTSA-derived,coarse,1,1,0,1,0,0,1,1,1,1,0,0.7
NHTSA_INA_0331,ARISE,Inattention to the road ahead,NHTSA-derived,coarse,1,1,1,1,1,0,1,1,1,1,1,0.8400000000000001
NHTSA_INA_0332,ARISE,Inattention to the road ahead,NHTSA-derived,coarse,1,1,0,1,0,0,1,1,1,1,0,0.7
NHTSA_INA_0333,ARISE,Inattention to the road ahead,NHTSA-derived,coarse,1,1,1,1,1,1,1,1,1,1,1,1
NHTSA_INA_0334,ARISE,Inattention to the road ahead,NHTSA-derived,coarse,1,1,1,1,1,1,1,1,1,1,1,1
NHTSA_INA_0335,ARISE,Inattention to the road ahead,NHTSA-derived,coarse,1,1,1,1,1,1,1,1,1,1,1,1
NHTSA_INA_0336,ARISE,Inattention to the road ahead,NHTSA-derived,coarse,1,1,1,1,1,0,1,1,1,1,1,0.8400000000000001
NHTSA_INA_0337,ARISE,Inattention to the road ahead,NHTSA-derived,coarse,1,1,1,1,1,1,1,1,1,1,1,1
NHTSA_INA_0338,ARISE,Inattention to the road ahead,NHTSA-derived,coarse,1,1,1,1,1,1,1,1,1,1,1,1
NHTSA_INA_0339,ARISE,Inattention to the road ahead,NHTSA-derived,coarse,1,1,1,1,1,1,1,1,1,1,1,1
NHTSA_INA_0340,ARISE,Inattention to the road ahead,NHTSA-derived,coarse,1,1,1,1,1,0,1,1,1,1,1,0.8400000000000001
NHTSA_INA_0341,ARISE,Inattention to the road ahead,NHTSA-derived,coarse,1,1,0,1,0,0,1,1,1,1,0,0.7
NHTSA_INA_0342,ARISE,Inattention to the road ahead,NHTSA-derived,coarse,1,1,0,1,0,0,1,1,1,1,0,0.7
NHTSA_INA_0343,ARISE,Inattention to the road ahead,NHTSA-derived,coarse,1,1,1,1,1,0,1,1,1,1,1,0.8400000000000001
NHTSA_INA_0344,ARISE,Inattention to the road ahead,NHTSA-derived,coarse,1,1,1,1,1,0,1,1,1,1,1,0.8400000000000001
NHTSA_INA_0345,ARISE,Inattention to the road ahead,NHTSA-derived,coarse,1,1,1,1,1,1,1,1,1,1,1,1
NHTSA_INA_0346,ARISE,Inattention to the road ahead,NHTSA-derived,coarse,1,1,1,1,1,0,1,1,1,1,1,0.8400000000000001
NHTSA_INA_0347,ARISE,Inattention to the road ahead,NHTSA-derived,coarse,1,1,1,1,1,0,1,1,1,1,1,0.8400000000000001
NHTSA_INA_0348,ARISE,Inattention to the road ahead,NHTSA-derived,coarse,1,1,1,1,1,1,1,1,1,1,1,1
NHTSA_INA_0349,ARISE,Inattention to the road ahead,NHTSA-derived,coarse,1,1,1,1,1,0,1,1,1,1,1,0.8400000000000001
NHTSA_INA_0350,ARISE,Inattention to the road ahead,NHTSA-derived,coarse,1,1,1,1,1,1,1,1,1,1,1,1
NHTSA_INA_0351,ARISE,Inattention to the road ahead,NHTSA-derived,coarse,1,1,0,1,0,0,1,1,1,1,0,0.7
NHTSA_INA_0352,ARISE,Inattention to the road ahead,NHTSA-derived,coarse,1,1,1,1,1,0,1,1,1,1,1,0.8400000000000001
NHTSA_INA_0353,ARISE,Inattention to the road ahead,NHTSA-derived,coarse,1,1,1,1,1,0,1,1,1,1,1,0.8400000000000001
NHTSA_INA_0354,ARISE,Inattention to the road ahead,NHTSA-derived,coarse,1,1,1,1,1,0,1,1,1,1,1,0.8400000000000001
NHTSA_INA_0355,ARISE,Inattention to the road ahead,NHTSA-derived,coarse,1,1,1,1,1,1,1,1,1,1,1,1
NHTSA_INA_0356,ARISE,Inattention to the road ahead,NHTSA-derived,coarse,1,1,1,1,1,1,1,1,1,1,1,1
NHTSA_INA_0357,ARISE,Inattention to the road ahead,NHTSA-derived,coarse,1,1,1,1,1,1,1,1,1,1,1,1
NHTSA_INA_0358,ARISE,Inattention to the road ahead,NHTSA-derived,coarse,1,1,1,1,1,0,1,1,1,1,1,0.8400000000000001
NHTSA_INA_0359,ARISE,Inattention to the road ahead,NHTSA-derived,coarse,1,1,1,1,1,1,1,1,1,1,1,1
NHTSA_INA_0360,ARISE,Inattention to the road ahead,NHTSA-derived,coarse,1,1,1,1,1,1,1,1,1,1,1,1
NHTSA_INA_0361,ARISE,Inattention to the road ahead,NHTSA-derived,coarse,1,1,1,1,1,0,1,1,1,1,1,0.8400000000000001
NHTSA_INA_0362,ARISE,Inattention to the road ahead,NHTSA-derived,coarse,1,1,1,1,1,0,1,1,1,1,1,0.8400000000000001
NHTSA_INA_0363,ARISE,Inattention to the road ahead,NHTSA-derived,coarse,1,1,1,1,1,1,1,1,1,1,1,1
NHTSA_INA_0364,ARISE,Inattention to the road ahead,NHTSA-derived,coarse,1,1,1,1,1,1,1,1,1,1,1,1
NHTSA_INA_0365,ARISE,Inattention to the road ahead,NHTSA-derived,coarse,1,1,1,1,1,1,1,1,1,1,1,1
NHTSA_INA_0366,ARISE,Inattention to the road ahead,NHTSA-derived,coarse,1,1,1,1,1,0,1,1,1,1,1,0.8400000000000001
NHTSA_INA_0367,ARISE,Inattention to the road ahead,NHTSA-derived,coarse,1,1,1,1,1,0,1,1,1,1,1,0.8400000000000001
NHTSA_INA_0368,ARISE,Inattention to the road ahead,NHTSA-derived,coarse,1,1,1,1,1,0,1,1,1,1,1,0.8400000000000001
NHTSA_INA_0369,ARISE,Inattention to the road ahead,NHTSA-derived,coarse,1,1,1,1,1,0,1,1,1,1,1,0.8400000000000001
NHTSA_INA_0370,ARISE,Inattention to the road ahead,NHTSA-derived,coarse,1,1,1,1,1,1,1,1,1,1,1,1
NHTSA_INA_0371,ARISE,Inattention to the road ahead,NHTSA-derived,coarse,1,1,1,1,1,1,1,1,1,1,1,1
NHTSA_INA_0372,ARISE,Inattention to the road ahead,NHTSA-derived,coarse,1,1,1,1,1,0,1,1,1,1,1,0.8400000000000001
NHTSA_INA_0373,ARISE,Inattention to the road ahead,NHTSA-derived,coarse,1,1,1,1,1,0,1,1,1,1,1,0.8400000000000001
NHTSA_INA_0374,ARISE,Inattention to the road ahead,NHTSA-derived,coarse,1,1,1,1,1,1,1,1,1,1,1,1
NHTSA_INA_0375,ARISE,Inattention to the road ahead,NHTSA-derived,coarse,1,1,1,1,1,1,1,1,1,1,1,1
NHTSA_INA_0376,ARISE,Inattention to the road ahead,NHTSA-derived,coarse,1,1,1,1,1,0,1,1,1,1,1,0.8400000000000001
NHTSA_INA_0377,ARISE,Inattention to the road ahead,NHTSA-derived,coarse,1,1,1,1,1,1,1,1,1,1,1,1
NHTSA_INA_0378,ARISE,Inattention to the road ahead,NHTSA-derived,coarse,1,1,1,1,1,1,1,1,1,1,1,1
NHTSA_INA_0379,ARISE,Inattention to the road ahead,NHTSA-derived,coarse,1,1,1,1,1,1,1,1,1,1,1,1
NHTSA_INA_0380,ARISE,Inattention to the road ahead,NHTSA-derived,coarse,1,1,1,1,1,0,1,1,1,1,1,0.8400000000000001
NHTSA_INA_0381,ARISE,Inattention to the road ahead,NHTSA-derived,coarse,1,1,1,1,1,1,1,1,1,1,1,1
NHTSA_INA_0382,ARISE,Inattention to the road ahead,NHTSA-derived,coarse,1,1,0,1,0,0,1,1,1,1,0,0.7
NHTSA_INA_0383,ARISE,Inattention to the road ahead,NHTSA-derived,coarse,1,1,0,1,0,0,1,1,1,1,0,0.7
NHTSA_INA_0384,ARISE,Inattention to the road ahead,NHTSA-derived,coarse,1,1,1,1,1,0,1,1,1,1,1,0.8400000000000001
NHTSA_INA_0385,ARISE,Inattention to the road ahead,NHTSA-derived,coarse,1,1,1,1,1,1,1,1,1,1,1,1
NHTSA_INA_0386,ARISE,Inattention to the road ahead,NHTSA-derived,coarse,1,1,0,1,0,0,1,1,1,1,0,0.7
NHTSA_INA_0387,ARISE,Inattention to the road ahead,NHTSA-derived,coarse,1,1,1,1,1,1,1,1,1,1,1,1
NHTSA_INA_0388,ARISE,Inattention to the road ahead,NHTSA-derived,coarse,1,1,1,1,1,1,1,1,1,1,1,1
NHTSA_INA_0389,ARISE,Inattention to the road ahead,NHTSA-derived,coarse,1,1,1,1,1,0,1,1,1,1,1,0.8400000000000001
NHTSA_INA_0390,ARISE,Inattention to the road ahead,NHTSA-derived,coarse,1,1,1,1,1,1,1,1,1,1,1,1
NHTSA_INA_0391,ARISE,Inattention to the road ahead,NHTSA-derived,coarse,1,1,0,1,0,0,1,1,1,1,0,0.7
NHTSA_INA_0392,ARISE,Inattention to the road ahead,NHTSA-derived,coarse,1,1,1,1,1,1,1,1,1,1,1,1
NHTSA_INA_0393,ARISE,Inattention to the road ahead,NHTSA-derived,coarse,1,1,1,1,1,1,1,1,1,1,1,1
NHTSA_INA_0394,ARISE,Inattention to the road ahead,NHTSA-derived,coarse,1,1,1,1,1,0,1,1,1,1,1,0.8400000000000001
NHTSA_INA_0395,ARISE,Inattention to the road ahead,NHTSA-derived,coarse,1,1,1,1,1,0,1,1,1,1,1,0.8400000000000001
NHTSA_INA_0396,ARISE,Inattention to the road ahead,NHTSA-derived,coarse,1,1,1,1,1,0,1,1,1,1,1,0.8400000000000001
NHTSA_INA_0397,ARISE,Inattention to the road ahead,NHTSA-derived,coarse,1,1,1,1,1,0,1,1,1,1,1,0.8400000000000001
NHTSA_INA_0398,ARISE,Inattention to the road ahead,NHTSA-derived,coarse,1,1,1,1,1,1,1,1,1,1,1,1
NHTSA_INA_0399,ARISE,Inattention to the road ahead,NHTSA-derived,coarse,1,1,1,1,1,1,1,1,1,1,1,1
NHTSA_INA_0400,ARISE,Inattention to the road ahead,NHTSA-derived,coarse,1,1,1,1,1,0,1,1,1,1,1,0.8400000000000001
NHTSA_INA_0401,ARISE,Inattention to the road ahead,NHTSA-derived,coarse,1,1,0,1,0,0,1,1,1,1,0,0.7
NHTSA_INA_0402,ARISE,Inattention to the road ahead,NHTSA-derived,coarse,1,1,1,1,1,1,1,1,1,1,1,1
NHTSA_INA_0403,ARISE,Inattention to the road ahead,NHTSA-derived,coarse,1,1,1,1,1,0,1,1,1,1,1,0.8400000000000001
NHTSA_INA_0404,ARISE,Inattention to the road ahead,NHTSA-derived,coarse,1,1,0,1,0,0,1,1,1,1,0,0.7
NHTSA_INA_0405,ARISE,Inattention to the road ahead,NHTSA-derived,coarse,1,1,0,1,0,0,1,1,1,1,0,0.7
NHTSA_INA_0406,ARISE,Inattention to the road ahead,NHTSA-derived,coarse,1,1,1,1,1,1,1,1,1,1,1,1
NHTSA_INA_0407,ARISE,Inattention to the road ahead,NHTSA-derived,coarse,1,1,1,1,1,1,1,1,1,1,1,1
NHTSA_INA_0408,ARISE,Inattention to the road ahead,NHTSA-derived,coarse,1,1,1,1,1,0,1,1,1,1,1,0.8400000000000001
NHTSA_INA_0409,ARISE,Inattention to the road ahead,NHTSA-derived,coarse,1,1,1,1,1,0,1,1,1,1,1,0.8400000000000001
NHTSA_INA_0410,ARISE,Inattention to the road ahead,NHTSA-derived,coarse,1,1,1,1,1,0,1,1,1,1,1,0.8400000000000001
NHTSA_INA_0411,ARISE,Inattention to the road ahead,NHTSA-derived,coarse,1,1,1,1,1,1,1,1,1,1,1,1
NHTSA_INA_0412,ARISE,Inattention to the road ahead,NHTSA-derived,coarse,1,1,1,1,1,1,1,1,1,1,1,1
NHTSA_INA_0413,ARISE,Inattention to the road ahead,NHTSA-derived,coarse,1,1,1,1,1,1,1,1,1,1,1,1
NHTSA_INA_0414,ARISE,Inattention to the road ahead,NHTSA-derived,coarse,1,1,1,1,1,0,1,1,1,1,1,0.8400000000000001
NHTSA_INA_0415,ARISE,Inattention to the road ahead,NHTSA-derived,coarse,1,1,1,1,1,0,1,1,1,1,1,0.8400000000000001
NHTSA_INA_0416,ARISE,Inattention to the road ahead,NHTSA-derived,coarse,1,1,1,1,1,1,1,1,1,1,1,1
NHTSA_INA_0417,ARISE,Inattention to the road ahead,NHTSA-derived,coarse,1,1,1,1,1,1,1,1,1,1,1,1
NHTSA_INA_0418,ARISE,Inattention to the road ahead,NHTSA-derived,coarse,1,1,0,1,0,0,1,1,1,1,0,0.7
NHTSA_INA_0419,ARISE,Inattention to the road ahead,NHTSA-derived,coarse,1,1,1,1,1,1,1,1,1,1,1,1
NHTSA_INA_0420,ARISE,Inattention to the road ahead,NHTSA-derived,coarse,1,1,1,1,1,1,1,1,1,1,1,1
NHTSA_INA_0421,ARISE,Inattention to the road ahead,NHTSA-derived,coarse,1,1,1,1,1,1,1,1,1,1,1,1
NHTSA_INA_0422,ARISE,Inattention to the road ahead,NHTSA-derived,coarse,1,1,1,1,1,1,1,1,1,1,1,1
NHTSA_INA_0423,ARISE,Inattention to the road ahead,NHTSA-derived,coarse,1,1,1,1,1,1,1,1,1,1,1,1
NHTSA_INA_0424,ARISE,Inattention to the road ahead,NHTSA-derived,coarse,1,1,1,1,1,0,1,1,1,1,1,0.8400000000000001
NHTSA_INA_0425,ARISE,Inattention to the road ahead,NHTSA-derived,coarse,1,1,1,1,1,1,1,1,1,1,1,1
NHTSA_INA_0426,ARISE,Inattention to the road ahead,NHTSA-derived,coarse,1,1,1,1,1,0,1,1,1,1,1,0.8400000000000001
NHTSA_INA_0427,ARISE,Inattention to the road ahead,NHTSA-derived,coarse,1,1,1,1,1,1,1,1,1,1,1,1
NHTSA_INA_0428,ARISE,Inattention to the road ahead,NHTSA-derived,coarse,1,1,1,1,1,1,1,1,1,1,1,1
NHTSA_INA_0429,ARISE,Inattention to the road ahead,NHTSA-derived,coarse,1,1,1,1,1,1,1,1,1,1,1,1
NHTSA_INA_0430,ARISE,Inattention to the road ahead,NHTSA-derived,coarse,1,1,1,1,1,0,1,1,1,1,1,0.8400000000000001
NHTSA_INA_0431,ARISE,Inattention to the road ahead,NHTSA-derived,coarse,1,1,1,1,1,0,1,1,1,1,1,0.8400000000000001
NHTSA_INA_0432,ARISE,Inattention to the road ahead,NHTSA-derived,coarse,1,1,1,1,1,1,1,1,1,1,1,1
NHTSA_INA_0433,ARISE,Inattention to the road ahead,NHTSA-derived,coarse,1,1,1,1,1,0,1,1,1,1,1,0.8400000000000001
NHTSA_INA_0434,ARISE,Inattention to the road ahead,NHTSA-derived,coarse,1,1,1,1,1,1,1,1,1,1,1,1
NHTSA_INA_0435,ARISE,Inattention to the road ahead,NHTSA-derived,coarse,1,1,1,1,1,1,1,1,1,1,1,1
NHTSA_INA_0436,ARISE,Inattention to the road ahead,NHTSA-derived,coarse,1,1,1,1,1,0,1,1,1,1,1,0.8400000000000001
NHTSA_INA_0437,ARISE,Inattention to the road ahead,NHTSA-derived,coarse,1,1,1,1,1,0,1,1,1,1,1,0.8400000000000001
NHTSA_INA_0438,ARISE,Inattention to the road ahead,NHTSA-derived,coarse,1,1,1,1,1,0,1,1,1,1,1,0.8400000000000001
NHTSA_INA_0439,ARISE,Inattention to the road ahead,NHTSA-derived,coarse,1,1,1,1,1,0,1,1,1,1,1,0.8400000000000001
NHTSA_INA_0440,ARISE,Inattention to the road ahead,NHTSA-derived,coarse,1,1,1,1,1,1,1,1,1,1,1,1
NHTSA_INA_0441,ARISE,Inattention to the road ahead,NHTSA-derived,coarse,1,1,1,1,1,1,1,1,1,1,1,1
NHTSA_INA_0442,ARISE,Inattention to the road ahead,NHTSA-derived,coarse,1,1,1,1,1,1,1,1,1,1,1,1
NHTSA_INA_0443,ARISE,Inattention to the road ahead,NHTSA-derived,coarse,1,1,0,1,0,0,1,1,1,1,0,0.7
NHTSA_INA_0444,ARISE,Inattention to the road ahead,NHTSA-derived,coarse,1,1,1,1,1,0,1,1,1,1,1,0.8400000000000001
NHTSA_INA_0445,ARISE,Inattention to the road ahead,NHTSA-derived,coarse,1,1,1,1,1,1,1,1,1,1,1,1
NHTSA_INA_0446,ARISE,Inattention to the road ahead,NHTSA-derived,coarse,1,1,1,1,1,1,1,1,1,1,1,1
NHTSA_INA_0447,ARISE,Inattention to the road ahead,NHTSA-derived,coarse,1,1,1,1,1,1,1,1,1,1,1,1
NHTSA_INA_0448,ARISE,Inattention to the road ahead,NHTSA-derived,coarse,1,1,1,1,1,1,1,1,1,1,1,1
NHTSA_INA_0449,ARISE,Inattention to the road ahead,NHTSA-derived,coarse,1,1,1,1,1,1,1,1,1,1,1,1
NHTSA_INA_0450,ARISE,Inattention to the road ahead,NHTSA-derived,coarse,1,1,0,1,0,0,1,1,1,1,0,0.7
NHTSA_INA_0451,ARISE,Inattention to the road ahead,NHTSA-derived,coarse,1,1,1,1,1,0,1,1,1,1,1,0.8400000000000001
NHTSA_INA_0452,ARISE,Inattention to the road ahead,NHTSA-derived,coarse,1,1,1,1,1,0,1,1,1,1,1,0.8400000000000001
NHTSA_INA_0453,ARISE,Inattention to the road ahead,NHTSA-derived,coarse,1,1,1,1,1,1,1,1,1,1,1,1
NHTSA_INA_0454,ARISE,Inattention to the road ahead,NHTSA-derived,coarse,1,1,1,1,1,0,1,1,1,1,1,0.8400000000000001
NHTSA_INA_0455,ARISE,Inattention to the road ahead,NHTSA-derived,coarse,1,1,1,1,1,0,1,1,1,1,1,0.8400000000000001
NHTSA_INA_0456,ARISE,Inattention to the road ahead,NHTSA-derived,coarse,1,1,1,1,1,1,1,1,1,1,1,1
NHTSA_INA_0457,ARISE,Inattention to the road ahead,NHTSA-derived,coarse,1,1,1,1,1,1,1,1,1,1,1,1
NHTSA_INA_0458,ARISE,Inattention to the road ahead,NHTSA-derived,coarse,1,1,0,1,0,0,1,1,1,1,0,0.7
NHTSA_INA_0459,ARISE,Inattention to the road ahead,NHTSA-derived,coarse,1,1,1,1,1,1,1,1,1,1,1,1
NHTSA_INA_0460,ARISE,Inattention to the road ahead,NHTSA-derived,coarse,1,1,0,1,0,0,1,1,1,1,0,0.7
NHTSA_INA_0461,ARISE,Inattention to the road ahead,NHTSA-derived,coarse,1,1,1,1,1,0,1,1,1,1,1,0.8400000000000001
NHTSA_INA_0462,ARISE,Inattention to the road ahead,NHTSA-derived,coarse,1,1,1,1,1,1,1,1,1,1,1,1
NHTSA_INA_0463,ARISE,Inattention to the road ahead,NHTSA-derived,coarse,1,1,1,1,1,1,1,1,1,1,1,1
NHTSA_INA_0464,ARISE,Inattention to the road ahead,NHTSA-derived,coarse,1,1,1,1,1,1,1,1,1,1,1,1
NHTSA_INA_0465,ARISE,Inattention to the road ahead,NHTSA-derived,coarse,1,1,0,1,0,0,1,1,1,1,0,0.7
NHTSA_INA_0466,ARISE,Inattention to the road ahead,NHTSA-derived,coarse,1,1,0,1,0,0,1,1,1,1,0,0.7
NHTSA_INA_0467,ARISE,Inattention to the road ahead,NHTSA-derived,coarse,1,1,1,1,1,1,1,1,1,1,1,1
NHTSA_INA_0468,ARISE,Inattention to the road ahead,NHTSA-derived,coarse,1,1,1,1,1,1,1,1,1,1,1,1
NHTSA_INA_0469,ARISE,Inattention to the road ahead,NHTSA-derived,coarse,1,1,1,1,1,1,1,1,1,1,1,1
NHTSA_INA_0470,ARISE,Inattention to the road ahead,NHTSA-derived,coarse,1,1,1,1,1,1,1,1,1,1,1,1
NHTSA_INA_0471,ARISE,Inattention to the road ahead,NHTSA-derived,coarse,1,1,0,1,0,0,1,1,1,1,0,0.7
NHTSA_INA_0472,ARISE,Inattention to the road ahead,NHTSA-derived,coarse,1,1,1,1,1,1,1,1,1,1,1,1
NHTSA_INA_0473,ARISE,Inattention to the road ahead,NHTSA-derived,coarse,1,1,1,1,1,1,1,1,1,1,1,1
NHTSA_INA_0474,ARISE,Inattention to the road ahead,NHTSA-derived,coarse,1,1,0,1,0,0,1,1,1,1,0,0.7
NHTSA_INA_0475,ARISE,Inattention to the road ahead,NHTSA-derived,coarse,1,1,1,1,1,1,1,1,1,1,1,1
NHTSA_INA_0476,ARISE,Inattention to the road ahead,NHTSA-derived,coarse,1,1,1,1,1,0,1,1,1,1,1,0.8400000000000001
NHTSA_INA_0477,ARISE,Inattention to the road ahead,NHTSA-derived,coarse,1,1,0,1,0,0,1,1,1,1,0,0.7
NHTSA_INA_0478,ARISE,Inattention to the road ahead,NHTSA-derived,coarse,1,1,1,1,1,0,1,1,1,1,1,0.8400000000000001
NHTSA_INA_0479,ARISE,Inattention to the road ahead,NHTSA-derived,coarse,1,1,1,1,1,1,1,1,1,1,1,1
NHTSA_INA_0480,ARISE,Inattention to the road ahead,NHTSA-derived,coarse,1,1,1,1,1,0,1,1,1,1,1,0.8400000000000001
NHTSA_INA_0481,ARISE,Inattention to the road ahead,NHTSA-derived,coarse,1,1,1,1,1,0,1,1,1,1,1,0.8400000000000001
NHTSA_INA_0482,ARISE,Inattention to the road ahead,NHTSA-derived,coarse,1,1,1,1,1,0,1,1,1,1,1,0.8400000000000001
NHTSA_INA_0483,ARISE,Inattention to the road ahead,NHTSA-derived,coarse,1,1,1,1,1,0,1,1,1,1,1,0.8400000000000001
NHTSA_INA_0484,ARISE,Inattention to the road ahead,NHTSA-derived,coarse,1,1,0,1,0,0,1,1,1,1,0,0.7
NHTSA_INA_0485,ARISE,Inattention to the road ahead,NHTSA-derived,coarse,1,1,1,1,1,1,1,1,1,1,1,1
NHTSA_INA_0486,ARISE,Inattention to the road ahead,NHTSA-derived,coarse,1,1,1,1,1,0,1,1,1,1,1,0.8400000000000001
NHTSA_INA_0487,ARISE,Inattention to the road ahead,NHTSA-derived,coarse,1,1,1,1,1,1,1,1,1,1,1,1
NHTSA_INA_0488,ARISE,Inattention to the road ahead,NHTSA-derived,coarse,1,1,1,1,1,1,1,1,1,1,1,1
NHTSA_INA_0489,ARISE,Inattention to the road ahead,NHTSA-derived,coarse,1,1,1,1,1,1,1,1,1,1,1,1
NHTSA_INA_0490,ARISE,Inattention to the road ahead,NHTSA-derived,coarse,1,1,1,1,1,1,1,1,1,1,1,1
NHTSA_INA_0491,ARISE,Inattention to the road ahead,NHTSA-derived,coarse,1,1,1,1,1,0,1,1,1,1,1,0.8400000000000001
NHTSA_INA_0492,ARISE,Inattention to the road ahead,NHTSA-derived,coarse,1,1,1,1,1,1,1,1,1,1,1,1
NHTSA_INA_0493,ARISE,Inattention to the road ahead,NHTSA-derived,coarse,1,1,1,1,1,1,1,1,1,1,1,1
NHTSA_INA_0494,ARISE,Inattention to the road ahead,NHTSA-derived,coarse,1,1,0,1,0,0,1,1,1,1,0,0.7
NHTSA_INA_0495,ARISE,Inattention to the road ahead,NHTSA-derived,coarse,1,1,0,1,0,0,1,1,1,1,0,0.7
NHTSA_INA_0496,ARISE,Inattention to the road ahead,NHTSA-derived,coarse,1,1,1,1,1,1,1,1,1,1,1,1
NHTSA_INA_0497,ARISE,Inattention to the road ahead,NHTSA-derived,coarse,1,1,0,1,0,0,1,1,1,1,0,0.7
NHTSA_INA_0498,ARISE,Inattention to the road ahead,NHTSA-derived,coarse,1,1,1,1,1,1,1,1,1,1,1,1
NHTSA_INA_0499,ARISE,Inattention to the road ahead,NHTSA-derived,coarse,1,1,0,1,0,0,1,1,1,1,0,0.7
NHTSA_INA_0500,ARISE,Inattention to the road ahead,NHTSA-derived,coarse,1,1,1,1,1,0,1,1,1,1,1,0.8400000000000001
NHTSA_INA_0501,ARISE,Inattention to the road ahead,NHTSA-derived,coarse,1,1,1,1,1,1,1,1,1,1,1,1
NHTSA_INA_0502,ARISE,Inattention to the road ahead,NHTSA-derived,coarse,1,1,1,1,1,0,1,1,1,1,1,0.8400000000000001
NHTSA_INA_0503,ARISE,Inattention to the road ahead,NHTSA-derived,coarse,1,1,1,1,1,1,1,1,1,1,1,1
NHTSA_INA_0504,ARISE,Inattention to the road ahead,NHTSA-derived,coarse,1,1,0,1,0,0,1,1,1,1,0,0.7
NHTSA_INA_0505,ARISE,Inattention to the road ahead,NHTSA-derived,coarse,1,1,1,1,1,0,1,1,1,1,1,0.8400000000000001
NHTSA_INA_0506,ARISE,Inattention to the road ahead,NHTSA-derived,coarse,1,1,1,1,1,0,1,1,1,1,1,0.8400000000000001
NHTSA_INA_0507,ARISE,Inattention to the road ahead,NHTSA-derived,coarse,1,1,1,1,1,1,1,1,1,1,1,1
NHTSA_INA_0508,ARISE,Inattention to the road ahead,NHTSA-derived,coarse,1,1,1,1,1,1,1,1,1,1,1,1
NHTSA_INA_0509,ARISE,Inattention to the road ahead,NHTSA-derived,coarse,1,1,1,1,1,1,1,1,1,1,1,1
NHTSA_INA_0510,ARISE,Inattention to the road ahead,NHTSA-derived,coarse,1,1,1,1,1,0,1,1,1,1,1,0.8400000000000001
NHTSA_INA_0511,ARISE,Inattention to the road ahead,NHTSA-derived,coarse,1,1,0,1,0,0,1,1,1,1,0,0.7
NHTSA_INA_0512,ARISE,Inattention to the road ahead,NHTSA-derived,coarse,1,1,1,1,1,1,1,1,1,1,1,1
NHTSA_INA_0513,ARISE,Inattention to the road ahead,NHTSA-derived,coarse,1,1,1,1,1,1,1,1,1,1,1,1
NHTSA_INA_0514,ARISE,Inattention to the road ahead,NHTSA-derived,coarse,1,1,1,1,1,0,1,1,1,1,1,0.8400000000000001
NHTSA_INA_0515,ARISE,Inattention to the road ahead,NHTSA-derived,coarse,1,1,1,1,1,0,1,1,1,1,1,0.8400000000000001
NHTSA_INA_0516,ARISE,Inattention to the road ahead,NHTSA-derived,coarse,1,1,1,1,1,0,1,1,1,1,1,0.8400000000000001
NHTSA_INA_0517,ARISE,Inattention to the road ahead,NHTSA-derived,coarse,1,1,0,1,0,0,1,1,1,1,0,0.7
NHTSA_INA_0518,ARISE,Inattention to the road ahead,NHTSA-derived,coarse,1,1,1,1,1,0,1,1,1,1,1,0.8400000000000001
NHTSA_INA_0519,ARISE,Inattention to the road ahead,NHTSA-derived,coarse,1,1,0,1,0,0,1,1,1,1,0,0.7
NHTSA_INA_0520,ARISE,Inattention to the road ahead,NHTSA-derived,coarse,1,1,1,1,1,1,1,1,1,1,1,1
NHTSA_INA_0521,ARISE,Inattention to the road ahead,NHTSA-derived,coarse,1,1,1,1,1,1,1,1,1,1,1,1
NHTSA_INA_0522,ARISE,Inattention to the road ahead,NHTSA-derived,coarse,1,1,1,1,1,0,1,1,1,1,1,0.8400000000000001
NHTSA_INA_0523,ARISE,Inattention to the road ahead,NHTSA-derived,coarse,1,1,1,1,1,0,1,1,1,1,1,0.8400000000000001
NHTSA_INA_0524,ARISE,Inattention to the road ahead,NHTSA-derived,coarse,1,1,1,1,1,0,1,1,1,1,1,0.8400000000000001
NHTSA_INA_0525,ARISE,Inattention to the road ahead,NHTSA-derived,coarse,1,1,1,1,1,1,1,1,1,1,1,1
NHTSA_INA_0526,ARISE,Inattention to the road ahead,NHTSA-derived,coarse,1,1,1,1,1,0,1,1,1,1,1,0.8400000000000001
NHTSA_INA_0527,ARISE,Inattention to the road ahead,NHTSA-derived,coarse,1,1,1,1,1,1,1,1,1,1,1,1
NHTSA_INA_0528,ARISE,Inattention to the road ahead,NHTSA-derived,coarse,1,1,1,1,1,1,1,1,1,1,1,1
NHTSA_INA_0529,ARISE,Inattention to the road ahead,NHTSA-derived,coarse,1,1,1,1,1,0,1,1,1,1,1,0.8400000000000001
NHTSA_INA_0530,ARISE,Inattention to the road ahead,NHTSA-derived,coarse,1,1,1,1,1,1,1,1,1,1,1,1
NHTSA_INA_0531,ARISE,Inattention to the road ahead,NHTSA-derived,coarse,1,1,1,1,1,1,1,1,1,1,1,1
NHTSA_INA_0532,ARISE,Inattention to the road ahead,NHTSA-derived,coarse,1,1,1,1,1,1,1,1,1,1,1,1
NHTSA_INA_0533,ARISE,Inattention to the road ahead,NHTSA-derived,coarse,1,1,1,1,1,1,1,1,1,1,1,1
NHTSA_INA_0534,ARISE,Inattention to the road ahead,NHTSA-derived,coarse,1,1,1,1,1,1,1,1,1,1,1,1
NHTSA_INA_0535,ARISE,Inattention to the road ahead,NHTSA-derived,coarse,1,1,1,1,1,0,1,1,1,1,1,0.8400000000000001
NHTSA_INA_0536,ARISE,Inattention to the road ahead,NHTSA-derived,coarse,1,1,0,1,0,0,1,1,1,1,0,0.7
NHTSA_INA_0537,ARISE,Inattention to the road ahead,NHTSA-derived,coarse,1,1,1,1,1,1,1,1,1,1,1,1
NHTSA_INA_0538,ARISE,Inattention to the road ahead,NHTSA-derived,coarse,1,1,1,1,1,0,1,1,1,1,1,0.8400000000000001
NHTSA_INA_0539,ARISE,Inattention to the road ahead,NHTSA-derived,coarse,1,1,1,1,1,1,1,1,1,1,1,1
NHTSA_INA_0540,ARISE,Inattention to the road ahead,NHTSA-derived,coarse,1,1,1,1,1,0,1,1,1,1,1,0.8400000000000001
NHTSA_INA_0541,ARISE,Inattention to the road ahead,NHTSA-derived,coarse,1,1,1,1,1,0,1,1,1,1,1,0.8400000000000001
NHTSA_INA_0542,ARISE,Inattention to the road ahead,NHTSA-derived,coarse,1,1,1,1,1,1,1,1,1,1,1,1
NHTSA_INA_0543,ARISE,Inattention to the road ahead,NHTSA-derived,coarse,1,1,1,1,1,1,1,1,1,1,1,1
NHTSA_INA_0544,ARISE,Inattention to the road ahead,NHTSA-derived,coarse,1,1,0,1,0,0,1,1,1,1,0,0.7
NHTSA_INA_0545,ARISE,Inattention to the road ahead,NHTSA-derived,coarse,1,1,1,1,1,1,1,1,1,1,1,1
NHTSA_INA_0546,ARISE,Inattention to the road ahead,NHTSA-derived,coarse,1,1,0,1,0,0,1,1,1,1,0,0.7
NHTSA_INA_0547,ARISE,Inattention to the road ahead,NHTSA-derived,coarse,1,1,0,1,0,0,1,1,1,1,0,0.7
NHTSA_INA_0548,ARISE,Inattention to the road ahead,NHTSA-derived,coarse,1,1,1,1,1,1,1,1,1,1,1,1
NHTSA_INA_0549,ARISE,Inattention to the road ahead,NHTSA-derived,coarse,1,1,1,1,1,0,1,1,1,1,1,0.8400000000000001
NHTSA_INA_0550,ARISE,Inattention to the road ahead,NHTSA-derived,coarse,1,1,1,1,1,1,1,1,1,1,1,1
NHTSA_INA_0551,ARISE,Inattention to the road ahead,NHTSA-derived,coarse,1,1,1,1,1,0,1,1,1,1,1,0.8400000000000001
NHTSA_INA_0552,ARISE,Inattention to the road ahead,NHTSA-derived,coarse,1,1,1,1,1,1,1,1,1,1,1,1
NHTSA_INA_0553,ARISE,Inattention to the road ahead,NHTSA-derived,coarse,1,1,1,1,1,1,1,1,1,1,1,1
NHTSA_INA_0554,ARISE,Inattention to the road ahead,NHTSA-derived,coarse,1,1,1,1,1,0,1,1,1,1,1,0.8400000000000001
NHTSA_INA_0555,ARISE,Inattention to the road ahead,NHTSA-derived,coarse,1,1,0,1,0,0,1,1,1,1,0,0.7
NHTSA_INA_0556,ARISE,Inattention to the road ahead,NHTSA-derived,coarse,1,1,1,1,1,0,1,1,1,1,1,0.8400000000000001
NHTSA_INA_0557,ARISE,Inattention to the road ahead,NHTSA-derived,coarse,1,1,1,1,1,1,1,1,1,1,1,1
NHTSA_INA_0558,ARISE,Inattention to the road ahead,NHTSA-derived,coarse,1,1,1,1,1,0,1,1,1,1,1,0.8400000000000001
NHTSA_INA_0559,ARISE,Inattention to the road ahead,NHTSA-derived,coarse,1,1,1,1,1,1,1,1,1,1,1,1
NHTSA_INA_0560,ARISE,Inattention to the road ahead,NHTSA-derived,coarse,1,1,1,1,1,0,1,1,1,1,1,0.8400000000000001
NHTSA_INA_0561,ARISE,Inattention to the road ahead,NHTSA-derived,coarse,1,1,1,1,1,1,1,1,1,1,1,1
NHTSA_INA_0562,ARISE,Inattention to the road ahead,NHTSA-derived,coarse,1,1,0,1,0,0,1,1,1,1,0,0.7
NHTSA_INA_0563,ARISE,Inattention to the road ahead,NHTSA-derived,coarse,1,1,0,1,0,0,1,1,1,1,0,0.7
NHTSA_INA_0564,ARISE,Inattention to the road ahead,NHTSA-derived,coarse,1,1,1,1,1,1,1,1,1,1,1,1
NHTSA_INA_0565,ARISE,Inattention to the road ahead,NHTSA-derived,coarse,1,1,1,1,1,0,1,1,1,1,1,0.8400000000000001
NHTSA_INA_0566,ARISE,Inattention to the road ahead,NHTSA-derived,coarse,1,1,0,1,0,0,1,1,1,1,0,0.7
NHTSA_INA_0567,ARISE,Inattention to the road ahead,NHTSA-derived,coarse,1,1,1,1,1,0,1,1,1,1,1,0.8400000000000001
NHTSA_INA_0568,ARISE,Inattention to the road ahead,NHTSA-derived,coarse,1,1,1,1,1,0,1,1,1,1,1,0.8400000000000001
NHTSA_INA_0569,ARISE,Inattention to the road ahead,NHTSA-derived,coarse,1,1,1,1,1,1,1,1,1,1,1,1
NHTSA_INA_0570,ARISE,Inattention to the road ahead,NHTSA-derived,coarse,1,1,1,1,1,0,1,1,1,1,1,0.8400000000000001
NHTSA_INA_0571,ARISE,Inattention to the road ahead,NHTSA-derived,coarse,1,1,1,1,1,0,1,1,1,1,1,0.8400000000000001
NHTSA_INA_0572,ARISE,Inattention to the road ahead,NHTSA-derived,coarse,1,1,0,1,0,0,1,1,1,1,0,0.7
NHTSA_INA_0573,ARISE,Inattention to the road ahead,NHTSA-derived,coarse,1,1,0,1,0,0,1,1,1,1,0,0.7
NHTSA_INA_0574,ARISE,Inattention to the road ahead,NHTSA-derived,coarse,1,1,1,1,1,1,1,1,1,1,1,1
NHTSA_INA_0575,ARISE,Inattention to the road ahead,NHTSA-derived,coarse,1,1,1,1,1,1,1,1,1,1,1,1
NHTSA_INA_0576,ARISE,Inattention to the road ahead,NHTSA-derived,coarse,1,1,1,1,1,1,1,1,1,1,1,1
NHTSA_INA_0577,ARISE,Inattention to the road ahead,NHTSA-derived,coarse,1,1,1,1,1,0,1,1,1,1,1,0.8400000000000001
NHTSA_INA_0578,ARISE,Inattention to the road ahead,NHTSA-derived,coarse,1,1,1,1,1,0,1,1,1,1,1,0.8400000000000001
NHTSA_INA_0579,ARISE,Inattention to the road ahead,NHTSA-derived,coarse,1,1,1,1,1,0,1,1,1,1,1,0.8400000000000001
NHTSA_INA_0580,ARISE,Inattention to the road ahead,NHTSA-derived,coarse,1,1,1,1,1,1,1,1,1,1,1,1
NHTSA_INA_0581,ARISE,Inattention to the road ahead,NHTSA-derived,coarse,1,1,1,1,1,1,1,1,1,1,1,1
NHTSA_INA_0582,ARISE,Inattention to the road ahead,NHTSA-derived,coarse,1,1,1,1,1,0,1,1,1,1,1,0.8400000000000001
NHTSA_INA_0583,ARISE,Inattention to the road ahead,NHTSA-derived,coarse,1,1,1,1,1,0,1,1,1,1,1,0.8400000000000001
NHTSA_INA_0584,ARISE,Inattention to the road ahead,NHTSA-derived,coarse,1,1,1,1,1,0,1,1,1,1,1,0.8400000000000001
NHTSA_INA_0585,ARISE,Inattention to the road ahead,NHTSA-derived,coarse,1,1,1,1,1,1,1,1,1,1,1,1
NHTSA_INA_0586,ARISE,Inattention to the road ahead,NHTSA-derived,coarse,1,1,1,1,1,1,1,1,1,1,1,1
NHTSA_INA_0587,ARISE,Inattention to the road ahead,NHTSA-derived,coarse,1,1,1,1,1,0,1,1,1,1,1,0.8400000000000001
NHTSA_INA_0588,ARISE,Inattention to the road ahead,NHTSA-derived,coarse,1,1,1,1,1,0,1,1,1,1,1,0.8400000000000001
NHTSA_INA_0589,ARISE,Inattention to the road ahead,NHTSA-derived,coarse,1,1,1,1,1,1,1,1,1,1,1,1
NHTSA_INA_0590,ARISE,Inattention to the road ahead,NHTSA-derived,coarse,1,1,1,1,1,1,1,1,1,1,1,1
NHTSA_INA_0591,ARISE,Inattention to the road ahead,NHTSA-derived,coarse,1,1,1,1,1,0,1,1,1,1,1,0.8400000000000001
NHTSA_INA_0592,ARISE,Inattention to the road ahead,NHTSA-derived,coarse,1,1,1,1,1,0,1,1,1,1,1,0.8400000000000001
NHTSA_INA_0593,ARISE,Inattention to the road ahead,NHTSA-derived,coarse,1,1,1,1,1,1,1,1,1,1,1,1
NHTSA_INA_0594,ARISE,Inattention to the road ahead,NHTSA-derived,coarse,1,1,1,1,1,1,1,1,1,1,1,1
NHTSA_INA_0595,ARISE,Inattention to the road ahead,NHTSA-derived,coarse,1,1,1,1,1,0,1,1,1,1,1,0.8400000000000001
NHTSA_INA_0596,ARISE,Inattention to the road ahead,NHTSA-derived,coarse,1,1,1,1,1,0,1,1,1,1,1,0.8400000000000001
NHTSA_INA_0597,ARISE,Inattention to the road ahead,NHTSA-derived,coarse,1,1,1,1,1,1,1,1,1,1,1,1
NHTSA_INA_0598,ARISE,Inattention to the road ahead,NHTSA-derived,coarse,1,1,1,1,1,1,1,1,1,1,1,1
NHTSA_INA_0599,ARISE,Inattention to the road ahead,NHTSA-derived,coarse,1,1,0,1,0,0,1,1,1,1,0,0.7
NHTSA_INA_0600,ARISE,Inattention to the road ahead,NHTSA-derived,coarse,1,1,1,1,1,0,1,1,1,1,1,0.8400000000000001
NHTSA_INA_0601,ARISE,Inattention to the road ahead,NHTSA-derived,coarse,1,1,1,1,1,1,1,1,1,1,1,1
NHTSA_INA_0602,ARISE,Inattention to the road ahead,NHTSA-derived,coarse,1,1,1,1,1,1,1,1,1,1,1,1
NHTSA_INA_0603,ARISE,Inattention to the road ahead,NHTSA-derived,coarse,1,1,0,1,0,0,1,1,1,1,0,0.7
NHTSA_INA_0604,ARISE,Inattention to the road ahead,NHTSA-derived,coarse,1,1,1,1,1,0,1,1,1,1,1,0.8400000000000001
NHTSA_INA_0605,ARISE,Inattention to the road ahead,NHTSA-derived,coarse,1,1,1,1,1,0,1,1,1,1,1,0.8400000000000001
NHTSA_INA_0606,ARISE,Inattention to the road ahead,NHTSA-derived,coarse,1,1,1,1,1,1,1,1,1,1,1,1
NHTSA_INA_0607,ARISE,Inattention to the road ahead,NHTSA-derived,coarse,1,1,1,1,1,0,1,1,1,1,1,0.8400000000000001
NHTSA_INA_0608,ARISE,Inattention to the road ahead,NHTSA-derived,coarse,1,1,1,1,1,0,1,1,1,1,1,0.8400000000000001
NHTSA_INA_0609,ARISE,Inattention to the road ahead,NHTSA-derived,coarse,1,1,1,1,1,0,1,1,1,1,1,0.8400000000000001
NHTSA_INA_0610,ARISE,Inattention to the road ahead,NHTSA-derived,coarse,1,1,1,1,1,0,1,1,1,1,1,0.8400000000000001
NHTSA_INA_0611,ARISE,Inattention to the road ahead,NHTSA-derived,coarse,1,1,1,1,1,1,1,1,1,1,1,1
NHTSA_INA_0612,ARISE,Inattention to the road ahead,NHTSA-derived,coarse,1,1,1,1,1,0,1,1,1,1,1,0.8400000000000001
NHTSA_INA_0613,ARISE,Inattention to the road ahead,NHTSA-derived,coarse,1,1,1,1,1,1,1,1,1,1,1,1
NHTSA_INA_0614,ARISE,Inattention to the road ahead,NHTSA-derived,coarse,1,1,1,1,1,1,1,1,1,1,1,1
NHTSA_INA_0615,ARISE,Inattention to the road ahead,NHTSA-derived,coarse,1,1,1,1,1,1,1,1,1,1,1,1
NHTSA_INA_0616,ARISE,Inattention to the road ahead,NHTSA-derived,coarse,1,1,0,1,0,0,1,1,1,1,0,0.7
NHTSA_INA_0617,ARISE,Inattention to the road ahead,NHTSA-derived,coarse,1,1,1,1,1,0,1,1,1,1,1,0.8400000000000001
NHTSA_INA_0618,ARISE,Inattention to the road ahead,NHTSA-derived,coarse,1,1,1,1,1,0,1,1,1,1,1,0.8400000000000001
NHTSA_INA_0619,ARISE,Inattention to the road ahead,NHTSA-derived,coarse,1,1,1,1,1,1,1,1,1,1,1,1
NHTSA_INA_0620,ARISE,Inattention to the road ahead,NHTSA-derived,coarse,1,1,1,1,1,1,1,1,1,1,1,1
NHTSA_INA_0621,ARISE,Inattention to the road ahead,NHTSA-derived,coarse,1,1,1,1,1,0,1,1,1,1,1,0.8400000000000001
NHTSA_INA_0622,ARISE,Inattention to the road ahead,NHTSA-derived,coarse,1,1,1,1,1,1,1,1,1,1,1,1
NHTSA_INA_0623,ARISE,Inattention to the road ahead,NHTSA-derived,coarse,1,1,1,1,1,0,1,1,1,1,1,0.8400000000000001
NHTSA_INA_0624,ARISE,Inattention to the road ahead,NHTSA-derived,coarse,1,1,1,1,1,1,1,1,1,1,1,1
NHTSA_INA_0625,ARISE,Inattention to the road ahead,NHTSA-derived,coarse,1,1,0,1,0,0,1,1,1,1,0,0.7
NHTSA_INA_0626,ARISE,Inattention to the road ahead,NHTSA-derived,coarse,1,1,1,1,1,1,1,1,1,1,1,1
NHTSA_INA_0627,ARISE,Inattention to the road ahead,NHTSA-derived,coarse,1,1,1,1,1,1,1,1,1,1,1,1
NHTSA_INA_0628,ARISE,Inattention to the road ahead,NHTSA-derived,coarse,1,1,1,1,1,0,1,1,1,1,1,0.8400000000000001
NHTSA_INA_0629,ARISE,Inattention to the road ahead,NHTSA-derived,coarse,1,1,1,1,1,0,1,1,1,1,1,0.8400000000000001
NHTSA_INA_0630,ARISE,Inattention to the road ahead,NHTSA-derived,coarse,1,1,1,1,1,1,1,1,1,1,1,1
NHTSA_INA_0631,ARISE,Inattention to the road ahead,NHTSA-derived,coarse,1,1,1,1,1,1,1,1,1,1,1,1
NHTSA_INA_0632,ARISE,Inattention to the road ahead,NHTSA-derived,coarse,1,1,1,1,1,1,1,1,1,1,1,1
NHTSA_INA_0633,ARISE,Inattention to the road ahead,NHTSA-derived,coarse,1,1,1,1,1,0,1,1,1,1,1,0.8400000000000001
NHTSA_INA_0634,ARISE,Inattention to the road ahead,NHTSA-derived,coarse,1,1,1,1,1,1,1,1,1,1,1,1
NHTSA_INA_0635,ARISE,Inattention to the road ahead,NHTSA-derived,coarse,1,1,1,1,1,1,1,1,1,1,1,1
NHTSA_INA_0636,ARISE,Inattention to the road ahead,NHTSA-derived,coarse,1,1,1,1,1,0,1,1,1,1,1,0.8400000000000001
NHTSA_INA_0637,ARISE,Inattention to the road ahead,NHTSA-derived,coarse,1,1,1,1,1,1,1,1,1,1,1,1
NHTSA_INA_0638,ARISE,Inattention to the road ahead,NHTSA-derived,coarse,1,1,0,1,0,0,1,1,1,1,0,0.7
NHTSA_INA_0639,ARISE,Inattention to the road ahead,NHTSA-derived,coarse,1,1,1,1,1,1,1,1,1,1,1,1
NHTSA_INA_0640,ARISE,Inattention to the road ahead,NHTSA-derived,coarse,1,1,0,1,0,0,1,1,1,1,0,0.7
NHTSA_INA_0641,ARISE,Inattention to the road ahead,NHTSA-derived,coarse,1,1,1,1,1,1,1,1,1,1,1,1
NHTSA_INA_0642,ARISE,Inattention to the road ahead,NHTSA-derived,coarse,1,1,1,1,1,0,1,1,1,1,1,0.8400000000000001
NHTSA_INA_0643,ARISE,Inattention to the road ahead,NHTSA-derived,coarse,1,1,1,1,1,1,1,1,1,1,1,1
NHTSA_INA_0644,ARISE,Inattention to the road ahead,NHTSA-derived,coarse,1,1,1,1,1,1,1,1,1,1,1,1
NHTSA_INA_0645,ARISE,Inattention to the road ahead,NHTSA-derived,coarse,1,1,1,1,1,1,1,1,1,1,1,1
NHTSA_INA_0646,ARISE,Inattention to the road ahead,NHTSA-derived,coarse,1,1,1,1,1,1,1,1,1,1,1,1
SYNTH_INA_0001,ARISE,Inattention to the road ahead,synthetic-topology-extension,fine,1,0,1,1,0,0,1,1,1,1,1,0.74
SYNTH_INA_0002,ARISE,Inattention to the road ahead,synthetic-topology-extension,fine,1,1,0,1,0,0,1,1,1,1,0,0.7
SYNTH_INA_0003,ARISE,Inattention to the road ahead,synthetic-topology-extension,fine,1,0,0,1,0,0,1,1,1,1,0,0.7
SYNTH_INA_0004,ARISE,Inattention to the road ahead,synthetic-topology-extension,fine,1,0,1,1,1,0,1,1,1,1,1,0.8400000000000001
SYNTH_INA_0005,ARISE,Inattention to the road ahead,synthetic-topology-extension,fine,1,0,0,1,0,0,1,1,1,1,0,0.7
SYNTH_INA_0006,ARISE,Inattention to the road ahead,synthetic-topology-extension,fine,1,1,0,1,0,0,1,1,1,1,0,0.7
SYNTH_INA_0007,ARISE,Inattention to the road ahead,synthetic-topology-extension,fine,1,1,1,1,1,1,1,1,1,1,1,1
SYNTH_INA_0008,ARISE,Inattention to the road ahead,synthetic-topology-extension,fine,1,1,1,1,1,1,1,1,1,1,1,1
SYNTH_INA_0009,ARISE,Inattention to the road ahead,synthetic-topology-extension,fine,0,0,0,,,,,,,,,
SYNTH_INA_0010,ARISE,Inattention to the road ahead,synthetic-topology-extension,fine,1,1,0,1,0,0,1,1,1,1,0,0.7
SYNTH_INA_0011,ARISE,Inattention to the road ahead,synthetic-topology-extension,fine,1,1,1,1,1,1,1,1,1,1,1,1
SYNTH_INA_0012,ARISE,Inattention to the road ahead,synthetic-topology-extension,fine,1,1,0,1,0,0,1,1,1,1,0,0.7
SYNTH_INA_0013,ARISE,Inattention to the road ahead,synthetic-topology-extension,fine,0,0,0,,,,,,,,,
SYNTH_INA_0014,ARISE,Inattention to the road ahead,synthetic-topology-extension,fine,1,1,0,1,0,0,1,1,1,1,0,0.7
SYNTH_INA_0015,ARISE,Inattention to the road ahead,synthetic-topology-extension,fine,1,1,0,1,0,0,1,1,1,1,0,0.7
SYNTH_INA_0016,ARISE,Inattention to the road ahead,synthetic-topology-extension,fine,1,1,1,1,1,0,1,1,1,1,1,0.8400000000000001
SYNTH_INA_0017,ARISE,Inattention to the road ahead,synthetic-topology-extension,fine,1,0,1,1,1,0,1,1,1,1,1,0.8400000000000001
SYNTH_INA_0018,ARISE,Inattention to the road ahead,synthetic-topology-extension,fine,1,1,1,1,1,1,1,1,1,1,1,1
SYNTH_INA_0019,ARISE,Inattention to the road ahead,synthetic-topology-extension,fine,1,1,0,1,0,0,1,1,1,1,0,0.7
SYNTH_INA_0020,ARISE,Inattention to the road ahead,synthetic-topology-extension,fine,1,1,1,1,1,1,1,1,1,1,1,1
SYNTH_INA_0021,ARISE,Inattention to the road ahead,synthetic-topology-extension,fine,1,1,0,1,0,0,1,1,1,1,0,0.7
SYNTH_INA_0022,ARISE,Inattention to the road ahead,synthetic-topology-extension,fine,0,0,1,,,,,,,,,
SYNTH_INA_0023,ARISE,Inattention to the road ahead,synthetic-topology-extension,fine,1,1,1,1,1,0,1,1,1,1,1,0.8400000000000001
SYNTH_INA_0024,ARISE,Inattention to the road ahead,synthetic-topology-extension,fine,1,1,0,1,0,0,1,1,1,1,0,0.7
SYNTH_INA_0025,ARISE,Inattention to the road ahead,synthetic-topology-extension,fine,1,1,1,1,1,0,1,1,1,1,1,0.8400000000000001
SYNTH_INA_0026,ARISE,Inattention to the road ahead,synthetic-topology-extension,fine,1,1,1,1,1,1,1,1,1,1,1,1
SYNTH_INA_0027,ARISE,Inattention to the road ahead,synthetic-topology-extension,fine,1,1,1,1,1,0,1,1,1,1,1,0.8400000000000001
SYNTH_INA_0028,ARISE,Inattention to the road ahead,synthetic-topology-extension,fine,1,1,1,1,1,0,1,1,1,1,1,0.8400000000000001
SYNTH_INA_0029,ARISE,Inattention to the road ahead,synthetic-topology-extension,fine,1,1,1,1,1,1,1,1,1,1,1,1
SYNTH_INA_0030,ARISE,Inattention to the road ahead,synthetic-topology-extension,fine,1,1,1,1,1,1,1,1,1,1,1,1
SYNTH_INA_0031,ARISE,Inattention to the road ahead,synthetic-topology-extension,fine,1,0,0,1,0,0,1,1,1,1,0,0.7
SYNTH_INA_0032,ARISE,Inattention to the road ahead,synthetic-topology-extension,fine,1,1,1,1,1,0,1,1,1,1,1,0.8400000000000001
SYNTH_INA_0033,ARISE,Inattention to the road ahead,synthetic-topology-extension,fine,1,1,1,1,1,1,1,1,1,1,1,1
SYNTH_INA_0034,ARISE,Inattention to the road ahead,synthetic-topology-extension,fine,1,0,1,1,0,0,1,1,1,1,1,0.74
SYNTH_INA_0035,ARISE,Inattention to the road ahead,synthetic-topology-extension,fine,1,1,0,1,0,0,1,1,1,1,0,0.7
SYNTH_INA_0036,ARISE,Inattention to the road ahead,synthetic-topology-extension,fine,0,0,0,,,,,,,,,
SYNTH_INA_0037,ARISE,Inattention to the road ahead,synthetic-topology-extension,fine,1,0,1,1,1,0,1,1,1,1,1,0.8400000000000001
SYNTH_INA_0038,ARISE,Inattention to the road ahead,synthetic-topology-extension,fine,1,0,1,1,0,0,1,1,1,1,1,0.74
SYNTH_INA_0039,ARISE,Inattention to the road ahead,synthetic-topology-extension,fine,1,1,0,1,0,0,1,1,1,1,0,0.7
SYNTH_INA_0040,ARISE,Inattention to the road ahead,synthetic-topology-extension,fine,1,1,1,1,1,0,1,1,1,1,1,0.8400000000000001
SYNTH_INA_0041,ARISE,Inattention to the road ahead,synthetic-topology-extension,fine,1,1,1,1,1,0,1,1,1,1,1,0.8400000000000001
SYNTH_INA_0042,ARISE,Inattention to the road ahead,synthetic-topology-extension,fine,1,1,0,1,0,0,1,1,1,1,0,0.7
SYNTH_INA_0043,ARISE,Inattention to the road ahead,synthetic-topology-extension,fine,1,1,1,1,1,1,1,1,1,1,1,1
SYNTH_INA_0044,ARISE,Inattention to the road ahead,synthetic-topology-extension,fine,1,1,1,1,1,1,1,1,1,1,1,1
SYNTH_INA_0045,ARISE,Inattention to the road ahead,synthetic-topology-extension,fine,1,1,0,1,0,0,1,1,1,1,0,0.7
SYNTH_INA_0046,ARISE,Inattention to the road ahead,synthetic-topology-extension,fine,1,1,1,1,1,1,1,1,1,1,1,1
SYNTH_INA_0047,ARISE,Inattention to the road ahead,synthetic-topology-extension,fine,1,1,1,1,1,1,1,1,1,1,1,1
SYNTH_INA_0048,ARISE,Inattention to the road ahead,synthetic-topology-extension,fine,1,0,1,1,1,0,1,1,1,1,1,0.8400000000000001
SYNTH_INA_0049,ARISE,Inattention to the road ahead,synthetic-topology-extension,fine,1,0,1,1,0,0,1,1,1,1,1,0.74
SYNTH_INA_0050,ARISE,Inattention to the road ahead,synthetic-topology-extension,fine,1,1,1,1,1,1,1,1,1,1,1,1
SYNTH_INA_0051,ARISE,Inattention to the road ahead,synthetic-topology-extension,fine,1,1,1,1,1,1,1,1,1,1,1,1
SYNTH_INA_0052,ARISE,Inattention to the road ahead,synthetic-topology-extension,fine,1,1,1,1,1,1,1,1,1,1,1,1
SYNTH_INA_0053,ARISE,Inattention to the road ahead,synthetic-topology-extension,fine,1,1,1,1,1,1,1,1,1,1,1,1
SYNTH_INA_0054,ARISE,Inattention to the road ahead,synthetic-topology-extension,fine,1,1,1,1,1,1,1,1,1,1,1,1
SYNTH_INA_0055,ARISE,Inattention to the road ahead,synthetic-topology-extension,fine,1,1,1,1,1,0,1,1,1,1,1,0.8400000000000001
SYNTH_INA_0056,ARISE,Inattention to the road ahead,synthetic-topology-extension,fine,1,1,1,1,1,0,1,1,1,1,1,0.8400000000000001
SYNTH_INA_0057,ARISE,Inattention to the road ahead,synthetic-topology-extension,fine,1,0,1,1,0,0,1,1,1,1,1,0.74
SYNTH_INA_0058,ARISE,Inattention to the road ahead,synthetic-topology-extension,fine,1,1,1,1,1,1,1,1,1,1,1,1
SYNTH_INA_0059,ARISE,Inattention to the road ahead,synthetic-topology-extension,fine,1,1,1,1,1,1,1,1,1,1,1,1
SYNTH_INA_0060,ARISE,Inattention to the road ahead,synthetic-topology-extension,fine,1,1,0,1,0,0,1,1,1,1,0,0.7
SYNTH_INA_0061,ARISE,Inattention to the road ahead,synthetic-topology-extension,fine,1,0,1,1,1,0,1,1,1,1,1,0.8400000000000001
SYNTH_INA_0062,ARISE,Inattention to the road ahead,synthetic-topology-extension,fine,1,1,1,1,1,0,1,1,1,1,1,0.8400000000000001
SYNTH_INA_0063,ARISE,Inattention to the road ahead,synthetic-topology-extension,fine,1,0,1,1,1,0,1,1,1,1,1,0.8400000000000001
SYNTH_INA_0064,ARISE,Inattention to the road ahead,synthetic-topology-extension,fine,1,1,1,1,1,1,1,1,1,1,1,1
SYNTH_INA_0065,ARISE,Inattention to the road ahead,synthetic-topology-extension,fine,1,0,1,1,0,0,1,1,1,1,1,0.74
SYNTH_INA_0066,ARISE,Inattention to the road ahead,synthetic-topology-extension,fine,1,1,1,1,1,1,1,1,1,1,1,1
SYNTH_INA_0067,ARISE,Inattention to the road ahead,synthetic-topology-extension,fine,0,0,0,,,,,,,,,
SYNTH_INA_0068,ARISE,Inattention to the road ahead,synthetic-topology-extension,fine,1,1,1,1,1,1,1,1,1,1,1,1
SYNTH_INA_0069,ARISE,Inattention to the road ahead,synthetic-topology-extension,fine,1,1,0,1,0,0,1,1,1,1,0,0.7
SYNTH_INA_0070,ARISE,Inattention to the road ahead,synthetic-topology-extension,fine,1,1,0,1,0,0,1,1,1,1,0,0.7
SYNTH_INA_0071,ARISE,Inattention to the road ahead,synthetic-topology-extension,fine,1,1,1,1,1,0,1,1,1,1,1,0.8400000000000001
SYNTH_INA_0072,ARISE,Inattention to the road ahead,synthetic-topology-extension,fine,1,1,0,1,0,0,1,1,1,1,0,0.7
SYNTH_INA_0073,ARISE,Inattention to the road ahead,synthetic-topology-extension,fine,1,1,0,1,0,0,1,1,1,1,0,0.7
SYNTH_INA_0074,ARISE,Inattention to the road ahead,synthetic-topology-extension,fine,1,1,1,1,1,1,1,1,1,1,1,1
SYNTH_INA_0075,ARISE,Inattention to the road ahead,synthetic-topology-extension,fine,1,0,1,1,0,0,1,1,1,1,1,0.74
SYNTH_INA_0076,ARISE,Inattention to the road ahead,synthetic-topology-extension,fine,1,1,0,1,0,0,1,1,1,1,0,0.7
SYNTH_INA_0077,ARISE,Inattention to the road ahead,synthetic-topology-extension,fine,1,1,1,1,1,0,1,1,1,1,1,0.8400000000000001
SYNTH_INA_0078,ARISE,Inattention to the road ahead,synthetic-topology-extension,fine,1,1,0,1,0,0,1,1,1,1,0,0.7
SYNTH_INA_0079,ARISE,Inattention to the road ahead,synthetic-topology-extension,fine,0,0,1,,,,,,,,,
SYNTH_INA_0080,ARISE,Inattention to the road ahead,synthetic-topology-extension,fine,1,1,1,1,1,1,1,1,1,1,1,1
SYNTH_INA_0081,ARISE,Inattention to the road ahead,synthetic-topology-extension,fine,1,1,1,1,1,0,1,1,1,1,1,0.8400000000000001
SYNTH_INA_0082,ARISE,Inattention to the road ahead,synthetic-topology-extension,fine,1,1,1,1,1,0,1,1,1,1,1,0.8400000000000001
SYNTH_INA_0083,ARISE,Inattention to the road ahead,synthetic-topology-extension,fine,1,1,1,1,1,1,1,1,1,1,1,1
SYNTH_INA_0084,ARISE,Inattention to the road ahead,synthetic-topology-extension,fine,1,0,1,1,0,0,1,1,1,1,1,0.74
SYNTH_INA_0085,ARISE,Inattention to the road ahead,synthetic-topology-extension,fine,0,0,0,,,,,,,,,
SYNTH_INA_0086,ARISE,Inattention to the road ahead,synthetic-topology-extension,fine,1,0,1,1,1,0,1,1,1,1,1,0.8400000000000001
SYNTH_INA_0087,ARISE,Inattention to the road ahead,synthetic-topology-extension,fine,1,1,1,1,1,1,1,1,1,1,1,1
SYNTH_INA_0088,ARISE,Inattention to the road ahead,synthetic-topology-extension,fine,1,1,1,1,1,1,1,1,1,1,1,1
SYNTH_INA_0089,ARISE,Inattention to the road ahead,synthetic-topology-extension,fine,1,1,1,1,1,1,1,1,1,1,1,1
SYNTH_INA_0090,ARISE,Inattention to the road ahead,synthetic-topology-extension,fine,1,0,1,1,1,0,1,1,1,1,1,0.8400000000000001
SYNTH_INA_0091,ARISE,Inattention to the road ahead,synthetic-topology-extension,fine,1,1,1,1,1,1,1,1,1,1,1,1
SYNTH_INA_0092,ARISE,Inattention to the road ahead,synthetic-topology-extension,fine,1,0,0,1,0,0,1,1,1,1,0,0.7
SYNTH_INA_0093,ARISE,Inattention to the road ahead,synthetic-topology-extension,fine,1,1,1,1,1,0,1,1,1,1,1,0.8400000000000001
SYNTH_INA_0094,ARISE,Inattention to the road ahead,synthetic-topology-extension,fine,1,1,1,1,1,1,1,1,1,1,1,1
SYNTH_INA_0095,ARISE,Inattention to the road ahead,synthetic-topology-extension,fine,1,1,1,1,1,1,1,1,1,1,1,1
SYNTH_INA_0096,ARISE,Inattention to the road ahead,synthetic-topology-extension,fine,1,1,0,1,0,0,1,1,1,1,0,0.7
SYNTH_INA_0097,ARISE,Inattention to the road ahead,synthetic-topology-extension,fine,1,1,1,1,1,0,1,1,1,1,1,0.8400000000000001
SYNTH_INA_0098,ARISE,Inattention to the road ahead,synthetic-topology-extension,fine,1,1,0,1,0,0,1,1,1,1,0,0.7
SYNTH_INA_0099,ARISE,Inattention to the road ahead,synthetic-topology-extension,fine,1,0,1,1,1,0,1,1,1,1,1,0.8400000000000001
SYNTH_INA_0100,ARISE,Inattention to the road ahead,synthetic-topology-extension,fine,1,1,1,1,1,1,1,1,1,1,1,1
SYNTH_INA_0101,ARISE,Inattention to the road ahead,synthetic-topology-extension,fine,1,0,1,1,0,0,1,1,1,1,1,0.74
SYNTH_INA_0102,ARISE,Inattention to the road ahead,synthetic-topology-extension,fine,1,1,1,1,1,1,1,1,1,1,1,1
SYNTH_INA_0103,ARISE,Inattention to the road ahead,synthetic-topology-extension,fine,1,1,1,1,1,1,1,1,1,1,1,1
SYNTH_INA_0104,ARISE,Inattention to the road ahead,synthetic-topology-extension,fine,1,0,1,1,1,0,1,1,1,1,1,0.8400000000000001
SYNTH_INA_0105,ARISE,Inattention to the road ahead,synthetic-topology-extension,fine,1,1,1,1,1,1,1,1,1,1,1,1
SYNTH_INA_0106,ARISE,Inattention to the road ahead,synthetic-topology-extension,fine,1,1,1,1,1,1,1,1,1,1,1,1
SYNTH_INA_0107,ARISE,Inattention to the road ahead,synthetic-topology-extension,fine,1,0,0,1,0,0,1,1,1,1,0,0.7
SYNTH_INA_0108,ARISE,Inattention to the road ahead,synthetic-topology-extension,fine,1,0,1,1,0,0,1,1,1,1,1,0.74
SYNTH_INA_0109,ARISE,Inattention to the road ahead,synthetic-topology-extension,fine,1,1,1,1,1,1,1,1,1,1,1,1
SYNTH_INA_0110,ARISE,Inattention to the road ahead,synthetic-topology-extension,fine,1,0,1,1,1,0,1,1,1,1,1,0.8400000000000001
SYNTH_INA_0111,ARISE,Inattention to the road ahead,synthetic-topology-extension,fine,1,1,1,1,1,1,1,1,1,1,1,1
SYNTH_INA_0112,ARISE,Inattention to the road ahead,synthetic-topology-extension,fine,1,1,1,1,1,1,1,1,1,1,1,1
SYNTH_INA_0113,ARISE,Inattention to the road ahead,synthetic-topology-extension,fine,1,1,1,1,1,0,1,1,1,1,1,0.8400000000000001
SYNTH_INA_0114,ARISE,Inattention to the road ahead,synthetic-topology-extension,fine,1,1,1,1,1,0,1,1,1,1,1,0.8400000000000001
SYNTH_INA_0115,ARISE,Inattention to the road ahead,synthetic-topology-extension,fine,1,1,1,1,1,0,1,1,1,1,1,0.8400000000000001
SYNTH_INA_0116,ARISE,Inattention to the road ahead,synthetic-topology-extension,fine,1,1,1,1,1,1,1,1,1,1,1,1
SYNTH_INA_0117,ARISE,Inattention to the road ahead,synthetic-topology-extension,fine,1,0,1,1,0,0,1,1,1,1,1,0.74
SYNTH_INA_0118,ARISE,Inattention to the road ahead,synthetic-topology-extension,fine,1,1,0,1,0,0,1,1,1,1,0,0.7
SYNTH_INA_0119,ARISE,Inattention to the road ahead,synthetic-topology-extension,fine,1,1,1,1,1,0,1,1,1,1,1,0.8400000000000001
SYNTH_INA_0120,ARISE,Inattention to the road ahead,synthetic-topology-extension,fine,1,1,1,1,1,1,1,1,1,1,1,1
SYNTH_INA_0121,ARISE,Inattention to the road ahead,synthetic-topology-extension,fine,1,1,1,1,1,1,1,1,1,1,1,1
SYNTH_INA_0122,ARISE,Inattention to the road ahead,synthetic-topology-extension,fine,1,1,1,1,1,1,1,1,1,1,1,1
SYNTH_INA_0123,ARISE,Inattention to the road ahead,synthetic-topology-extension,fine,1,1,1,1,1,0,1,1,1,1,1,0.8400000000000001
SYNTH_INA_0124,ARISE,Inattention to the road ahead,synthetic-topology-extension,fine,1,1,1,1,1,0,1,1,1,1,1,0.8400000000000001
SYNTH_INA_0125,ARISE,Inattention to the road ahead,synthetic-topology-extension,fine,1,1,0,1,0,0,1,1,1,1,0,0.7
SYNTH_INA_0126,ARISE,Inattention to the road ahead,synthetic-topology-extension,fine,1,1,0,1,0,0,1,1,1,1,0,0.7
SYNTH_INA_0127,ARISE,Inattention to the road ahead,synthetic-topology-extension,fine,1,1,1,1,1,0,1,1,1,1,1,0.8400000000000001
SYNTH_INA_0128,ARISE,Inattention to the road ahead,synthetic-topology-extension,fine,1,1,1,1,1,1,1,1,1,1,1,1
SYNTH_INA_0129,ARISE,Inattention to the road ahead,synthetic-topology-extension,fine,1,1,1,1,1,0,1,1,1,1,1,0.8400000000000001
SYNTH_INA_0130,ARISE,Inattention to the road ahead,synthetic-topology-extension,fine,1,1,0,1,0,0,1,1,1,1,0,0.7
SYNTH_INA_0131,ARISE,Inattention to the road ahead,synthetic-topology-extension,fine,1,1,1,1,1,1,1,1,1,1,1,1
SYNTH_INA_0132,ARISE,Inattention to the road ahead,synthetic-topology-extension,fine,1,1,1,1,1,0,1,1,1,1,1,0.8400000000000001
SYNTH_INA_0133,ARISE,Inattention to the road ahead,synthetic-topology-extension,fine,1,1,1,1,1,0,1,1,1,1,1,0.8400000000000001
SYNTH_INA_0134,ARISE,Inattention to the road ahead,synthetic-topology-extension,fine,1,1,1,1,1,0,1,1,1,1,1,0.8400000000000001
SYNTH_INA_0135,ARISE,Inattention to the road ahead,synthetic-topology-extension,fine,1,1,1,1,1,0,1,1,1,1,1,0.8400000000000001
SYNTH_INA_0136,ARISE,Inattention to the road ahead,synthetic-topology-extension,fine,1,1,1,1,1,0,1,1,1,1,1,0.8400000000000001
SYNTH_INA_0137,ARISE,Inattention to the road ahead,synthetic-topology-extension,fine,1,1,0,1,0,0,1,1,1,1,0,0.7
SYNTH_INA_0138,ARISE,Inattention to the road ahead,synthetic-topology-extension,fine,1,1,1,1,1,1,1,1,1,1,1,1
SYNTH_INA_0139,ARISE,Inattention to the road ahead,synthetic-topology-extension,fine,1,0,1,1,0,0,1,1,1,1,1,0.74
SYNTH_INA_0140,ARISE,Inattention to the road ahead,synthetic-topology-extension,fine,1,1,1,1,1,0,1,1,1,1,1,0.8400000000000001
SYNTH_INA_0141,ARISE,Inattention to the road ahead,synthetic-topology-extension,fine,1,1,1,1,1,1,1,1,1,1,1,1
SYNTH_INA_0142,ARISE,Inattention to the road ahead,synthetic-topology-extension,fine,1,1,1,1,1,0,1,1,1,1,1,0.8400000000000001
SYNTH_INA_0143,ARISE,Inattention to the road ahead,synthetic-topology-extension,fine,1,1,0,1,0,0,1,1,1,1,0,0.7
SYNTH_INA_0144,ARISE,Inattention to the road ahead,synthetic-topology-extension,fine,1,1,0,1,0,0,1,1,1,1,0,0.7
SYNTH_INA_0145,ARISE,Inattention to the road ahead,synthetic-topology-extension,fine,1,1,1,1,1,1,1,1,1,1,1,1
SYNTH_INA_0146,ARISE,Inattention to the road ahead,synthetic-topology-extension,fine,1,1,1,1,1,0,1,1,1,1,1,0.8400000000000001
SYNTH_INA_0147,ARISE,Inattention to the road ahead,synthetic-topology-extension,fine,1,1,1,1,1,1,1,1,1,1,1,1
SYNTH_INA_0148,ARISE,Inattention to the road ahead,synthetic-topology-extension,fine,1,0,1,1,0,0,1,1,1,1,1,0.74
SYNTH_INA_0149,ARISE,Inattention to the road ahead,synthetic-topology-extension,fine,1,1,1,1,1,0,1,1,1,1,1,0.8400000000000001
SYNTH_INA_0150,ARISE,Inattention to the road ahead,synthetic-topology-extension,fine,1,1,1,1,1,1,1,1,1,1,1,1
SYNTH_INA_0151,ARISE,Inattention to the road ahead,synthetic-topology-extension,fine,1,1,1,1,1,1,1,1,1,1,1,1
SYNTH_INA_0152,ARISE,Inattention to the road ahead,synthetic-topology-extension,fine,1,1,1,1,1,1,1,1,1,1,1,1
SYNTH_INA_0153,ARISE,Inattention to the road ahead,synthetic-topology-extension,fine,1,1,1,1,1,0,1,1,1,1,1,0.8400000000000001
SYNTH_INA_0154,ARISE,Inattention to the road ahead,synthetic-topology-extension,fine,1,1,1,1,1,0,1,1,1,1,1,0.8400000000000001
SYNTH_INA_0155,ARISE,Inattention to the road ahead,synthetic-topology-extension,fine,1,1,1,1,1,0,1,1,1,1,1,0.8400000000000001
SYNTH_INA_0156,ARISE,Inattention to the road ahead,synthetic-topology-extension,fine,1,1,0,1,0,0,1,1,1,1,0,0.7
SYNTH_INA_0157,ARISE,Inattention to the road ahead,synthetic-topology-extension,fine,1,1,1,1,1,1,1,1,1,1,1,1
SYNTH_INA_0158,ARISE,Inattention to the road ahead,synthetic-topology-extension,fine,1,1,0,1,0,0,1,1,1,1,0,0.7
SYNTH_INA_0159,ARISE,Inattention to the road ahead,synthetic-topology-extension,fine,1,1,1,1,1,0,1,1,1,1,1,0.8400000000000001
SYNTH_INA_0160,ARISE,Inattention to the road ahead,synthetic-topology-extension,fine,1,1,1,1,1,0,1,1,1,1,1,0.8400000000000001
SYNTH_INA_0161,ARISE,Inattention to the road ahead,synthetic-topology-extension,fine,1,1,1,1,1,0,1,1,1,1,1,0.8400000000000001
SYNTH_INA_0162,ARISE,Inattention to the road ahead,synthetic-topology-extension,fine,1,1,0,1,0,0,1,1,1,1,0,0.7
SYNTH_INA_0163,ARISE,Inattention to the road ahead,synthetic-topology-extension,fine,1,0,1,1,1,0,1,1,1,1,1,0.8400000000000001
SYNTH_INA_0164,ARISE,Inattention to the road ahead,synthetic-topology-extension,fine,1,0,1,1,0,0,1,1,1,1,1,0.74
SYNTH_INA_0165,ARISE,Inattention to the road ahead,synthetic-topology-extension,fine,1,1,1,1,1,1,1,1,1,1,1,1
SYNTH_INA_0166,ARISE,Inattention to the road ahead,synthetic-topology-extension,fine,1,1,0,1,0,0,1,1,1,1,0,0.7
SYNTH_INA_0167,ARISE,Inattention to the road ahead,synthetic-topology-extension,fine,1,0,0,1,0,0,1,1,1,1,0,0.7
SYNTH_INA_0168,ARISE,Inattention to the road ahead,synthetic-topology-extension,fine,1,0,0,1,0,0,1,1,1,1,0,0.7
SYNTH_INA_0169,ARISE,Inattention to the road ahead,synthetic-topology-extension,fine,1,1,0,1,0,0,1,1,1,1,0,0.7
SYNTH_INA_0170,ARISE,Inattention to the road ahead,synthetic-topology-extension,fine,1,1,0,1,0,0,1,1,1,1,0,0.7
SYNTH_INA_0171,ARISE,Inattention to the road ahead,synthetic-topology-extension,fine,1,1,1,1,1,0,1,1,1,1,1,0.8400000000000001
SYNTH_INA_0172,ARISE,Inattention to the road ahead,synthetic-topology-extension,fine,1,1,1,1,1,1,1,1,1,1,1,1
SYNTH_INA_0173,ARISE,Inattention to the road ahead,synthetic-topology-extension,fine,1,1,1,1,1,0,1,1,1,1,1,0.8400000000000001
SYNTH_INA_0174,ARISE,Inattention to the road ahead,synthetic-topology-extension,fine,1,1,1,1,1,1,1,1,1,1,1,1
SYNTH_INA_0175,ARISE,Inattention to the road ahead,synthetic-topology-extension,fine,1,1,1,1,1,1,1,1,1,1,1,1
SYNTH_INA_0176,ARISE,Inattention to the road ahead,synthetic-topology-extension,fine,1,1,1,1,1,1,1,1,1,1,1,1
SYNTH_INA_0177,ARISE,Inattention to the road ahead,synthetic-topology-extension,fine,1,1,1,1,1,0,1,1,1,1,1,0.8400000000000001
SYNTH_INA_0178,ARISE,Inattention to the road ahead,synthetic-topology-extension,fine,1,0,1,1,1,0,1,1,1,1,1,0.8400000000000001
SYNTH_INA_0179,ARISE,Inattention to the road ahead,synthetic-topology-extension,fine,1,1,1,1,1,0,1,1,1,1,1,0.8400000000000001
SYNTH_INA_0180,ARISE,Inattention to the road ahead,synthetic-topology-extension,fine,1,1,1,1,1,1,1,1,1,1,1,1
SYNTH_INA_0181,ARISE,Inattention to the road ahead,synthetic-topology-extension,fine,1,1,0,1,0,0,1,1,1,1,0,0.7
SYNTH_INA_0182,ARISE,Inattention to the road ahead,synthetic-topology-extension,fine,1,1,1,1,1,1,1,1,1,1,1,1
SYNTH_INA_0183,ARISE,Inattention to the road ahead,synthetic-topology-extension,fine,1,1,0,1,0,0,1,1,1,1,0,0.7
SYNTH_INA_0184,ARISE,Inattention to the road ahead,synthetic-topology-extension,fine,1,1,1,1,1,0,1,1,1,1,1,0.8400000000000001
SYNTH_INA_0185,ARISE,Inattention to the road ahead,synthetic-topology-extension,fine,1,1,1,1,1,0,1,1,1,1,1,0.8400000000000001
SYNTH_INA_0186,ARISE,Inattention to the road ahead,synthetic-topology-extension,fine,1,1,1,1,1,1,1,1,1,1,1,1
SYNTH_INA_0187,ARISE,Inattention to the road ahead,synthetic-topology-extension,fine,0,0,0,,,,,,,,,
SYNTH_INA_0188,ARISE,Inattention to the road ahead,synthetic-topology-extension,fine,1,1,1,1,1,0,1,1,1,1,1,0.8400000000000001
SYNTH_INA_0189,ARISE,Inattention to the road ahead,synthetic-topology-extension,fine,1,0,1,1,0,0,1,1,1,1,1,0.74
SYNTH_INA_0190,ARISE,Inattention to the road ahead,synthetic-topology-extension,fine,1,1,1,1,1,1,1,1,1,1,1,1
SYNTH_INA_0191,ARISE,Inattention to the road ahead,synthetic-topology-extension,fine,1,0,1,1,1,0,1,1,1,1,1,0.8400000000000001
SYNTH_INA_0192,ARISE,Inattention to the road ahead,synthetic-topology-extension,fine,1,1,1,1,1,0,1,1,1,1,1,0.8400000000000001
SYNTH_INA_0193,ARISE,Inattention to the road ahead,synthetic-topology-extension,fine,1,1,1,1,1,0,1,1,1,1,1,0.8400000000000001
SYNTH_INA_0194,ARISE,Inattention to the road ahead,synthetic-topology-extension,fine,1,1,1,1,1,1,1,1,1,1,1,1
SYNTH_INA_0195,ARISE,Inattention to the road ahead,synthetic-topology-extension,fine,1,1,1,1,1,1,1,1,1,1,1,1
SYNTH_INA_0196,ARISE,Inattention to the road ahead,synthetic-topology-extension,fine,1,1,0,1,0,0,1,1,1,1,0,0.7
SYNTH_INA_0197,ARISE,Inattention to the road ahead,synthetic-topology-extension,fine,1,1,0,1,0,0,1,1,1,1,0,0.7
SYNTH_INA_0198,ARISE,Inattention to the road ahead,synthetic-topology-extension,fine,1,0,1,1,1,0,1,1,1,1,1,0.8400000000000001
SYNTH_INA_0199,ARISE,Inattention to the road ahead,synthetic-topology-extension,fine,1,0,0,1,0,0,1,1,1,1,0,0.7
SYNTH_INA_0200,ARISE,Inattention to the road ahead,synthetic-topology-extension,fine,1,1,1,1,1,1,1,1,1,1,1,1
SYNTH_INA_0201,ARISE,Inattention to the road ahead,synthetic-topology-extension,fine,1,1,1,1,1,1,1,1,1,1,1,1
SYNTH_INA_0202,ARISE,Inattention to the road ahead,synthetic-topology-extension,fine,1,0,1,1,0,0,1,1,1,1,1,0.74
SYNTH_INA_0203,ARISE,Inattention to the road ahead,synthetic-topology-extension,fine,1,0,1,1,1,0,1,1,1,1,1,0.8400000000000001
SYNTH_INA_0204,ARISE,Inattention to the road ahead,synthetic-topology-extension,fine,1,1,0,1,0,0,1,1,1,1,0,0.7
SYNTH_INA_0205,ARISE,Inattention to the road ahead,synthetic-topology-extension,fine,1,1,1,1,1,0,1,1,1,1,1,0.8400000000000001
SYNTH_INA_0206,ARISE,Inattention to the road ahead,synthetic-topology-extension,fine,1,1,1,1,1,0,1,1,1,1,1,0.8400000000000001
SYNTH_INA_0207,ARISE,Inattention to the road ahead,synthetic-topology-extension,fine,1,1,0,1,0,0,1,1,1,1,0,0.7
SYNTH_INA_0208,ARISE,Inattention to the road ahead,synthetic-topology-extension,fine,1,1,0,1,0,0,1,1,1,1,0,0.7
SYNTH_INA_0209,ARISE,Inattention to the road ahead,synthetic-topology-extension,fine,1,1,1,1,1,1,1,1,1,1,1,1
SYNTH_INA_0210,ARISE,Inattention to the road ahead,synthetic-topology-extension,fine,1,1,1,1,1,0,1,1,1,1,1,0.8400000000000001
SYNTH_INA_0211,ARISE,Inattention to the road ahead,synthetic-topology-extension,fine,1,1,0,1,0,0,1,1,1,1,0,0.7
SYNTH_INA_0212,ARISE,Inattention to the road ahead,synthetic-topology-extension,fine,1,1,1,1,1,0,1,1,1,1,1,0.8400000000000001
SYNTH_INA_0213,ARISE,Inattention to the road ahead,synthetic-topology-extension,fine,1,1,0,1,0,0,1,1,1,1,0,0.7
SYNTH_INA_0214,ARISE,Inattention to the road ahead,synthetic-topology-extension,fine,1,1,0,1,0,0,1,1,1,1,0,0.7
SYNTH_INA_0215,ARISE,Inattention to the road ahead,synthetic-topology-extension,fine,1,1,1,1,1,0,1,1,1,1,1,0.8400000000000001
SYNTH_INA_0216,ARISE,Inattention to the road ahead,synthetic-topology-extension,fine,1,0,1,1,0,0,1,1,1,1,0,0.7
SYNTH_INA_0217,ARISE,Inattention to the road ahead,synthetic-topology-extension,fine,1,1,1,1,1,0,1,1,1,1,1,0.8400000000000001
NHTSA_FTY_0001,ARISE,Failure to yield,NHTSA-derived,fine,1,0,0,1,0,0,1,1,1,1,0,0.7
NHTSA_FTY_0002,ARISE,Failure to yield,NHTSA-derived,fine,1,0,1,1,1,0,1,1,1,1,1,0.8400000000000001
NHTSA_FTY_0003,ARISE,Failure to yield,NHTSA-derived,fine,1,0,1,1,1,0,1,1,1,1,1,0.8400000000000001
NHTSA_FTY_0004,ARISE,Failure to yield,NHTSA-derived,fine,1,0,1,1,0,0,1,1,1,1,1,0.74
NHTSA_FTY_0005,ARISE,Failure to yield,NHTSA-derived,fine,1,0,1,1,1,0,1,1,1,1,1,0.8400000000000001
NHTSA_FTY_0006,ARISE,Failure to yield,NHTSA-derived,fine,1,0,0,1,0,0,1,1,1,1,0,0.7
NHTSA_FTY_0007,ARISE,Failure to yield,NHTSA-derived,coarse,1,0,0,1,0,0,1,1,1,1,0,0.7
NHTSA_FTY_0008,ARISE,Failure to yield,NHTSA-derived,coarse,0,0,1,,,,,,,,,
NHTSA_FTY_0009,ARISE,Failure to yield,NHTSA-derived,coarse,1,0,1,1,0,0,1,1,1,1,1,0.74
NHTSA_FTY_0010,ARISE,Failure to yield,NHTSA-derived,coarse,1,0,1,1,1,0,1,1,1,1,1,0.8400000000000001
NHTSA_FTY_0011,ARISE,Failure to yield,NHTSA-derived,coarse,1,0,0,1,0,0,1,1,1,1,0,0.7
NHTSA_FTY_0012,ARISE,Failure to yield,NHTSA-derived,coarse,1,0,1,1,0,0,1,1,1,1,1,0.74
NHTSA_FTY_0013,ARISE,Failure to yield,NHTSA-derived,coarse,1,0,1,1,1,0,1,1,1,1,1,0.8400000000000001
NHTSA_FTY_0014,ARISE,Failure to yield,NHTSA-derived,coarse,1,0,1,1,1,0,1,1,1,1,1,0.8400000000000001
NHTSA_FTY_0015,ARISE,Failure to yield,NHTSA-derived,coarse,1,0,0,1,0,0,1,1,1,1,0,0.7
NHTSA_FTY_0016,ARISE,Failure to yield,NHTSA-derived,coarse,1,0,1,1,0,0,1,1,1,1,1,0.74
NHTSA_FTY_0017,ARISE,Failure to yield,NHTSA-derived,coarse,1,0,1,1,0,0,1,1,1,1,0,0.7
NHTSA_FTY_0018,ARISE,Failure to yield,NHTSA-derived,coarse,1,0,1,1,1,0,1,1,1,1,1,0.8400000000000001
NHTSA_FTY_0019,ARISE,Failure to yield,NHTSA-derived,coarse,1,0,1,1,1,0,1,1,1,1,1,0.8400000000000001
NHTSA_FTY_0020,ARISE,Failure to yield,NHTSA-derived,coarse,1,0,1,1,1,0,1,1,1,1,1,0.8400000000000001
NHTSA_FTY_0021,ARISE,Failure to yield,NHTSA-derived,coarse,1,0,1,1,1,0,1,1,1,1,1,0.8400000000000001
NHTSA_FTY_0022,ARISE,Failure to yield,NHTSA-derived,coarse,1,0,0,1,0,0,1,1,1,1,0,0.7
NHTSA_FTY_0023,ARISE,Failure to yield,NHTSA-derived,coarse,1,0,1,1,1,0,1,1,1,1,1,0.8400000000000001
NHTSA_FTY_0024,ARISE,Failure to yield,NHTSA-derived,coarse,0,0,1,,,,,,,,,
NHTSA_FTY_0025,ARISE,Failure to yield,NHTSA-derived,coarse,1,0,1,1,1,0,1,1,1,1,1,0.8400000000000001
NHTSA_FTY_0026,ARISE,Failure to yield,NHTSA-derived,coarse,1,0,1,1,1,0,1,1,1,1,1,0.8400000000000001
NHTSA_FTY_0027,ARISE,Failure to yield,NHTSA-derived,coarse,0,0,1,,,,,,,,,
NHTSA_FTY_0028,ARISE,Failure to yield,NHTSA-derived,coarse,1,0,1,1,0,0,1,1,1,1,0,0.7
NHTSA_FTY_0029,ARISE,Failure to yield,NHTSA-derived,coarse,1,0,1,1,0,0,1,1,1,1,1,0.74
NHTSA_FTY_0030,ARISE,Failure to yield,NHTSA-derived,coarse,1,0,1,1,1,0,1,1,1,1,1,0.8400000000000001
NHTSA_FTY_0031,ARISE,Failure to yield,NHTSA-derived,coarse,1,0,1,1,0,0,1,1,1,1,1,0.74
NHTSA_FTY_0032,ARISE,Failure to yield,NHTSA-derived,coarse,1,0,1,1,1,0,1,1,1,1,1,0.8400000000000001
NHTSA_FTY_0033,ARISE,Failure to yield,NHTSA-derived,coarse,1,0,1,1,0,0,1,1,1,1,1,0.74
NHTSA_FTY_0034,ARISE,Failure to yield,NHTSA-derived,coarse,1,0,1,1,0,0,1,1,1,1,1,0.74
NHTSA_FTY_0035,ARISE,Failure to yield,NHTSA-derived,coarse,1,1,1,1,1,1,1,1,1,1,1,1
NHTSA_FTY_0036,ARISE,Failure to yield,NHTSA-derived,coarse,1,0,0,1,0,0,1,1,1,1,0,0.7
NHTSA_FTY_0037,ARISE,Failure to yield,NHTSA-derived,coarse,1,0,1,1,1,0,1,1,1,1,1,0.8400000000000001
NHTSA_FTY_0038,ARISE,Failure to yield,NHTSA-derived,coarse,1,0,1,1,0,0,1,1,1,1,1,0.74
NHTSA_FTY_0039,ARISE,Failure to yield,NHTSA-derived,coarse,1,0,1,1,0,0,1,1,1,1,1,0.74
NHTSA_FTY_0040,ARISE,Failure to yield,NHTSA-derived,coarse,1,0,1,1,1,0,1,1,1,1,1,0.8400000000000001
NHTSA_FTY_0041,ARISE,Failure to yield,NHTSA-derived,coarse,1,0,0,1,0,0,1,1,1,1,0,0.7
NHTSA_FTY_0042,ARISE,Failure to yield,NHTSA-derived,coarse,1,0,1,1,1,0,1,1,1,1,1,0.8400000000000001
NHTSA_FTY_0043,ARISE,Failure to yield,NHTSA-derived,coarse,1,0,1,1,0,0,1,1,1,1,1,0.74
NHTSA_FTY_0044,ARISE,Failure to yield,NHTSA-derived,coarse,1,0,1,1,1,0,1,1,1,1,1,0.8400000000000001
NHTSA_FTY_0045,ARISE,Failure to yield,NHTSA-derived,coarse,1,0,1,1,0,0,1,1,1,1,1,0.74
NHTSA_FTY_0046,ARISE,Failure to yield,NHTSA-derived,coarse,1,0,1,1,1,0,1,1,1,1,1,0.8400000000000001
NHTSA_FTY_0047,ARISE,Failure to yield,NHTSA-derived,coarse,1,0,1,1,1,0,1,1,1,1,1,0.8400000000000001
NHTSA_FTY_0048,ARISE,Failure to yield,NHTSA-derived,coarse,1,0,1,1,1,0,1,1,1,1,1,0.8400000000000001
NHTSA_FTY_0049,ARISE,Failure to yield,NHTSA-derived,coarse,1,0,1,1,1,0,1,1,1,1,1,0.8400000000000001
NHTSA_FTY_0050,ARISE,Failure to yield,NHTSA-derived,coarse,0,0,0,,,,,,,,,
NHTSA_FTY_0051,ARISE,Failure to yield,NHTSA-derived,coarse,1,0,1,1,1,0,1,1,1,1,1,0.8400000000000001
NHTSA_FTY_0052,ARISE,Failure to yield,NHTSA-derived,coarse,1,0,1,1,1,0,1,1,1,1,1,0.8400000000000001
NHTSA_FTY_0053,ARISE,Failure to yield,NHTSA-derived,coarse,1,0,1,1,1,0,1,1,1,1,1,0.8400000000000001
NHTSA_FTY_0054,ARISE,Failure to yield,NHTSA-derived,coarse,1,0,1,1,1,0,1,1,1,1,1,0.8400000000000001
NHTSA_FTY_0055,ARISE,Failure to yield,NHTSA-derived,coarse,1,0,1,1,1,0,1,1,1,1,1,0.8400000000000001
NHTSA_FTY_0056,ARISE,Failure to yield,NHTSA-derived,coarse,1,0,0,1,0,0,1,1,1,1,0,0.7
NHTSA_FTY_0057,ARISE,Failure to yield,NHTSA-derived,coarse,1,0,1,1,1,0,1,1,1,1,1,0.8400000000000001
NHTSA_FTY_0058,ARISE,Failure to yield,NHTSA-derived,coarse,1,0,1,1,1,0,1,1,1,1,1,0.8400000000000001
NHTSA_FTY_0059,ARISE,Failure to yield,NHTSA-derived,coarse,0,0,0,,,,,,,,,
NHTSA_FTY_0060,ARISE,Failure to yield,NHTSA-derived,coarse,1,0,0,1,0,0,1,1,1,1,0,0.7
NHTSA_FTY_0061,ARISE,Failure to yield,NHTSA-derived,coarse,1,0,1,1,1,0,1,1,1,1,1,0.8400000000000001
NHTSA_FTY_0062,ARISE,Failure to yield,NHTSA-derived,coarse,0,0,0,,,,,,,,,
NHTSA_FTY_0063,ARISE,Failure to yield,NHTSA-derived,coarse,0,0,1,,,,,,,,,
NHTSA_FTY_0064,ARISE,Failure to yield,NHTSA-derived,coarse,1,0,1,1,1,0,1,1,1,1,1,0.8400000000000001
NHTSA_FTY_0065,ARISE,Failure to yield,NHTSA-derived,coarse,1,0,1,1,1,0,1,1,1,1,1,0.8400000000000001
NHTSA_FTY_0066,ARISE,Failure to yield,NHTSA-derived,coarse,1,0,1,1,0,0,1,1,1,1,1,0.74
NHTSA_FTY_0067,ARISE,Failure to yield,NHTSA-derived,coarse,0,0,1,,,,,,,,,
NHTSA_FTY_0068,ARISE,Failure to yield,NHTSA-derived,coarse,0,0,1,,,,,,,,,
NHTSA_FTY_0069,ARISE,Failure to yield,NHTSA-derived,coarse,1,0,1,1,0,0,1,1,1,1,1,0.74
NHTSA_FTY_0070,ARISE,Failure to yield,NHTSA-derived,coarse,1,0,1,1,0,0,1,1,1,1,1,0.74
NHTSA_FTY_0071,ARISE,Failure to yield,NHTSA-derived,coarse,1,0,1,1,0,0,1,1,1,1,1,0.74
NHTSA_FTY_0072,ARISE,Failure to yield,NHTSA-derived,coarse,1,0,1,1,1,0,1,1,1,1,1,0.8400000000000001
NHTSA_FTY_0073,ARISE,Failure to yield,NHTSA-derived,coarse,1,0,1,1,0,0,1,1,1,1,1,0.74
NHTSA_FTY_0074,ARISE,Failure to yield,NHTSA-derived,coarse,1,0,1,1,1,0,1,1,1,1,1,0.8400000000000001
NHTSA_FTY_0075,ARISE,Failure to yield,NHTSA-derived,coarse,1,0,1,1,0,0,1,1,1,1,1,0.74
NHTSA_FTY_0076,ARISE,Failure to yield,NHTSA-derived,coarse,1,0,1,1,1,0,1,1,1,1,1,0.8400000000000001
NHTSA_FTY_0077,ARISE,Failure to yield,NHTSA-derived,coarse,1,0,1,1,1,0,1,1,1,1,1,0.8400000000000001
NHTSA_FTY_0078,ARISE,Failure to yield,NHTSA-derived,coarse,1,0,1,1,0,0,1,1,1,1,1,0.74
NHTSA_FTY_0079,ARISE,Failure to yield,NHTSA-derived,coarse,1,0,1,1,0,0,1,1,1,1,1,0.74
NHTSA_FTY_0080,ARISE,Failure to yield,NHTSA-derived,coarse,1,0,1,1,0,0,1,1,1,1,1,0.74
NHTSA_FTY_0081,ARISE,Failure to yield,NHTSA-derived,coarse,1,0,0,1,0,0,1,1,1,1,0,0.7
NHTSA_FTY_0082,ARISE,Failure to yield,NHTSA-derived,coarse,1,0,0,1,0,0,1,1,1,1,0,0.7
NHTSA_FTY_0083,ARISE,Failure to yield,NHTSA-derived,coarse,1,0,1,1,1,0,1,1,1,1,1,0.8400000000000001
NHTSA_FTY_0084,ARISE,Failure to yield,NHTSA-derived,coarse,1,0,1,1,0,0,1,1,1,1,0,0.7
NHTSA_FTY_0085,ARISE,Failure to yield,NHTSA-derived,coarse,1,0,1,1,0,0,1,1,1,1,1,0.74
NHTSA_FTY_0086,ARISE,Failure to yield,NHTSA-derived,coarse,1,0,1,1,1,0,1,1,1,1,1,0.8400000000000001
NHTSA_FTY_0087,ARISE,Failure to yield,NHTSA-derived,coarse,0,0,1,,,,,,,,,
NHTSA_FTY_0088,ARISE,Failure to yield,NHTSA-derived,coarse,1,0,1,1,0,0,1,1,1,1,1,0.74
NHTSA_FTY_0089,ARISE,Failure to yield,NHTSA-derived,coarse,1,0,1,1,1,0,1,1,1,1,1,0.8400000000000001
NHTSA_FTY_0090,ARISE,Failure to yield,NHTSA-derived,coarse,1,0,1,1,0,0,1,1,1,1,0,0.7
NHTSA_FTY_0091,ARISE,Failure to yield,NHTSA-derived,coarse,1,0,1,1,0,0,1,1,1,1,1,0.74
NHTSA_FTY_0092,ARISE,Failure to yield,NHTSA-derived,coarse,1,0,1,1,1,0,1,1,1,1,1,0.8400000000000001
NHTSA_FTY_0093,ARISE,Failure to yield,NHTSA-derived,coarse,1,0,1,1,1,0,1,1,1,1,1,0.8400000000000001
NHTSA_FTY_0094,ARISE,Failure to yield,NHTSA-derived,coarse,0,0,1,,,,,,,,,
NHTSA_FTY_0095,ARISE,Failure to yield,NHTSA-derived,coarse,0,0,1,,,,,,,,,
NHTSA_FTY_0096,ARISE,Failure to yield,NHTSA-derived,coarse,1,0,1,1,0,0,1,1,1,1,1,0.74
NHTSA_FTY_0097,ARISE,Failure to yield,NHTSA-derived,coarse,1,0,1,1,0,0,1,1,1,1,1,0.74
NHTSA_FTY_0098,ARISE,Failure to yield,NHTSA-derived,coarse,1,0,0,1,0,0,1,1,1,1,0,0.7
NHTSA_FTY_0099,ARISE,Failure to yield,NHTSA-derived,coarse,1,0,1,1,0,0,1,1,1,1,1,0.74
NHTSA_FTY_0100,ARISE,Failure to yield,NHTSA-derived,coarse,0,0,1,,,,,,,,,
NHTSA_FTY_0101,ARISE,Failure to yield,NHTSA-derived,coarse,1,0,1,1,1,0,1,1,1,1,1,0.8400000000000001
NHTSA_FTY_0102,ARISE,Failure to yield,NHTSA-derived,coarse,1,0,1,1,1,0,1,1,1,1,1,0.8400000000000001
NHTSA_FTY_0103,ARISE,Failure to yield,NHTSA-derived,coarse,0,0,1,,,,,,,,,
NHTSA_FTY_0104,ARISE,Failure to yield,NHTSA-derived,coarse,1,0,1,1,0,0,1,1,1,1,1,0.74
NHTSA_FTY_0105,ARISE,Failure to yield,NHTSA-derived,coarse,1,0,1,1,0,0,1,1,1,1,0,0.7
NHTSA_FTY_0106,ARISE,Failure to yield,NHTSA-derived,coarse,1,0,1,1,1,0,1,1,1,1,1,0.8400000000000001
NHTSA_FTY_0107,ARISE,Failure to yield,NHTSA-derived,coarse,1,0,1,1,0,0,1,1,1,1,1,0.74
NHTSA_FTY_0108,ARISE,Failure to yield,NHTSA-derived,coarse,1,0,0,1,0,0,1,1,1,1,0,0.7
NHTSA_FTY_0109,ARISE,Failure to yield,NHTSA-derived,coarse,1,0,1,1,1,0,1,1,1,1,1,0.8400000000000001
NHTSA_FTY_0110,ARISE,Failure to yield,NHTSA-derived,coarse,1,0,0,1,0,0,1,1,1,1,0,0.7
NHTSA_FTY_0111,ARISE,Failure to yield,NHTSA-derived,coarse,1,0,1,1,1,0,1,1,1,1,1,0.8400000000000001
NHTSA_FTY_0112,ARISE,Failure to yield,NHTSA-derived,coarse,1,0,0,1,0,0,1,1,1,1,0,0.7
NHTSA_FTY_0113,ARISE,Failure to yield,NHTSA-derived,coarse,1,0,1,1,0,0,1,1,1,1,1,0.74
NHTSA_FTY_0114,ARISE,Failure to yield,NHTSA-derived,coarse,0,0,0,,,,,,,,,
NHTSA_FTY_0115,ARISE,Failure to yield,NHTSA-derived,coarse,1,0,1,1,1,0,1,1,1,1,1,0.8400000000000001
NHTSA_FTY_0116,ARISE,Failure to yield,NHTSA-derived,coarse,1,0,1,1,1,0,1,1,1,1,1,0.8400000000000001
NHTSA_FTY_0117,ARISE,Failure to yield,NHTSA-derived,coarse,0,0,1,,,,,,,,,
NHTSA_FTY_0118,ARISE,Failure to yield,NHTSA-derived,coarse,1,1,0,1,0,0,1,1,1,1,0,0.7
NHTSA_FTY_0119,ARISE,Failure to yield,NHTSA-derived,coarse,1,1,1,1,1,1,1,1,1,1,1,1
NHTSA_FTY_0120,ARISE,Failure to yield,NHTSA-derived,coarse,1,0,1,1,0,0,1,1,1,1,1,0.74
NHTSA_FTY_0121,ARISE,Failure to yield,NHTSA-derived,coarse,0,0,1,,,,,,,,,
NHTSA_FTY_0122,ARISE,Failure to yield,NHTSA-derived,coarse,1,0,1,1,0,0,1,1,1,1,1,0.74
NHTSA_FTY_0123,ARISE,Failure to yield,NHTSA-derived,coarse,1,0,0,1,0,0,1,1,1,1,0,0.7
NHTSA_FTY_0124,ARISE,Failure to yield,NHTSA-derived,coarse,1,0,1,1,1,0,1,1,1,1,1,0.8400000000000001
NHTSA_FTY_0125,ARISE,Failure to yield,NHTSA-derived,coarse,0,0,0,,,,,,,,,
NHTSA_FTY_0126,ARISE,Failure to yield,NHTSA-derived,coarse,1,0,0,1,0,0,1,1,1,1,0,0.7
NHTSA_FTY_0127,ARISE,Failure to yield,NHTSA-derived,coarse,1,0,1,1,1,0,1,1,1,1,1,0.8400000000000001
NHTSA_FTY_0128,ARISE,Failure to yield,NHTSA-derived,coarse,0,0,1,,,,,,,,,
NHTSA_FTY_0129,ARISE,Failure to yield,NHTSA-derived,coarse,1,0,0,1,0,0,1,1,1,1,0,0.7
NHTSA_FTY_0130,ARISE,Failure to yield,NHTSA-derived,coarse,1,0,1,1,1,0,1,1,1,1,1,0.8400000000000001
NHTSA_FTY_0131,ARISE,Failure to yield,NHTSA-derived,coarse,0,0,1,,,,,,,,,
NHTSA_FTY_0132,ARISE,Failure to yield,NHTSA-derived,coarse,1,0,1,1,0,0,1,1,1,1,1,0.74
NHTSA_FTY_0133,ARISE,Failure to yield,NHTSA-derived,coarse,1,0,1,1,1,0,1,1,1,1,1,0.8400000000000001
NHTSA_FTY_0134,ARISE,Failure to yield,NHTSA-derived,coarse,1,0,1,1,0,0,1,1,1,1,1,0.74
NHTSA_FTY_0135,ARISE,Failure to yield,NHTSA-derived,coarse,1,0,1,1,0,0,1,1,1,1,1,0.74
NHTSA_FTY_0136,ARISE,Failure to yield,NHTSA-derived,coarse,1,0,1,1,0,0,1,1,1,1,1,0.74
NHTSA_FTY_0137,ARISE,Failure to yield,NHTSA-derived,coarse,0,0,1,,,,,,,,,
NHTSA_FTY_0138,ARISE,Failure to yield,NHTSA-derived,coarse,1,0,1,1,0,0,1,1,1,1,1,0.74
NHTSA_FTY_0139,ARISE,Failure to yield,NHTSA-derived,coarse,1,0,1,1,0,0,1,1,1,1,1,0.74
NHTSA_FTY_0140,ARISE,Failure to yield,NHTSA-derived,coarse,1,0,1,1,0,0,1,1,1,1,1,0.74
NHTSA_FTY_0141,ARISE,Failure to yield,NHTSA-derived,coarse,1,0,1,1,1,0,1,1,1,1,1,0.8400000000000001
NHTSA_FTY_0142,ARISE,Failure to yield,NHTSA-derived,coarse,1,0,1,1,1,0,1,1,1,1,1,0.8400000000000001
NHTSA_FTY_0143,ARISE,Failure to yield,NHTSA-derived,coarse,1,0,1,1,1,0,1,1,1,1,1,0.8400000000000001
NHTSA_FTY_0144,ARISE,Failure to yield,NHTSA-derived,coarse,1,0,1,1,1,0,1,1,1,1,1,0.8400000000000001
NHTSA_FTY_0145,ARISE,Failure to yield,NHTSA-derived,coarse,1,0,1,1,0,0,1,1,1,1,1,0.74
NHTSA_FTY_0146,ARISE,Failure to yield,NHTSA-derived,coarse,1,0,1,1,0,0,1,1,1,1,1,0.74
NHTSA_FTY_0147,ARISE,Failure to yield,NHTSA-derived,coarse,1,0,1,1,0,0,1,1,1,1,1,0.74
NHTSA_FTY_0148,ARISE,Failure to yield,NHTSA-derived,coarse,1,0,1,1,1,0,1,1,1,1,1,0.8400000000000001
NHTSA_FTY_0149,ARISE,Failure to yield,NHTSA-derived,coarse,1,0,1,1,1,0,1,1,1,1,1,0.8400000000000001
NHTSA_FTY_0150,ARISE,Failure to yield,NHTSA-derived,coarse,1,0,0,1,0,0,1,1,1,1,0,0.7
NHTSA_FTY_0151,ARISE,Failure to yield,NHTSA-derived,coarse,1,0,1,1,0,0,1,1,1,1,1,0.74
NHTSA_FTY_0152,ARISE,Failure to yield,NHTSA-derived,coarse,1,0,1,1,1,0,1,1,1,1,1,0.8400000000000001
NHTSA_FTY_0153,ARISE,Failure to yield,NHTSA-derived,coarse,1,0,1,1,1,0,1,1,1,1,1,0.8400000000000001
NHTSA_FTY_0154,ARISE,Failure to yield,NHTSA-derived,coarse,1,0,1,1,1,0,1,1,1,1,1,0.8400000000000001
NHTSA_FTY_0155,ARISE,Failure to yield,NHTSA-derived,coarse,1,0,0,1,0,0,1,1,1,1,0,0.7
NHTSA_FTY_0156,ARISE,Failure to yield,NHTSA-derived,coarse,1,0,1,1,1,0,1,1,1,1,1,0.8400000000000001
NHTSA_FTY_0157,ARISE,Failure to yield,NHTSA-derived,coarse,1,0,1,1,0,0,1,1,1,1,1,0.74
NHTSA_FTY_0158,ARISE,Failure to yield,NHTSA-derived,coarse,0,0,1,,,,,,,,,
NHTSA_FTY_0159,ARISE,Failure to yield,NHTSA-derived,coarse,0,0,1,,,,,,,,,
NHTSA_FTY_0160,ARISE,Failure to yield,NHTSA-derived,coarse,1,0,1,1,0,0,1,1,1,1,1,0.74
NHTSA_FTY_0161,ARISE,Failure to yield,NHTSA-derived,coarse,0,0,1,,,,,,,,,
NHTSA_FTY_0162,ARISE,Failure to yield,NHTSA-derived,coarse,1,0,1,1,0,0,1,1,1,1,1,0.74
NHTSA_FTY_0163,ARISE,Failure to yield,NHTSA-derived,coarse,0,0,1,,,,,,,,,
NHTSA_FTY_0164,ARISE,Failure to yield,NHTSA-derived,coarse,1,0,0,1,0,0,1,1,1,1,0,0.7
NHTSA_FTY_0165,ARISE,Failure to yield,NHTSA-derived,coarse,0,0,1,,,,,,,,,
NHTSA_FTY_0166,ARISE,Failure to yield,NHTSA-derived,coarse,0,0,1,,,,,,,,,
NHTSA_FTY_0167,ARISE,Failure to yield,NHTSA-derived,coarse,1,0,1,1,1,0,1,1,1,1,1,0.8400000000000001
NHTSA_FTY_0168,ARISE,Failure to yield,NHTSA-derived,coarse,0,0,1,,,,,,,,,
NHTSA_FTY_0169,ARISE,Failure to yield,NHTSA-derived,coarse,1,0,1,1,1,0,1,1,1,1,1,0.8400000000000001
NHTSA_FTY_0170,ARISE,Failure to yield,NHTSA-derived,coarse,0,0,1,,,,,,,,,
NHTSA_FTY_0171,ARISE,Failure to yield,NHTSA-derived,coarse,0,0,1,,,,,,,,,
NHTSA_FTY_0172,ARISE,Failure to yield,NHTSA-derived,coarse,1,0,1,1,1,0,1,1,1,1,1,0.8400000000000001
NHTSA_FTY_0173,ARISE,Failure to yield,NHTSA-derived,coarse,1,1,1,1,1,0,1,1,1,1,1,0.8400000000000001
NHTSA_FTY_0174,ARISE,Failure to yield,NHTSA-derived,coarse,1,0,1,1,1,0,1,1,1,1,1,0.8400000000000001
NHTSA_FTY_0175,ARISE,Failure to yield,NHTSA-derived,coarse,1,0,0,1,0,0,1,1,1,1,0,0.7
NHTSA_FTY_0176,ARISE,Failure to yield,NHTSA-derived,coarse,1,0,1,1,1,0,1,1,1,1,1,0.8400000000000001
NHTSA_FTY_0177,ARISE,Failure to yield,NHTSA-derived,coarse,0,0,1,,,,,,,,,
NHTSA_FTY_0178,ARISE,Failure to yield,NHTSA-derived,coarse,1,0,1,1,0,0,1,1,1,1,1,0.74
NHTSA_FTY_0179,ARISE,Failure to yield,NHTSA-derived,coarse,1,0,1,1,0,0,1,1,1,1,0,0.7
NHTSA_FTY_0180,ARISE,Failure to yield,NHTSA-derived,coarse,1,0,0,1,0,0,1,1,1,1,0,0.7
NHTSA_FTY_0181,ARISE,Failure to yield,NHTSA-derived,coarse,1,0,1,1,1,0,1,1,1,1,1,0.8400000000000001
NHTSA_FTY_0182,ARISE,Failure to yield,NHTSA-derived,coarse,1,0,1,1,1,0,1,1,1,1,1,0.8400000000000001
NHTSA_FTY_0183,ARISE,Failure to yield,NHTSA-derived,coarse,1,0,0,1,0,0,1,1,1,1,0,0.7
NHTSA_FTY_0184,ARISE,Failure to yield,NHTSA-derived,coarse,1,0,0,1,0,0,1,1,1,1,0,0.7
NHTSA_FTY_0185,ARISE,Failure to yield,NHTSA-derived,coarse,0,0,1,,,,,,,,,
NHTSA_FTY_0186,ARISE,Failure to yield,NHTSA-derived,coarse,1,0,1,1,0,0,1,1,1,1,0,0.7
NHTSA_FTY_0187,ARISE,Failure to yield,NHTSA-derived,coarse,0,0,1,,,,,,,,,
NHTSA_FTY_0188,ARISE,Failure to yield,NHTSA-derived,coarse,1,0,1,1,0,0,1,1,1,1,0,0.7
NHTSA_FTY_0189,ARISE,Failure to yield,NHTSA-derived,coarse,1,0,1,1,1,0,1,1,1,1,1,0.8400000000000001
NHTSA_FTY_0190,ARISE,Failure to yield,NHTSA-derived,coarse,1,0,1,1,1,0,1,1,1,1,1,0.8400000000000001
NHTSA_FTY_0191,ARISE,Failure to yield,NHTSA-derived,coarse,1,0,1,1,0,0,1,1,1,1,1,0.74
NHTSA_FTY_0192,ARISE,Failure to yield,NHTSA-derived,coarse,1,0,1,1,0,0,1,1,1,1,1,0.74
NHTSA_FTY_0193,ARISE,Failure to yield,NHTSA-derived,coarse,1,0,1,1,1,0,1,1,1,1,1,0.8400000000000001
NHTSA_FTY_0194,ARISE,Failure to yield,NHTSA-derived,coarse,1,0,1,1,1,0,1,1,1,1,1,0.8400000000000001
NHTSA_FTY_0195,ARISE,Failure to yield,NHTSA-derived,coarse,1,0,1,1,1,0,1,1,1,1,1,0.8400000000000001
NHTSA_FTY_0196,ARISE,Failure to yield,NHTSA-derived,coarse,1,0,1,1,0,0,1,1,1,1,1,0.74
NHTSA_FTY_0197,ARISE,Failure to yield,NHTSA-derived,coarse,1,0,1,1,1,0,1,1,1,1,1,0.8400000000000001
NHTSA_FTY_0198,ARISE,Failure to yield,NHTSA-derived,coarse,0,0,1,,,,,,,,,
NHTSA_FTY_0199,ARISE,Failure to yield,NHTSA-derived,coarse,0,0,1,,,,,,,,,
NHTSA_FTY_0200,ARISE,Failure to yield,NHTSA-derived,coarse,1,0,1,1,1,0,1,1,1,1,1,0.8400000000000001
NHTSA_FTY_0201,ARISE,Failure to yield,NHTSA-derived,coarse,1,1,1,1,1,0,1,1,1,1,1,0.8400000000000001
NHTSA_FTY_0202,ARISE,Failure to yield,NHTSA-derived,coarse,1,0,1,1,0,0,1,1,1,1,1,0.74
NHTSA_FTY_0203,ARISE,Failure to yield,NHTSA-derived,coarse,1,0,1,1,1,0,1,1,1,1,1,0.8400000000000001
NHTSA_FTY_0204,ARISE,Failure to yield,NHTSA-derived,coarse,1,0,1,1,0,0,1,1,1,1,1,0.74
NHTSA_FTY_0205,ARISE,Failure to yield,NHTSA-derived,coarse,1,0,1,1,1,0,1,1,1,1,1,0.8400000000000001
NHTSA_FTY_0206,ARISE,Failure to yield,NHTSA-derived,coarse,1,0,1,1,1,0,1,1,1,1,1,0.8400000000000001
NHTSA_FTY_0207,ARISE,Failure to yield,NHTSA-derived,coarse,0,0,1,,,,,,,,,
NHTSA_FTY_0208,ARISE,Failure to yield,NHTSA-derived,coarse,1,0,1,1,1,0,1,1,1,1,1,0.8400000000000001
NHTSA_FTY_0209,ARISE,Failure to yield,NHTSA-derived,coarse,1,0,1,1,1,0,1,1,1,1,1,0.8400000000000001
NHTSA_FTY_0210,ARISE,Failure to yield,NHTSA-derived,coarse,1,0,1,1,1,0,1,1,1,1,1,0.8400000000000001
NHTSA_FTY_0211,ARISE,Failure to yield,NHTSA-derived,coarse,0,0,1,,,,,,,,,
NHTSA_FTY_0212,ARISE,Failure to yield,NHTSA-derived,coarse,0,0,1,,,,,,,,,
NHTSA_FTY_0213,ARISE,Failure to yield,NHTSA-derived,coarse,1,0,0,1,0,0,1,1,1,1,0,0.7
NHTSA_FTY_0214,ARISE,Failure to yield,NHTSA-derived,coarse,1,0,0,1,0,0,1,1,1,1,0,0.7
NHTSA_FTY_0215,ARISE,Failure to yield,NHTSA-derived,coarse,1,0,1,1,0,0,1,1,1,1,0,0.7
NHTSA_FTY_0216,ARISE,Failure to yield,NHTSA-derived,coarse,1,0,1,1,1,0,1,1,1,1,1,0.8400000000000001
NHTSA_FTY_0217,ARISE,Failure to yield,NHTSA-derived,coarse,1,0,1,1,1,0,1,1,1,1,1,0.8400000000000001
NHTSA_FTY_0218,ARISE,Failure to yield,NHTSA-derived,coarse,1,0,1,1,1,0,1,1,1,1,1,0.8400000000000001
NHTSA_FTY_0219,ARISE,Failure to yield,NHTSA-derived,coarse,1,0,1,1,0,0,1,1,1,1,1,0.74
NHTSA_FTY_0220,ARISE,Failure to yield,NHTSA-derived,coarse,1,0,1,1,0,0,1,1,1,1,1,0.74
NHTSA_FTY_0221,ARISE,Failure to yield,NHTSA-derived,coarse,1,0,1,1,0,0,1,1,1,1,0,0.7
NHTSA_FTY_0222,ARISE,Failure to yield,NHTSA-derived,coarse,1,0,1,1,0,0,1,1,1,1,1,0.74
NHTSA_FTY_0223,ARISE,Failure to yield,NHTSA-derived,coarse,1,0,1,1,0,0,1,1,1,1,1,0.74
NHTSA_FTY_0224,ARISE,Failure to yield,NHTSA-derived,coarse,1,0,1,1,0,0,1,1,1,1,1,0.74
NHTSA_FTY_0225,ARISE,Failure to yield,NHTSA-derived,coarse,1,0,1,1,1,0,1,1,1,1,1,0.8400000000000001
NHTSA_FTY_0226,ARISE,Failure to yield,NHTSA-derived,coarse,1,0,1,1,1,0,1,1,1,1,1,0.8400000000000001
NHTSA_FTY_0227,ARISE,Failure to yield,NHTSA-derived,coarse,0,0,1,,,,,,,,,
NHTSA_FTY_0228,ARISE,Failure to yield,NHTSA-derived,coarse,1,0,1,1,1,0,1,1,1,1,1,0.8400000000000001
NHTSA_FTY_0229,ARISE,Failure to yield,NHTSA-derived,coarse,0,0,1,,,,,,,,,
NHTSA_FTY_0230,ARISE,Failure to yield,NHTSA-derived,coarse,1,0,1,1,1,0,1,1,1,1,1,0.8400000000000001
NHTSA_FTY_0231,ARISE,Failure to yield,NHTSA-derived,coarse,1,0,1,1,1,0,1,1,1,1,1,0.8400000000000001
NHTSA_FTY_0232,ARISE,Failure to yield,NHTSA-derived,coarse,0,0,1,,,,,,,,,
NHTSA_FTY_0233,ARISE,Failure to yield,NHTSA-derived,coarse,1,0,1,1,1,0,1,1,1,1,1,0.8400000000000001
NHTSA_FTY_0234,ARISE,Failure to yield,NHTSA-derived,coarse,1,0,1,1,1,0,1,1,1,1,1,0.8400000000000001
NHTSA_FTY_0235,ARISE,Failure to yield,NHTSA-derived,coarse,1,0,1,1,0,0,1,1,1,1,0,0.7
NHTSA_FTY_0236,ARISE,Failure to yield,NHTSA-derived,coarse,0,0,1,,,,,,,,,
NHTSA_FTY_0237,ARISE,Failure to yield,NHTSA-derived,coarse,0,0,1,,,,,,,,,
NHTSA_FTY_0238,ARISE,Failure to yield,NHTSA-derived,coarse,1,0,0,1,0,0,1,1,1,1,0,0.7
NHTSA_FTY_0239,ARISE,Failure to yield,NHTSA-derived,coarse,1,0,1,1,0,0,1,1,1,1,1,0.74
NHTSA_FTY_0240,ARISE,Failure to yield,NHTSA-derived,coarse,1,0,0,1,0,0,1,1,1,1,0,0.7
NHTSA_FTY_0241,ARISE,Failure to yield,NHTSA-derived,coarse,1,0,1,1,0,0,1,1,1,1,1,0.74
NHTSA_FTY_0242,ARISE,Failure to yield,NHTSA-derived,coarse,1,0,1,1,0,0,1,1,1,1,1,0.74
NHTSA_FTY_0243,ARISE,Failure to yield,NHTSA-derived,coarse,1,1,1,1,1,0,1,1,1,1,1,0.8400000000000001
NHTSA_FTY_0244,ARISE,Failure to yield,NHTSA-derived,coarse,1,0,1,1,1,0,1,1,1,1,1,0.8400000000000001
NHTSA_FTY_0245,ARISE,Failure to yield,NHTSA-derived,coarse,0,0,1,,,,,,,,,
NHTSA_FTY_0246,ARISE,Failure to yield,NHTSA-derived,coarse,1,0,1,1,1,0,1,1,1,1,1,0.8400000000000001
NHTSA_FTY_0247,ARISE,Failure to yield,NHTSA-derived,coarse,0,0,1,,,,,,,,,
NHTSA_FTY_0248,ARISE,Failure to yield,NHTSA-derived,coarse,0,0,1,,,,,,,,,
NHTSA_FTY_0249,ARISE,Failure to yield,NHTSA-derived,coarse,0,0,1,,,,,,,,,
NHTSA_FTY_0250,ARISE,Failure to yield,NHTSA-derived,coarse,1,0,0,1,0,0,1,1,1,1,0,0.7
NHTSA_FTY_0251,ARISE,Failure to yield,NHTSA-derived,coarse,1,0,1,1,0,0,1,1,1,1,1,0.74
NHTSA_FTY_0252,ARISE,Failure to yield,NHTSA-derived,coarse,1,0,1,1,1,0,1,1,1,1,1,0.8400000000000001
NHTSA_FTY_0253,ARISE,Failure to yield,NHTSA-derived,coarse,1,0,0,1,0,0,1,1,1,1,0,0.7
NHTSA_FTY_0254,ARISE,Failure to yield,NHTSA-derived,coarse,1,0,1,1,1,0,1,1,1,1,1,0.8400000000000001
NHTSA_FTY_0255,ARISE,Failure to yield,NHTSA-derived,coarse,0,0,1,,,,,,,,,
NHTSA_FTY_0256,ARISE,Failure to yield,NHTSA-derived,coarse,1,0,1,1,1,0,1,1,1,1,1,0.8400000000000001
NHTSA_FTY_0257,ARISE,Failure to yield,NHTSA-derived,coarse,0,0,1,,,,,,,,,
NHTSA_FTY_0258,ARISE,Failure to yield,NHTSA-derived,coarse,1,0,1,1,1,0,1,1,1,1,1,0.8400000000000001
NHTSA_FTY_0259,ARISE,Failure to yield,NHTSA-derived,coarse,0,0,0,,,,,,,,,
NHTSA_FTY_0260,ARISE,Failure to yield,NHTSA-derived,coarse,1,0,0,1,0,0,1,1,1,1,0,0.7
NHTSA_FTY_0261,ARISE,Failure to yield,NHTSA-derived,coarse,0,0,0,,,,,,,,,
NHTSA_FTY_0262,ARISE,Failure to yield,NHTSA-derived,coarse,1,0,1,1,0,0,1,1,1,1,1,0.74
NHTSA_FTY_0263,ARISE,Failure to yield,NHTSA-derived,coarse,1,0,0,1,0,0,1,1,1,1,0,0.7
NHTSA_FTY_0264,ARISE,Failure to yield,NHTSA-derived,coarse,1,0,0,1,0,0,1,1,1,1,0,0.7
NHTSA_FTY_0265,ARISE,Failure to yield,NHTSA-derived,coarse,1,0,0,1,0,0,1,1,1,1,0,0.7
NHTSA_FTY_0266,ARISE,Failure to yield,NHTSA-derived,coarse,1,0,1,1,0,0,1,1,1,1,1,0.74
NHTSA_FTY_0267,ARISE,Failure to yield,NHTSA-derived,coarse,1,0,1,1,0,0,1,1,1,1,1,0.74
NHTSA_FTY_0268,ARISE,Failure to yield,NHTSA-derived,coarse,1,0,1,1,1,0,1,1,1,1,1,0.8400000000000001
NHTSA_FTY_0269,ARISE,Failure to yield,NHTSA-derived,coarse,1,0,0,1,0,0,1,1,1,1,0,0.7
NHTSA_FTY_0270,ARISE,Failure to yield,NHTSA-derived,coarse,1,0,1,1,1,0,1,1,1,1,1,0.8400000000000001
NHTSA_FTY_0271,ARISE,Failure to yield,NHTSA-derived,coarse,1,0,1,1,0,0,1,1,1,1,0,0.7
NHTSA_FTY_0272,ARISE,Failure to yield,NHTSA-derived,coarse,0,0,1,,,,,,,,,
NHTSA_FTY_0273,ARISE,Failure to yield,NHTSA-derived,coarse,1,0,1,1,0,0,1,1,1,1,1,0.74
NHTSA_FTY_0274,ARISE,Failure to yield,NHTSA-derived,coarse,1,0,1,1,1,0,1,1,1,1,1,0.8400000000000001
NHTSA_FTY_0275,ARISE,Failure to yield,NHTSA-derived,coarse,1,0,1,1,0,0,1,1,1,1,1,0.74
NHTSA_FTY_0276,ARISE,Failure to yield,NHTSA-derived,coarse,1,0,1,1,1,0,1,1,1,1,1,0.8400000000000001
NHTSA_FTY_0277,ARISE,Failure to yield,NHTSA-derived,coarse,1,0,1,1,1,0,1,1,1,1,1,0.8400000000000001
NHTSA_FTY_0278,ARISE,Failure to yield,NHTSA-derived,coarse,1,0,1,1,0,0,1,1,1,1,1,0.74
NHTSA_FTY_0279,ARISE,Failure to yield,NHTSA-derived,coarse,1,0,1,1,1,0,1,1,1,1,1,0.8400000000000001
NHTSA_FTY_0280,ARISE,Failure to yield,NHTSA-derived,coarse,1,0,1,1,1,0,1,1,1,1,1,0.8400000000000001
NHTSA_FTY_0281,ARISE,Failure to yield,NHTSA-derived,coarse,1,0,1,1,1,0,1,1,1,1,1,0.8400000000000001
NHTSA_FTY_0282,ARISE,Failure to yield,NHTSA-derived,coarse,1,0,1,1,1,0,1,1,1,1,1,0.8400000000000001
NHTSA_FTY_0283,ARISE,Failure to yield,NHTSA-derived,coarse,1,0,1,1,1,0,1,1,1,1,1,0.8400000000000001
NHTSA_FTY_0284,ARISE,Failure to yield,NHTSA-derived,coarse,1,0,1,1,0,0,1,1,1,1,1,0.74
NHTSA_FTY_0285,ARISE,Failure to yield,NHTSA-derived,coarse,1,0,0,1,0,0,1,1,1,1,0,0.7
NHTSA_FTY_0286,ARISE,Failure to yield,NHTSA-derived,coarse,1,0,1,1,1,0,1,1,1,1,1,0.8400000000000001
NHTSA_FTY_0287,ARISE,Failure to yield,NHTSA-derived,coarse,1,0,1,1,1,0,1,1,1,1,1,0.8400000000000001
NHTSA_FTY_0288,ARISE,Failure to yield,NHTSA-derived,coarse,0,0,1,,,,,,,,,
NHTSA_FTY_0289,ARISE,Failure to yield,NHTSA-derived,coarse,1,0,1,1,1,0,1,1,1,1,1,0.8400000000000001
NHTSA_FTY_0290,ARISE,Failure to yield,NHTSA-derived,coarse,1,0,1,1,1,0,1,1,1,1,1,0.8400000000000001
NHTSA_FTY_0291,ARISE,Failure to yield,NHTSA-derived,coarse,1,0,0,1,0,0,1,1,1,1,0,0.7
NHTSA_FTY_0292,ARISE,Failure to yield,NHTSA-derived,coarse,1,0,0,1,0,0,1,1,1,1,0,0.7
NHTSA_FTY_0293,ARISE,Failure to yield,NHTSA-derived,coarse,1,0,1,1,0,0,1,1,1,1,0,0.7
NHTSA_FTY_0294,ARISE,Failure to yield,NHTSA-derived,coarse,1,0,1,1,0,0,1,1,1,1,1,0.74
NHTSA_FTY_0295,ARISE,Failure to yield,NHTSA-derived,coarse,1,0,1,1,1,0,1,1,1,1,1,0.8400000000000001
NHTSA_FTY_0296,ARISE,Failure to yield,NHTSA-derived,coarse,1,0,1,1,0,0,1,1,1,1,1,0.74
NHTSA_FTY_0297,ARISE,Failure to yield,NHTSA-derived,coarse,0,0,0,,,,,,,,,
NHTSA_FTY_0298,ARISE,Failure to yield,NHTSA-derived,coarse,1,0,0,1,0,0,1,1,1,1,0,0.7
NHTSA_FTY_0299,ARISE,Failure to yield,NHTSA-derived,coarse,1,0,1,1,1,0,1,1,1,1,1,0.8400000000000001
NHTSA_FTY_0300,ARISE,Failure to yield,NHTSA-derived,coarse,0,0,1,,,,,,,,,
NHTSA_FTY_0301,ARISE,Failure to yield,NHTSA-derived,coarse,1,0,1,1,1,0,1,1,1,1,1,0.8400000000000001
NHTSA_FTY_0302,ARISE,Failure to yield,NHTSA-derived,coarse,1,0,1,1,1,0,1,1,1,1,1,0.8400000000000001
NHTSA_FTY_0303,ARISE,Failure to yield,NHTSA-derived,coarse,1,0,1,1,0,0,1,1,1,1,1,0.74
NHTSA_FTY_0304,ARISE,Failure to yield,NHTSA-derived,coarse,1,0,1,1,0,0,1,1,1,1,1,0.74
NHTSA_FTY_0305,ARISE,Failure to yield,NHTSA-derived,coarse,0,0,1,,,,,,,,,
NHTSA_FTY_0306,ARISE,Failure to yield,NHTSA-derived,coarse,0,0,1,,,,,,,,,
NHTSA_FTY_0307,ARISE,Failure to yield,NHTSA-derived,coarse,0,0,1,,,,,,,,,
NHTSA_FTY_0308,ARISE,Failure to yield,NHTSA-derived,coarse,1,0,1,1,1,0,1,1,1,1,1,0.8400000000000001
NHTSA_FTY_0309,ARISE,Failure to yield,NHTSA-derived,coarse,1,0,1,1,1,0,1,1,1,1,1,0.8400000000000001
NHTSA_FTY_0310,ARISE,Failure to yield,NHTSA-derived,coarse,1,0,1,1,1,0,1,1,1,1,1,0.8400000000000001
NHTSA_FTY_0311,ARISE,Failure to yield,NHTSA-derived,coarse,1,0,1,1,0,0,1,1,1,1,1,0.74
NHTSA_FTY_0312,ARISE,Failure to yield,NHTSA-derived,coarse,0,0,1,,,,,,,,,
NHTSA_FTY_0313,ARISE,Failure to yield,NHTSA-derived,coarse,1,0,0,1,0,0,1,1,1,1,0,0.7
NHTSA_FTY_0314,ARISE,Failure to yield,NHTSA-derived,coarse,1,0,1,1,0,0,1,1,1,1,1,0.74
NHTSA_FTY_0315,ARISE,Failure to yield,NHTSA-derived,coarse,1,0,1,1,1,0,1,1,1,1,1,0.8400000000000001
NHTSA_FTY_0316,ARISE,Failure to yield,NHTSA-derived,coarse,0,0,1,,,,,,,,,
NHTSA_FTY_0317,ARISE,Failure to yield,NHTSA-derived,coarse,1,0,1,1,1,0,1,1,1,1,1,0.8400000000000001
NHTSA_FTY_0318,ARISE,Failure to yield,NHTSA-derived,coarse,1,0,1,1,0,0,1,1,1,1,1,0.74
NHTSA_FTY_0319,ARISE,Failure to yield,NHTSA-derived,coarse,1,0,0,1,0,0,1,1,1,1,0,0.7
NHTSA_FTY_0320,ARISE,Failure to yield,NHTSA-derived,coarse,1,0,1,1,1,0,1,1,1,1,1,0.8400000000000001
NHTSA_FTY_0321,ARISE,Failure to yield,NHTSA-derived,coarse,1,0,1,1,0,0,1,1,1,1,1,0.74
NHTSA_FTY_0322,ARISE,Failure to yield,NHTSA-derived,coarse,1,0,1,1,1,0,1,1,1,1,1,0.8400000000000001
NHTSA_FTY_0323,ARISE,Failure to yield,NHTSA-derived,coarse,1,0,1,1,0,0,1,1,1,1,1,0.74
NHTSA_FTY_0324,ARISE,Failure to yield,NHTSA-derived,coarse,1,0,1,1,1,0,1,1,1,1,1,0.8400000000000001
NHTSA_FTY_0325,ARISE,Failure to yield,NHTSA-derived,coarse,0,0,1,,,,,,,,,
NHTSA_FTY_0326,ARISE,Failure to yield,NHTSA-derived,coarse,1,0,1,1,1,0,1,1,1,1,1,0.8400000000000001
NHTSA_FTY_0327,ARISE,Failure to yield,NHTSA-derived,coarse,1,0,1,1,0,0,1,1,1,1,1,0.74
NHTSA_FTY_0328,ARISE,Failure to yield,NHTSA-derived,coarse,1,0,0,1,0,0,1,1,1,1,0,0.7
NHTSA_FTY_0329,ARISE,Failure to yield,NHTSA-derived,coarse,1,0,1,1,0,0,1,1,1,1,1,0.74
NHTSA_FTY_0330,ARISE,Failure to yield,NHTSA-derived,coarse,1,0,1,1,0,0,1,1,1,1,1,0.74
NHTSA_FTY_0331,ARISE,Failure to yield,NHTSA-derived,coarse,1,0,1,1,0,0,1,1,1,1,0,0.7
NHTSA_FTY_0332,ARISE,Failure to yield,NHTSA-derived,coarse,1,0,1,1,1,0,1,1,1,1,1,0.8400000000000001
NHTSA_FTY_0333,ARISE,Failure to yield,NHTSA-derived,coarse,1,0,1,1,1,0,1,1,1,1,1,0.8400000000000001
NHTSA_FTY_0334,ARISE,Failure to yield,NHTSA-derived,coarse,1,1,1,1,1,1,1,1,1,1,1,1
NHTSA_FTY_0335,ARISE,Failure to yield,NHTSA-derived,coarse,1,0,1,1,0,0,1,1,1,1,1,0.74
NHTSA_FTY_0336,ARISE,Failure to yield,NHTSA-derived,coarse,1,0,1,1,0,0,1,1,1,1,1,0.74
NHTSA_FTY_0337,ARISE,Failure to yield,NHTSA-derived,coarse,0,0,1,,,,,,,,,
NHTSA_FTY_0338,ARISE,Failure to yield,NHTSA-derived,coarse,1,0,1,1,1,0,1,1,1,1,1,0.8400000000000001
NHTSA_FTY_0339,ARISE,Failure to yield,NHTSA-derived,coarse,1,0,1,1,0,0,1,1,1,1,1,0.74
NHTSA_FTY_0340,ARISE,Failure to yield,NHTSA-derived,coarse,1,1,1,1,1,0,1,1,1,1,1,0.8400000000000001
NHTSA_FTY_0341,ARISE,Failure to yield,NHTSA-derived,coarse,1,0,0,1,0,0,1,1,1,1,0,0.7
NHTSA_FTY_0342,ARISE,Failure to yield,NHTSA-derived,coarse,1,0,1,1,1,0,1,1,1,1,1,0.8400000000000001
NHTSA_FTY_0343,ARISE,Failure to yield,NHTSA-derived,coarse,1,0,1,1,1,0,1,1,1,1,1,0.8400000000000001
NHTSA_FTY_0344,ARISE,Failure to yield,NHTSA-derived,coarse,1,0,1,1,0,0,1,1,1,1,1,0.74
NHTSA_FTY_0345,ARISE,Failure to yield,NHTSA-derived,coarse,1,0,1,1,0,0,1,1,1,1,1,0.74
NHTSA_FTY_0346,ARISE,Failure to yield,NHTSA-derived,coarse,1,0,0,1,0,0,1,1,1,1,0,0.7
NHTSA_FTY_0347,ARISE,Failure to yield,NHTSA-derived,coarse,1,0,1,1,0,0,1,1,1,1,1,0.74
NHTSA_FTY_0348,ARISE,Failure to yield,NHTSA-derived,coarse,1,0,1,1,1,0,1,1,1,1,1,0.8400000000000001
NHTSA_FTY_0349,ARISE,Failure to yield,NHTSA-derived,coarse,1,0,1,1,1,0,1,1,1,1,1,0.8400000000000001
NHTSA_FTY_0350,ARISE,Failure to yield,NHTSA-derived,coarse,1,0,1,1,0,0,1,1,1,1,1,0.74
NHTSA_FTY_0351,ARISE,Failure to yield,NHTSA-derived,coarse,1,0,1,1,0,0,1,1,1,1,1,0.74
NHTSA_FTY_0352,ARISE,Failure to yield,NHTSA-derived,coarse,1,0,0,1,0,0,1,1,1,1,0,0.7
NHTSA_FTY_0353,ARISE,Failure to yield,NHTSA-derived,coarse,1,0,1,1,0,0,1,1,1,1,1,0.74
NHTSA_FTY_0354,ARISE,Failure to yield,NHTSA-derived,coarse,1,0,1,1,1,0,1,1,1,1,1,0.8400000000000001
NHTSA_FTY_0355,ARISE,Failure to yield,NHTSA-derived,coarse,1,0,0,1,0,0,1,1,1,1,0,0.7
NHTSA_FTY_0356,ARISE,Failure to yield,NHTSA-derived,coarse,1,0,1,1,1,0,1,1,1,1,1,0.8400000000000001
NHTSA_FTY_0357,ARISE,Failure to yield,NHTSA-derived,coarse,1,0,1,1,0,0,1,1,1,1,1,0.74
NHTSA_FTY_0358,ARISE,Failure to yield,NHTSA-derived,coarse,0,0,1,,,,,,,,,
NHTSA_FTY_0359,ARISE,Failure to yield,NHTSA-derived,coarse,1,0,1,1,1,0,1,1,1,1,1,0.8400000000000001
NHTSA_FTY_0360,ARISE,Failure to yield,NHTSA-derived,coarse,1,0,1,1,1,0,1,1,1,1,1,0.8400000000000001
NHTSA_FTY_0361,ARISE,Failure to yield,NHTSA-derived,coarse,0,0,1,,,,,,,,,
NHTSA_FTY_0362,ARISE,Failure to yield,NHTSA-derived,coarse,1,0,1,1,0,0,1,1,1,1,1,0.74
NHTSA_FTY_0363,ARISE,Failure to yield,NHTSA-derived,coarse,1,0,1,1,1,0,1,1,1,1,1,0.8400000000000001
NHTSA_FTY_0364,ARISE,Failure to yield,NHTSA-derived,coarse,1,0,1,1,1,0,1,1,1,1,1,0.8400000000000001
NHTSA_FTY_0365,ARISE,Failure to yield,NHTSA-derived,coarse,1,0,1,1,1,0,1,1,1,1,1,0.8400000000000001
NHTSA_FTY_0366,ARISE,Failure to yield,NHTSA-derived,coarse,1,0,1,1,1,0,1,1,1,1,1,0.8400000000000001
NHTSA_FTY_0367,ARISE,Failure to yield,NHTSA-derived,coarse,1,0,1,1,1,0,1,1,1,1,1,0.8400000000000001
NHTSA_FTY_0368,ARISE,Failure to yield,NHTSA-derived,coarse,1,0,1,1,0,0,1,1,1,1,1,0.74
NHTSA_FTY_0369,ARISE,Failure to yield,NHTSA-derived,coarse,1,0,1,1,0,0,1,1,1,1,1,0.74
NHTSA_FTY_0370,ARISE,Failure to yield,NHTSA-derived,coarse,1,0,0,1,0,0,1,1,1,1,0,0.7
NHTSA_FTY_0371,ARISE,Failure to yield,NHTSA-derived,coarse,1,0,0,1,0,0,1,1,1,1,0,0.7
NHTSA_FTY_0372,ARISE,Failure to yield,NHTSA-derived,coarse,1,0,1,1,1,0,1,1,1,1,1,0.8400000000000001
NHTSA_FTY_0373,ARISE,Failure to yield,NHTSA-derived,coarse,1,0,1,1,0,0,1,1,1,1,1,0.74
NHTSA_FTY_0374,ARISE,Failure to yield,NHTSA-derived,coarse,1,0,1,1,1,0,1,1,1,1,1,0.8400000000000001
NHTSA_FTY_0375,ARISE,Failure to yield,NHTSA-derived,coarse,0,0,1,,,,,,,,,
NHTSA_FTY_0376,ARISE,Failure to yield,NHTSA-derived,coarse,1,0,1,1,1,0,1,1,1,1,1,0.8400000000000001
NHTSA_FTY_0377,ARISE,Failure to yield,NHTSA-derived,coarse,0,0,1,,,,,,,,,
NHTSA_FTY_0378,ARISE,Failure to yield,NHTSA-derived,coarse,1,0,1,1,1,0,1,1,1,1,1,0.8400000000000001
NHTSA_FTY_0379,ARISE,Failure to yield,NHTSA-derived,coarse,0,0,1,,,,,,,,,
NHTSA_FTY_0380,ARISE,Failure to yield,NHTSA-derived,coarse,1,0,0,1,0,0,1,1,1,1,0,0.7
NHTSA_FTY_0381,ARISE,Failure to yield,NHTSA-derived,coarse,1,0,1,1,0,0,1,1,1,1,1,0.74
NHTSA_FTY_0382,ARISE,Failure to yield,NHTSA-derived,coarse,0,0,1,,,,,,,,,
NHTSA_FTY_0383,ARISE,Failure to yield,NHTSA-derived,coarse,1,0,1,1,1,0,1,1,1,1,1,0.8400000000000001
NHTSA_FTY_0384,ARISE,Failure to yield,NHTSA-derived,coarse,1,0,0,1,0,0,1,1,1,1,0,0.7
NHTSA_FTY_0385,ARISE,Failure to yield,NHTSA-derived,coarse,1,0,1,1,0,0,1,1,1,1,1,0.74
NHTSA_FTY_0386,ARISE,Failure to yield,NHTSA-derived,coarse,0,0,1,,,,,,,,,
NHTSA_FTY_0387,ARISE,Failure to yield,NHTSA-derived,coarse,1,0,1,1,1,0,1,1,1,1,1,0.8400000000000001
NHTSA_FTY_0388,ARISE,Failure to yield,NHTSA-derived,coarse,1,0,1,1,0,0,1,1,1,1,1,0.74
NHTSA_FTY_0389,ARISE,Failure to yield,NHTSA-derived,coarse,1,0,1,1,1,0,1,1,1,1,1,0.8400000000000001
NHTSA_FTY_0390,ARISE,Failure to yield,NHTSA-derived,coarse,1,0,1,1,1,0,1,1,1,1,1,0.8400000000000001
NHTSA_FTY_0391,ARISE,Failure to yield,NHTSA-derived,coarse,1,0,1,1,0,0,1,1,1,1,1,0.74
NHTSA_FTY_0392,ARISE,Failure to yield,NHTSA-derived,coarse,1,0,0,1,0,0,1,1,1,1,0,0.7
NHTSA_FTY_0393,ARISE,Failure to yield,NHTSA-derived,coarse,1,0,1,1,0,0,1,1,1,1,1,0.74
NHTSA_FTY_0394,ARISE,Failure to yield,NHTSA-derived,coarse,1,0,1,1,0,0,1,1,1,1,1,0.74
NHTSA_FTY_0395,ARISE,Failure to yield,NHTSA-derived,coarse,1,0,1,1,1,0,1,1,1,1,1,0.8400000000000001
NHTSA_FTY_0396,ARISE,Failure to yield,NHTSA-derived,coarse,1,0,1,1,0,0,1,1,1,1,1,0.74
NHTSA_FTY_0397,ARISE,Failure to yield,NHTSA-derived,coarse,1,0,1,1,1,0,1,1,1,1,1,0.8400000000000001
NHTSA_FTY_0398,ARISE,Failure to yield,NHTSA-derived,coarse,1,0,1,1,0,0,1,1,1,1,1,0.74
NHTSA_FTY_0399,ARISE,Failure to yield,NHTSA-derived,coarse,1,0,0,1,0,0,1,1,1,1,0,0.7
NHTSA_FTY_0400,ARISE,Failure to yield,NHTSA-derived,coarse,1,0,1,1,0,0,1,1,1,1,1,0.74
NHTSA_FTY_0401,ARISE,Failure to yield,NHTSA-derived,coarse,1,0,1,1,1,0,1,1,1,1,1,0.8400000000000001
NHTSA_FTY_0402,ARISE,Failure to yield,NHTSA-derived,coarse,1,0,1,1,0,0,1,1,1,1,1,0.74
NHTSA_FTY_0403,ARISE,Failure to yield,NHTSA-derived,coarse,1,0,1,1,1,0,1,1,1,1,1,0.8400000000000001
NHTSA_FTY_0404,ARISE,Failure to yield,NHTSA-derived,coarse,1,0,1,1,0,0,1,1,1,1,1,0.74
NHTSA_FTY_0405,ARISE,Failure to yield,NHTSA-derived,coarse,1,0,1,1,1,0,1,1,1,1,1,0.8400000000000001
NHTSA_FTY_0406,ARISE,Failure to yield,NHTSA-derived,coarse,1,0,1,1,0,0,1,1,1,1,1,0.74
NHTSA_FTY_0407,ARISE,Failure to yield,NHTSA-derived,coarse,1,0,1,1,1,0,1,1,1,1,1,0.8400000000000001
NHTSA_FTY_0408,ARISE,Failure to yield,NHTSA-derived,coarse,1,0,1,1,1,0,1,1,1,1,1,0.8400000000000001
NHTSA_FTY_0409,ARISE,Failure to yield,NHTSA-derived,coarse,1,0,1,1,0,0,1,1,1,1,1,0.74
NHTSA_FTY_0410,ARISE,Failure to yield,NHTSA-derived,coarse,1,0,1,1,1,0,1,1,1,1,1,0.8400000000000001
NHTSA_FTY_0411,ARISE,Failure to yield,NHTSA-derived,coarse,0,0,1,,,,,,,,,
NHTSA_FTY_0412,ARISE,Failure to yield,NHTSA-derived,coarse,1,0,1,1,0,0,1,1,1,1,1,0.74
NHTSA_FTY_0413,ARISE,Failure to yield,NHTSA-derived,coarse,0,0,1,,,,,,,,,
NHTSA_FTY_0414,ARISE,Failure to yield,NHTSA-derived,coarse,1,0,1,1,1,0,1,1,1,1,1,0.8400000000000001
NHTSA_FTY_0415,ARISE,Failure to yield,NHTSA-derived,coarse,1,0,1,1,0,0,1,1,1,1,1,0.74
NHTSA_FTY_0416,ARISE,Failure to yield,NHTSA-derived,coarse,0,0,1,,,,,,,,,
NHTSA_FTY_0417,ARISE,Failure to yield,NHTSA-derived,coarse,0,0,1,,,,,,,,,
NHTSA_FTY_0418,ARISE,Failure to yield,NHTSA-derived,coarse,1,0,1,1,0,0,1,1,1,1,0,0.7
NHTSA_FTY_0419,ARISE,Failure to yield,NHTSA-derived,coarse,1,0,1,1,0,0,1,1,1,1,1,0.74
NHTSA_FTY_0420,ARISE,Failure to yield,NHTSA-derived,coarse,1,0,1,1,0,0,1,1,1,1,1,0.74
NHTSA_FTY_0421,ARISE,Failure to yield,NHTSA-derived,coarse,0,0,1,,,,,,,,,
NHTSA_FTY_0422,ARISE,Failure to yield,NHTSA-derived,coarse,1,0,1,1,1,0,1,1,1,1,1,0.8400000000000001
NHTSA_FTY_0423,ARISE,Failure to yield,NHTSA-derived,coarse,1,0,1,1,1,0,1,1,1,1,1,0.8400000000000001
NHTSA_FTY_0424,ARISE,Failure to yield,NHTSA-derived,coarse,1,0,1,1,1,0,1,1,1,1,1,0.8400000000000001
NHTSA_FTY_0425,ARISE,Failure to yield,NHTSA-derived,coarse,1,0,1,1,0,0,1,1,1,1,1,0.74
NHTSA_FTY_0426,ARISE,Failure to yield,NHTSA-derived,coarse,1,0,1,1,1,0,1,1,1,1,1,0.8400000000000001
NHTSA_FTY_0427,ARISE,Failure to yield,NHTSA-derived,coarse,1,0,1,1,0,0,1,1,1,1,1,0.74
NHTSA_FTY_0428,ARISE,Failure to yield,NHTSA-derived,coarse,1,0,0,1,0,0,1,1,1,1,0,0.7
NHTSA_FTY_0429,ARISE,Failure to yield,NHTSA-derived,coarse,1,0,1,1,1,0,1,1,1,1,1,0.8400000000000001
NHTSA_FTY_0430,ARISE,Failure to yield,NHTSA-derived,coarse,1,0,1,1,1,0,1,1,1,1,1,0.8400000000000001
NHTSA_FTY_0431,ARISE,Failure to yield,NHTSA-derived,coarse,1,0,1,1,1,0,1,1,1,1,1,0.8400000000000001
NHTSA_FTY_0432,ARISE,Failure to yield,NHTSA-derived,coarse,1,0,1,1,1,0,1,1,1,1,1,0.8400000000000001
NHTSA_FTY_0433,ARISE,Failure to yield,NHTSA-derived,coarse,1,0,0,1,0,0,1,1,1,1,0,0.7
NHTSA_FTY_0434,ARISE,Failure to yield,NHTSA-derived,coarse,1,0,1,1,0,0,1,1,1,1,1,0.74
NHTSA_FTY_0435,ARISE,Failure to yield,NHTSA-derived,coarse,1,0,1,1,0,0,1,1,1,1,1,0.74
NHTSA_FTY_0436,ARISE,Failure to yield,NHTSA-derived,coarse,1,0,1,1,0,0,1,1,1,1,0,0.7
NHTSA_FTY_0437,ARISE,Failure to yield,NHTSA-derived,coarse,1,0,1,1,0,0,1,1,1,1,0,0.7
NHTSA_FTY_0438,ARISE,Failure to yield,NHTSA-derived,coarse,1,0,1,1,0,0,1,1,1,1,1,0.74
NHTSA_FTY_0439,ARISE,Failure to yield,NHTSA-derived,coarse,1,0,1,1,0,0,1,1,1,1,1,0.74
NHTSA_FTY_0440,ARISE,Failure to yield,NHTSA-derived,coarse,1,0,1,1,1,0,1,1,1,1,1,0.8400000000000001
NHTSA_FTY_0441,ARISE,Failure to yield,NHTSA-derived,coarse,1,0,1,1,0,0,1,1,1,1,1,0.74
NHTSA_FTY_0442,ARISE,Failure to yield,NHTSA-derived,coarse,1,1,1,1,1,1,1,1,1,1,1,1
NHTSA_FTY_0443,ARISE,Failure to yield,NHTSA-derived,coarse,1,0,1,1,1,0,1,1,1,1,1,0.8400000000000001
NHTSA_FTY_0444,ARISE,Failure to yield,NHTSA-derived,coarse,1,0,1,1,0,0,1,1,1,1,1,0.74
NHTSA_FTY_0445,ARISE,Failure to yield,NHTSA-derived,coarse,1,0,1,1,0,0,1,1,1,1,1,0.74
NHTSA_FTY_0446,ARISE,Failure to yield,NHTSA-derived,coarse,1,0,1,1,1,0,1,1,1,1,1,0.8400000000000001
NHTSA_FTY_0447,ARISE,Failure to yield,NHTSA-derived,coarse,1,0,1,1,0,0,1,1,1,1,1,0.74
NHTSA_FTY_0448,ARISE,Failure to yield,NHTSA-derived,coarse,1,0,0,1,0,0,1,1,1,1,0,0.7
NHTSA_FTY_0449,ARISE,Failure to yield,NHTSA-derived,coarse,0,0,1,,,,,,,,,
NHTSA_FTY_0450,ARISE,Failure to yield,NHTSA-derived,coarse,1,0,1,1,0,0,1,1,1,1,1,0.74
NHTSA_FTY_0451,ARISE,Failure to yield,NHTSA-derived,coarse,1,0,0,1,0,0,1,1,1,1,0,0.7
NHTSA_FTY_0452,ARISE,Failure to yield,NHTSA-derived,coarse,1,0,1,1,0,0,1,1,1,1,1,0.74
NHTSA_FTY_0453,ARISE,Failure to yield,NHTSA-derived,coarse,1,0,0,1,0,0,1,1,1,1,0,0.7
NHTSA_FTY_0454,ARISE,Failure to yield,NHTSA-derived,coarse,1,0,1,1,0,0,1,1,1,1,0,0.7
NHTSA_FTY_0455,ARISE,Failure to yield,NHTSA-derived,coarse,1,0,1,1,0,0,1,1,1,1,0,0.7
NHTSA_FTY_0456,ARISE,Failure to yield,NHTSA-derived,coarse,1,0,1,1,1,0,1,1,1,1,1,0.8400000000000001
NHTSA_FTY_0457,ARISE,Failure to yield,NHTSA-derived,coarse,1,0,1,1,0,0,1,1,1,1,1,0.74
NHTSA_FTY_0458,ARISE,Failure to yield,NHTSA-derived,coarse,1,0,1,1,1,0,1,1,1,1,1,0.8400000000000001
NHTSA_FTY_0459,ARISE,Failure to yield,NHTSA-derived,coarse,1,0,0,1,0,0,1,1,1,1,0,0.7
NHTSA_FTY_0460,ARISE,Failure to yield,NHTSA-derived,coarse,1,0,1,1,0,0,1,1,1,1,1,0.74
NHTSA_FTY_0461,ARISE,Failure to yield,NHTSA-derived,coarse,1,0,1,1,1,0,1,1,1,1,1,0.8400000000000001
NHTSA_FTY_0462,ARISE,Failure to yield,NHTSA-derived,coarse,0,0,1,,,,,,,,,
NHTSA_FTY_0463,ARISE,Failure to yield,NHTSA-derived,coarse,1,0,1,1,0,0,1,1,1,1,1,0.74
NHTSA_FTY_0464,ARISE,Failure to yield,NHTSA-derived,coarse,1,0,1,1,1,0,1,1,1,1,1,0.8400000000000001
NHTSA_FTY_0465,ARISE,Failure to yield,NHTSA-derived,coarse,1,0,1,1,1,0,1,1,1,1,1,0.8400000000000001
NHTSA_FTY_0466,ARISE,Failure to yield,NHTSA-derived,coarse,1,0,1,1,1,0,1,1,1,1,1,0.8400000000000001
NHTSA_FTY_0467,ARISE,Failure to yield,NHTSA-derived,coarse,1,0,1,1,1,0,1,1,1,1,1,0.8400000000000001
NHTSA_FTY_0468,ARISE,Failure to yield,NHTSA-derived,coarse,1,0,1,1,0,0,1,1,1,1,1,0.74
NHTSA_FTY_0469,ARISE,Failure to yield,NHTSA-derived,coarse,1,0,0,1,0,0,1,1,1,1,0,0.7
NHTSA_FTY_0470,ARISE,Failure to yield,NHTSA-derived,coarse,0,0,1,,,,,,,,,
NHTSA_FTY_0471,ARISE,Failure to yield,NHTSA-derived,coarse,1,0,0,1,0,0,1,1,1,1,0,0.7
NHTSA_FTY_0472,ARISE,Failure to yield,NHTSA-derived,coarse,1,0,1,1,0,0,1,1,1,1,1,0.74
NHTSA_FTY_0473,ARISE,Failure to yield,NHTSA-derived,coarse,0,0,1,,,,,,,,,
NHTSA_FTY_0474,ARISE,Failure to yield,NHTSA-derived,coarse,1,0,0,1,0,0,1,1,1,1,0,0.7
NHTSA_FTY_0475,ARISE,Failure to yield,NHTSA-derived,coarse,0,0,1,,,,,,,,,
NHTSA_FTY_0476,ARISE,Failure to yield,NHTSA-derived,coarse,1,0,1,1,0,0,1,1,1,1,1,0.74
NHTSA_FTY_0477,ARISE,Failure to yield,NHTSA-derived,coarse,1,0,1,1,0,0,1,1,1,1,1,0.74
NHTSA_FTY_0478,ARISE,Failure to yield,NHTSA-derived,coarse,1,0,1,1,1,0,1,1,1,1,1,0.8400000000000001
NHTSA_FTY_0479,ARISE,Failure to yield,NHTSA-derived,coarse,0,0,1,,,,,,,,,
NHTSA_FTY_0480,ARISE,Failure to yield,NHTSA-derived,coarse,0,0,1,,,,,,,,,
NHTSA_FTY_0481,ARISE,Failure to yield,NHTSA-derived,coarse,1,0,1,1,1,0,1,1,1,1,1,0.8400000000000001
NHTSA_FTY_0482,ARISE,Failure to yield,NHTSA-derived,coarse,0,0,1,,,,,,,,,
NHTSA_FTY_0483,ARISE,Failure to yield,NHTSA-derived,coarse,1,0,1,1,1,0,1,1,1,1,1,0.8400000000000001
NHTSA_FTY_0484,ARISE,Failure to yield,NHTSA-derived,coarse,0,0,1,,,,,,,,,
NHTSA_FTY_0485,ARISE,Failure to yield,NHTSA-derived,coarse,0,0,1,,,,,,,,,
NHTSA_FTY_0486,ARISE,Failure to yield,NHTSA-derived,coarse,1,1,1,1,1,1,1,1,1,1,1,1
NHTSA_FTY_0487,ARISE,Failure to yield,NHTSA-derived,coarse,1,0,1,1,1,0,1,1,1,1,1,0.8400000000000001
NHTSA_FTY_0488,ARISE,Failure to yield,NHTSA-derived,coarse,1,0,0,1,0,0,1,1,1,1,0,0.7
NHTSA_FTY_0489,ARISE,Failure to yield,NHTSA-derived,coarse,0,0,1,,,,,,,,,
NHTSA_FTY_0490,ARISE,Failure to yield,NHTSA-derived,coarse,1,0,1,1,1,0,1,1,1,1,1,0.8400000000000001
NHTSA_FTY_0491,ARISE,Failure to yield,NHTSA-derived,coarse,1,0,1,1,1,0,1,1,1,1,1,0.8400000000000001
NHTSA_FTY_0492,ARISE,Failure to yield,NHTSA-derived,coarse,1,0,1,1,0,0,1,1,1,1,1,0.74
NHTSA_FTY_0493,ARISE,Failure to yield,NHTSA-derived,coarse,1,0,0,1,0,0,1,1,1,1,0,0.7
NHTSA_FTY_0494,ARISE,Failure to yield,NHTSA-derived,coarse,1,0,1,1,0,0,1,1,1,1,1,0.74
NHTSA_FTY_0495,ARISE,Failure to yield,NHTSA-derived,coarse,1,0,1,1,0,0,1,1,1,1,1,0.74
NHTSA_FTY_0496,ARISE,Failure to yield,NHTSA-derived,coarse,1,0,1,1,1,0,1,1,1,1,1,0.8400000000000001
NHTSA_FTY_0497,ARISE,Failure to yield,NHTSA-derived,coarse,0,0,1,,,,,,,,,
NHTSA_FTY_0498,ARISE,Failure to yield,NHTSA-derived,coarse,0,0,1,,,,,,,,,
NHTSA_FTY_0499,ARISE,Failure to yield,NHTSA-derived,coarse,1,0,1,1,1,0,1,1,1,1,1,0.8400000000000001
NHTSA_FTY_0500,ARISE,Failure to yield,NHTSA-derived,coarse,1,0,1,1,1,0,1,1,1,1,1,0.8400000000000001
NHTSA_FTY_0501,ARISE,Failure to yield,NHTSA-derived,coarse,1,0,1,1,0,0,1,1,1,1,1,0.74
NHTSA_FTY_0502,ARISE,Failure to yield,NHTSA-derived,coarse,1,0,1,1,0,0,1,1,1,1,1,0.74
NHTSA_FTY_0503,ARISE,Failure to yield,NHTSA-derived,coarse,1,0,1,1,1,0,1,1,1,1,1,0.8400000000000001
NHTSA_FTY_0504,ARISE,Failure to yield,NHTSA-derived,coarse,1,1,1,1,1,1,1,1,1,1,1,1
NHTSA_FTY_0505,ARISE,Failure to yield,NHTSA-derived,coarse,0,0,1,,,,,,,,,
NHTSA_FTY_0506,ARISE,Failure to yield,NHTSA-derived,coarse,1,0,1,1,0,0,1,1,1,1,1,0.74
NHTSA_FTY_0507,ARISE,Failure to yield,NHTSA-derived,coarse,1,0,1,1,1,0,1,1,1,1,1,0.8400000000000001
NHTSA_FTY_0508,ARISE,Failure to yield,NHTSA-derived,coarse,1,0,1,1,1,0,1,1,1,1,1,0.8400000000000001
NHTSA_FTY_0509,ARISE,Failure to yield,NHTSA-derived,coarse,1,0,1,1,1,0,1,1,1,1,1,0.8400000000000001
NHTSA_FTY_0510,ARISE,Failure to yield,NHTSA-derived,coarse,1,0,0,1,0,0,1,1,1,1,0,0.7
NHTSA_FTY_0511,ARISE,Failure to yield,NHTSA-derived,coarse,1,0,1,1,1,0,1,1,1,1,1,0.8400000000000001
NHTSA_FTY_0512,ARISE,Failure to yield,NHTSA-derived,coarse,1,0,1,1,0,0,1,1,1,1,1,0.74
NHTSA_FTY_0513,ARISE,Failure to yield,NHTSA-derived,coarse,1,0,1,1,0,0,1,1,1,1,0,0.7
NHTSA_FTY_0514,ARISE,Failure to yield,NHTSA-derived,coarse,1,0,0,1,0,0,1,1,1,1,0,0.7
NHTSA_FTY_0515,ARISE,Failure to yield,NHTSA-derived,coarse,1,1,0,1,0,0,1,1,1,1,0,0.7
NHTSA_FTY_0516,ARISE,Failure to yield,NHTSA-derived,coarse,1,0,0,1,0,0,1,1,1,1,0,0.7
NHTSA_FTY_0517,ARISE,Failure to yield,NHTSA-derived,coarse,1,0,0,1,0,0,1,1,1,1,0,0.7
SYNTH_FTY_0001,ARISE,Failure to yield,synthetic-topology-extension,fine,1,0,1,1,0,0,1,1,1,1,1,0.74
SYNTH_FTY_0002,ARISE,Failure to yield,synthetic-topology-extension,fine,1,0,0,1,0,0,1,1,1,1,0,0.7
SYNTH_FTY_0003,ARISE,Failure to yield,synthetic-topology-extension,fine,0,0,0,,,,,,,,,
SYNTH_FTY_0004,ARISE,Failure to yield,synthetic-topology-extension,fine,1,0,1,1,1,0,1,1,1,1,1,0.8400000000000001
SYNTH_FTY_0005,ARISE,Failure to yield,synthetic-topology-extension,fine,1,0,1,1,1,0,1,1,1,1,1,0.8400000000000001
SYNTH_FTY_0006,ARISE,Failure to yield,synthetic-topology-extension,fine,1,0,0,1,0,0,1,1,1,1,0,0.7
SYNTH_FTY_0007,ARISE,Failure to yield,synthetic-topology-extension,fine,1,0,0,1,0,0,1,1,1,1,0,0.7
SYNTH_FTY_0008,ARISE,Failure to yield,synthetic-topology-extension,fine,1,0,0,1,0,0,1,1,1,1,0,0.7
SYNTH_FTY_0009,ARISE,Failure to yield,synthetic-topology-extension,fine,1,0,1,1,1,0,1,1,1,1,1,0.8400000000000001
SYNTH_FTY_0010,ARISE,Failure to yield,synthetic-topology-extension,fine,1,0,1,1,1,0,1,1,1,1,1,0.8400000000000001
SYNTH_FTY_0011,ARISE,Failure to yield,synthetic-topology-extension,fine,1,0,1,1,1,0,1,1,1,1,1,0.8400000000000001
SYNTH_FTY_0012,ARISE,Failure to yield,synthetic-topology-extension,fine,1,0,0,1,0,0,1,1,1,1,0,0.7
SYNTH_FTY_0013,ARISE,Failure to yield,synthetic-topology-extension,fine,0,0,1,,,,,,,,,
SYNTH_FTY_0014,ARISE,Failure to yield,synthetic-topology-extension,fine,1,0,0,1,0,0,1,1,1,1,0,0.7
SYNTH_FTY_0015,ARISE,Failure to yield,synthetic-topology-extension,fine,1,0,0,1,0,0,1,1,1,1,0,0.7
SYNTH_FTY_0016,ARISE,Failure to yield,synthetic-topology-extension,fine,1,0,1,1,1,0,1,1,1,1,1,0.8400000000000001
SYNTH_FTY_0017,ARISE,Failure to yield,synthetic-topology-extension,fine,0,0,1,,,,,,,,,
SYNTH_FTY_0018,ARISE,Failure to yield,synthetic-topology-extension,fine,1,0,1,1,1,0,1,1,1,1,1,0.8400000000000001
SYNTH_FTY_0019,ARISE,Failure to yield,synthetic-topology-extension,fine,1,0,1,1,1,0,1,1,1,1,1,0.8400000000000001
SYNTH_FTY_0020,ARISE,Failure to yield,synthetic-topology-extension,fine,1,0,1,1,1,0,1,1,1,1,1,0.8400000000000001
SYNTH_FTY_0021,ARISE,Failure to yield,synthetic-topology-extension,fine,1,0,1,1,0,0,1,1,1,1,1,0.74
SYNTH_FTY_0022,ARISE,Failure to yield,synthetic-topology-extension,fine,1,0,1,1,1,0,1,1,1,1,1,0.8400000000000001
SYNTH_FTY_0023,ARISE,Failure to yield,synthetic-topology-extension,fine,1,0,1,1,0,0,1,1,1,1,1,0.74
SYNTH_FTY_0024,ARISE,Failure to yield,synthetic-topology-extension,fine,1,0,0,1,0,0,1,1,1,1,0,0.7
SYNTH_FTY_0025,ARISE,Failure to yield,synthetic-topology-extension,fine,1,0,1,1,1,0,1,1,1,1,1,0.8400000000000001
SYNTH_FTY_0026,ARISE,Failure to yield,synthetic-topology-extension,fine,1,0,1,1,1,0,1,1,1,1,1,0.8400000000000001
SYNTH_FTY_0027,ARISE,Failure to yield,synthetic-topology-extension,fine,1,0,1,1,0,0,1,1,1,1,1,0.74
SYNTH_FTY_0028,ARISE,Failure to yield,synthetic-topology-extension,fine,1,0,1,1,1,0,1,1,1,1,1,0.8400000000000001
SYNTH_FTY_0029,ARISE,Failure to yield,synthetic-topology-extension,fine,1,0,0,1,0,0,1,1,1,1,0,0.7
SYNTH_FTY_0030,ARISE,Failure to yield,synthetic-topology-extension,fine,1,0,1,1,0,0,1,1,1,1,1,0.74
SYNTH_FTY_0031,ARISE,Failure to yield,synthetic-topology-extension,fine,1,0,1,1,1,0,1,1,1,1,1,0.8400000000000001
SYNTH_FTY_0032,ARISE,Failure to yield,synthetic-topology-extension,fine,1,0,1,1,0,0,1,1,1,1,1,0.74
SYNTH_FTY_0033,ARISE,Failure to yield,synthetic-topology-extension,fine,1,0,1,1,1,0,1,1,1,1,1,0.8400000000000001
SYNTH_FTY_0034,ARISE,Failure to yield,synthetic-topology-extension,fine,1,0,1,1,1,0,1,1,1,1,1,0.8400000000000001
SYNTH_FTY_0035,ARISE,Failure to yield,synthetic-topology-extension,fine,1,0,1,1,0,0,1,1,1,1,1,0.74
SYNTH_FTY_0036,ARISE,Failure to yield,synthetic-topology-extension,fine,1,0,0,1,0,0,1,1,1,1,0,0.7
SYNTH_FTY_0037,ARISE,Failure to yield,synthetic-topology-extension,fine,1,0,1,1,1,0,1,1,1,1,1,0.8400000000000001
SYNTH_FTY_0038,ARISE,Failure to yield,synthetic-topology-extension,fine,0,0,0,,,,,,,,,
SYNTH_FTY_0039,ARISE,Failure to yield,synthetic-topology-extension,fine,1,0,1,1,0,0,1,1,1,1,1,0.74
SYNTH_FTY_0040,ARISE,Failure to yield,synthetic-topology-extension,fine,1,0,1,1,0,0,1,1,1,1,1,0.74
SYNTH_FTY_0041,ARISE,Failure to yield,synthetic-topology-extension,fine,1,0,1,1,1,0,1,1,1,1,1,0.8400000000000001
SYNTH_FTY_0042,ARISE,Failure to yield,synthetic-topology-extension,fine,1,0,0,1,0,0,1,1,1,1,0,0.7
SYNTH_FTY_0043,ARISE,Failure to yield,synthetic-topology-extension,fine,1,0,0,1,0,0,1,1,1,1,0,0.7
SYNTH_FTY_0044,ARISE,Failure to yield,synthetic-topology-extension,fine,1,0,1,1,0,0,1,1,1,1,1,0.74
SYNTH_FTY_0045,ARISE,Failure to yield,synthetic-topology-extension,fine,1,0,1,1,0,0,1,1,1,1,1,0.74
SYNTH_FTY_0046,ARISE,Failure to yield,synthetic-topology-extension,fine,1,0,1,1,0,0,1,1,1,1,1,0.74
SYNTH_FTY_0047,ARISE,Failure to yield,synthetic-topology-extension,fine,1,0,1,1,0,0,1,1,1,1,1,0.74
SYNTH_FTY_0048,ARISE,Failure to yield,synthetic-topology-extension,fine,1,0,1,1,1,0,1,1,1,1,1,0.8400000000000001
SYNTH_FTY_0049,ARISE,Failure to yield,synthetic-topology-extension,fine,1,0,1,1,1,0,1,1,1,1,1,0.8400000000000001
SYNTH_FTY_0050,ARISE,Failure to yield,synthetic-topology-extension,fine,1,0,1,1,1,0,1,1,1,1,1,0.8400000000000001
SYNTH_FTY_0051,ARISE,Failure to yield,synthetic-topology-extension,fine,1,0,1,1,0,0,1,1,1,1,1,0.74
SYNTH_FTY_0052,ARISE,Failure to yield,synthetic-topology-extension,fine,1,0,0,1,0,0,1,1,1,1,0,0.7
SYNTH_FTY_0053,ARISE,Failure to yield,synthetic-topology-extension,fine,0,0,1,,,,,,,,,
SYNTH_FTY_0054,ARISE,Failure to yield,synthetic-topology-extension,fine,1,0,1,1,0,0,1,1,1,1,0,0.7
SYNTH_FTY_0055,ARISE,Failure to yield,synthetic-topology-extension,fine,1,0,1,1,0,0,1,1,1,1,0,0.7
SYNTH_FTY_0056,ARISE,Failure to yield,synthetic-topology-extension,fine,1,0,1,1,0,0,1,1,1,1,1,0.74
SYNTH_FTY_0057,ARISE,Failure to yield,synthetic-topology-extension,fine,1,0,1,1,0,0,1,1,1,1,1,0.74
SYNTH_FTY_0058,ARISE,Failure to yield,synthetic-topology-extension,fine,1,0,1,1,0,0,1,1,1,1,1,0.74
SYNTH_FTY_0059,ARISE,Failure to yield,synthetic-topology-extension,fine,1,0,0,1,0,0,1,1,1,1,0,0.7
SYNTH_FTY_0060,ARISE,Failure to yield,synthetic-topology-extension,fine,1,0,1,1,1,0,1,1,1,1,1,0.8400000000000001
SYNTH_FTY_0061,ARISE,Failure to yield,synthetic-topology-extension,fine,1,0,1,1,1,0,1,1,1,1,1,0.8400000000000001
SYNTH_FTY_0062,ARISE,Failure to yield,synthetic-topology-extension,fine,1,0,1,1,1,0,1,1,1,1,1,0.8400000000000001
SYNTH_FTY_0063,ARISE,Failure to yield,synthetic-topology-extension,fine,1,0,1,1,0,0,1,1,1,1,1,0.74
SYNTH_FTY_0064,ARISE,Failure to yield,synthetic-topology-extension,fine,1,0,1,1,0,0,1,1,1,1,1,0.74
SYNTH_FTY_0065,ARISE,Failure to yield,synthetic-topology-extension,fine,1,0,1,1,0,0,1,1,1,1,1,0.74
SYNTH_FTY_0066,ARISE,Failure to yield,synthetic-topology-extension,fine,1,0,1,1,0,0,1,1,1,1,1,0.74
SYNTH_FTY_0067,ARISE,Failure to yield,synthetic-topology-extension,fine,0,0,1,,,,,,,,,
SYNTH_FTY_0068,ARISE,Failure to yield,synthetic-topology-extension,fine,1,0,1,1,0,0,1,1,1,1,1,0.74
SYNTH_FTY_0069,ARISE,Failure to yield,synthetic-topology-extension,fine,1,0,0,1,0,0,1,1,1,1,0,0.7
SYNTH_FTY_0070,ARISE,Failure to yield,synthetic-topology-extension,fine,1,0,1,1,0,0,1,1,1,1,0,0.7
SYNTH_FTY_0071,ARISE,Failure to yield,synthetic-topology-extension,fine,1,0,1,1,0,0,1,1,1,1,0,0.7
SYNTH_FTY_0072,ARISE,Failure to yield,synthetic-topology-extension,fine,1,0,0,1,0,0,1,1,1,1,0,0.7
SYNTH_FTY_0073,ARISE,Failure to yield,synthetic-topology-extension,fine,1,0,0,1,0,0,1,1,1,1,0,0.7
SYNTH_FTY_0074,ARISE,Failure to yield,synthetic-topology-extension,fine,1,0,0,1,0,0,1,1,1,1,0,0.7
SYNTH_FTY_0075,ARISE,Failure to yield,synthetic-topology-extension,fine,1,0,1,1,1,0,1,1,1,1,1,0.8400000000000001
SYNTH_FTY_0076,ARISE,Failure to yield,synthetic-topology-extension,fine,1,0,0,1,0,0,1,1,1,1,0,0.7
SYNTH_FTY_0077,ARISE,Failure to yield,synthetic-topology-extension,fine,0,0,1,,,,,,,,,
SYNTH_FTY_0078,ARISE,Failure to yield,synthetic-topology-extension,fine,1,0,0,1,0,0,1,1,1,1,0,0.7
SYNTH_FTY_0079,ARISE,Failure to yield,synthetic-topology-extension,fine,1,0,1,1,0,0,1,1,1,1,1,0.74
SYNTH_FTY_0080,ARISE,Failure to yield,synthetic-topology-extension,fine,1,0,1,1,0,0,1,1,1,1,1,0.74
SYNTH_FTY_0081,ARISE,Failure to yield,synthetic-topology-extension,fine,1,0,1,1,0,0,1,1,1,1,1,0.74
SYNTH_FTY_0082,ARISE,Failure to yield,synthetic-topology-extension,fine,1,0,1,1,1,0,1,1,1,1,1,0.8400000000000001
SYNTH_FTY_0083,ARISE,Failure to yield,synthetic-topology-extension,fine,1,0,1,1,0,0,1,1,1,1,1,0.74
SYNTH_FTY_0084,ARISE,Failure to yield,synthetic-topology-extension,fine,1,0,1,1,1,0,1,1,1,1,1,0.8400000000000001
SYNTH_FTY_0085,ARISE,Failure to yield,synthetic-topology-extension,fine,1,0,1,1,0,0,1,1,1,1,1,0.74
SYNTH_FTY_0086,ARISE,Failure to yield,synthetic-topology-extension,fine,1,0,1,1,1,0,1,1,1,1,1,0.8400000000000001
SYNTH_FTY_0087,ARISE,Failure to yield,synthetic-topology-extension,fine,1,0,1,1,1,0,1,1,1,1,1,0.8400000000000001
SYNTH_FTY_0088,ARISE,Failure to yield,synthetic-topology-extension,fine,1,0,1,1,1,0,1,1,1,1,1,0.8400000000000001
SYNTH_FTY_0089,ARISE,Failure to yield,synthetic-topology-extension,fine,1,0,1,1,0,0,1,1,1,1,1,0.74
SYNTH_FTY_0090,ARISE,Failure to yield,synthetic-topology-extension,fine,1,0,1,1,0,0,1,1,1,1,1,0.74
SYNTH_FTY_0091,ARISE,Failure to yield,synthetic-topology-extension,fine,1,0,1,1,0,0,1,1,1,1,1,0.74
SYNTH_FTY_0092,ARISE,Failure to yield,synthetic-topology-extension,fine,1,0,1,1,1,0,1,1,1,1,1,0.8400000000000001
SYNTH_FTY_0093,ARISE,Failure to yield,synthetic-topology-extension,fine,1,0,0,1,0,0,1,1,1,1,0,0.7
SYNTH_FTY_0094,ARISE,Failure to yield,synthetic-topology-extension,fine,1,0,1,1,0,0,1,1,1,1,1,0.74
SYNTH_FTY_0095,ARISE,Failure to yield,synthetic-topology-extension,fine,1,0,1,1,0,0,1,1,1,1,0,0.7
SYNTH_FTY_0096,ARISE,Failure to yield,synthetic-topology-extension,fine,1,0,0,1,0,0,1,1,1,1,0,0.7
SYNTH_FTY_0097,ARISE,Failure to yield,synthetic-topology-extension,fine,1,0,1,1,0,0,1,1,1,1,1,0.74
SYNTH_FTY_0098,ARISE,Failure to yield,synthetic-topology-extension,fine,1,0,1,1,0,0,1,1,1,1,1,0.74
SYNTH_FTY_0099,ARISE,Failure to yield,synthetic-topology-extension,fine,1,0,1,1,1,0,1,1,1,1,1,0.8400000000000001
SYNTH_FTY_0100,ARISE,Failure to yield,synthetic-topology-extension,fine,1,0,1,1,1,0,1,1,1,1,1,0.8400000000000001
SYNTH_FTY_0101,ARISE,Failure to yield,synthetic-topology-extension,fine,1,0,1,1,0,0,1,1,1,1,1,0.74
SYNTH_FTY_0102,ARISE,Failure to yield,synthetic-topology-extension,fine,1,0,1,1,0,0,1,1,1,1,1,0.74
SYNTH_FTY_0103,ARISE,Failure to yield,synthetic-topology-extension,fine,1,0,0,1,0,0,1,1,1,1,0,0.7
SYNTH_FTY_0104,ARISE,Failure to yield,synthetic-topology-extension,fine,0,0,0,,,,,,,,,
SYNTH_FTY_0105,ARISE,Failure to yield,synthetic-topology-extension,fine,1,0,0,1,0,0,1,1,1,1,0,0.7
SYNTH_FTY_0106,ARISE,Failure to yield,synthetic-topology-extension,fine,1,0,1,1,1,0,1,1,1,1,1,0.8400000000000001
SYNTH_FTY_0107,ARISE,Failure to yield,synthetic-topology-extension,fine,1,0,0,1,0,0,1,1,1,1,0,0.7
SYNTH_FTY_0108,ARISE,Failure to yield,synthetic-topology-extension,fine,1,0,0,1,0,0,1,1,1,1,0,0.7
SYNTH_FTY_0109,ARISE,Failure to yield,synthetic-topology-extension,fine,1,0,1,1,0,0,1,1,1,1,1,0.74
SYNTH_FTY_0110,ARISE,Failure to yield,synthetic-topology-extension,fine,1,0,0,1,0,0,1,1,1,1,0,0.7
SYNTH_FTY_0111,ARISE,Failure to yield,synthetic-topology-extension,fine,1,0,0,1,0,0,1,1,1,1,0,0.7
SYNTH_FTY_0112,ARISE,Failure to yield,synthetic-topology-extension,fine,1,0,1,1,1,0,1,1,1,1,1,0.8400000000000001
SYNTH_FTY_0113,ARISE,Failure to yield,synthetic-topology-extension,fine,1,0,1,1,1,0,1,1,1,1,1,0.8400000000000001
SYNTH_FTY_0114,ARISE,Failure to yield,synthetic-topology-extension,fine,1,0,1,1,1,0,1,1,1,1,1,0.8400000000000001
SYNTH_FTY_0115,ARISE,Failure to yield,synthetic-topology-extension,fine,1,0,1,1,0,0,1,1,1,1,1,0.74
SYNTH_FTY_0116,ARISE,Failure to yield,synthetic-topology-extension,fine,0,0,0,,,,,,,,,
SYNTH_FTY_0117,ARISE,Failure to yield,synthetic-topology-extension,fine,1,0,0,1,0,0,1,1,1,1,0,0.7
SYNTH_FTY_0118,ARISE,Failure to yield,synthetic-topology-extension,fine,1,0,1,1,1,0,1,1,1,1,1,0.8400000000000001
SYNTH_FTY_0119,ARISE,Failure to yield,synthetic-topology-extension,fine,1,0,0,1,0,0,1,1,1,1,0,0.7
SYNTH_FTY_0120,ARISE,Failure to yield,synthetic-topology-extension,fine,1,0,1,1,0,0,1,1,1,1,1,0.74
SYNTH_FTY_0121,ARISE,Failure to yield,synthetic-topology-extension,fine,1,0,1,1,0,0,1,1,1,1,1,0.74
SYNTH_FTY_0122,ARISE,Failure to yield,synthetic-topology-extension,fine,1,0,1,1,1,0,1,1,1,1,1,0.8400000000000001
SYNTH_FTY_0123,ARISE,Failure to yield,synthetic-topology-extension,fine,1,0,1,1,0,0,1,1,1,1,1,0.74
SYNTH_FTY_0124,ARISE,Failure to yield,synthetic-topology-extension,fine,0,0,1,,,,,,,,,
SYNTH_FTY_0125,ARISE,Failure to yield,synthetic-topology-extension,fine,1,0,1,1,1,0,1,1,1,1,1,0.8400000000000001
SYNTH_FTY_0126,ARISE,Failure to yield,synthetic-topology-extension,fine,1,0,1,1,0,0,1,1,1,1,1,0.74
SYNTH_FTY_0127,ARISE,Failure to yield,synthetic-topology-extension,fine,1,0,1,1,0,0,1,1,1,1,1,0.74
SYNTH_FTY_0128,ARISE,Failure to yield,synthetic-topology-extension,fine,1,0,1,1,0,0,1,1,1,1,1,0.74
SYNTH_FTY_0129,ARISE,Failure to yield,synthetic-topology-extension,fine,1,0,0,1,0,0,1,1,1,1,0,0.7
SYNTH_FTY_0130,ARISE,Failure to yield,synthetic-topology-extension,fine,1,0,1,1,1,0,1,1,1,1,1,0.8400000000000001
SYNTH_FTY_0131,ARISE,Failure to yield,synthetic-topology-extension,fine,1,0,1,1,1,0,1,1,1,1,1,0.8400000000000001
SYNTH_FTY_0132,ARISE,Failure to yield,synthetic-topology-extension,fine,1,0,1,1,1,0,1,1,1,1,1,0.8400000000000001
SYNTH_FTY_0133,ARISE,Failure to yield,synthetic-topology-extension,fine,1,0,1,1,1,0,1,1,1,1,1,0.8400000000000001
SYNTH_FTY_0134,ARISE,Failure to yield,synthetic-topology-extension,fine,1,0,0,1,0,0,1,1,1,1,0,0.7
SYNTH_FTY_0135,ARISE,Failure to yield,synthetic-topology-extension,fine,1,0,1,1,1,0,1,1,1,1,1,0.8400000000000001
SYNTH_FTY_0136,ARISE,Failure to yield,synthetic-topology-extension,fine,1,0,0,1,0,0,1,1,1,1,0,0.7
SYNTH_FTY_0137,ARISE,Failure to yield,synthetic-topology-extension,fine,1,0,1,1,1,0,1,1,1,1,1,0.8400000000000001
SYNTH_FTY_0138,ARISE,Failure to yield,synthetic-topology-extension,fine,1,0,1,1,1,0,1,1,1,1,1,0.8400000000000001
SYNTH_FTY_0139,ARISE,Failure to yield,synthetic-topology-extension,fine,0,0,1,,,,,,,,,
SYNTH_FTY_0140,ARISE,Failure to yield,synthetic-topology-extension,fine,1,0,1,1,0,0,1,1,1,1,1,0.74
NHTSA_SPD_0001,ARISE,Speeding,NHTSA-derived,coarse,1,1,1,1,1,0,1,1,1,1,1,0.8400000000000001
NHTSA_SPD_0002,ARISE,Speeding,NHTSA-derived,coarse,1,1,1,1,1,0,1,1,1,1,1,0.8400000000000001
NHTSA_SPD_0003,ARISE,Speeding,NHTSA-derived,coarse,1,1,1,1,1,0,1,1,1,1,1,0.8400000000000001
NHTSA_SPD_0004,ARISE,Speeding,NHTSA-derived,coarse,1,1,1,1,1,0,1,1,1,1,1,0.8400000000000001
NHTSA_SPD_0005,ARISE,Speeding,NHTSA-derived,coarse,1,1,1,1,1,1,1,1,1,1,1,1
NHTSA_SPD_0006,ARISE,Speeding,NHTSA-derived,coarse,1,1,1,1,1,1,1,1,1,1,1,1
NHTSA_SPD_0007,ARISE,Speeding,NHTSA-derived,coarse,1,1,0,1,0,0,1,1,1,1,0,0.7
NHTSA_SPD_0008,ARISE,Speeding,NHTSA-derived,coarse,1,1,1,1,1,1,1,1,1,1,1,1
NHTSA_SPD_0009,ARISE,Speeding,NHTSA-derived,coarse,1,1,1,1,1,1,1,1,1,1,1,1
NHTSA_SPD_0010,ARISE,Speeding,NHTSA-derived,coarse,1,1,1,1,1,1,1,1,1,1,1,1
NHTSA_SPD_0011,ARISE,Speeding,NHTSA-derived,coarse,1,1,1,1,1,1,1,1,1,1,1,1
NHTSA_SPD_0012,ARISE,Speeding,NHTSA-derived,coarse,1,1,1,1,1,0,1,1,1,1,1,0.8400000000000001
NHTSA_SPD_0013,ARISE,Speeding,NHTSA-derived,coarse,1,1,1,1,1,1,1,1,1,1,1,1
NHTSA_SPD_0014,ARISE,Speeding,NHTSA-derived,coarse,1,1,1,1,1,1,1,1,1,1,1,1
NHTSA_SPD_0015,ARISE,Speeding,NHTSA-derived,coarse,1,1,1,1,1,0,1,1,1,1,1,0.8400000000000001
NHTSA_SPD_0016,ARISE,Speeding,NHTSA-derived,coarse,1,1,1,1,1,0,1,1,1,1,1,0.8400000000000001
NHTSA_SPD_0017,ARISE,Speeding,NHTSA-derived,coarse,1,1,1,1,1,0,1,1,1,1,1,0.8400000000000001
NHTSA_SPD_0018,ARISE,Speeding,NHTSA-derived,coarse,1,1,1,1,1,1,1,1,1,1,1,1
NHTSA_SPD_0019,ARISE,Speeding,NHTSA-derived,coarse,1,1,1,1,1,1,1,1,1,1,1,1
NHTSA_SPD_0020,ARISE,Speeding,NHTSA-derived,coarse,1,1,1,1,1,1,1,1,1,1,1,1
NHTSA_SPD_0021,ARISE,Speeding,NHTSA-derived,coarse,1,1,0,1,0,0,1,1,1,1,0,0.7
NHTSA_SPD_0022,ARISE,Speeding,NHTSA-derived,coarse,1,1,1,1,1,1,1,1,1,1,1,1
NHTSA_SPD_0023,ARISE,Speeding,NHTSA-derived,coarse,1,1,1,1,1,0,1,1,1,1,1,0.8400000000000001
NHTSA_SPD_0024,ARISE,Speeding,NHTSA-derived,coarse,1,1,1,1,1,0,1,1,1,1,1,0.8400000000000001
NHTSA_SPD_0025,ARISE,Speeding,NHTSA-derived,coarse,1,1,1,1,1,0,1,1,1,1,1,0.8400000000000001
NHTSA_SPD_0026,ARISE,Speeding,NHTSA-derived,coarse,1,1,1,1,1,0,1,1,1,1,1,0.8400000000000001
NHTSA_SPD_0027,ARISE,Speeding,NHTSA-derived,coarse,1,1,1,1,1,1,1,1,1,1,1,1
NHTSA_SPD_0028,ARISE,Speeding,NHTSA-derived,coarse,1,1,1,1,1,1,1,1,1,1,1,1
NHTSA_SPD_0029,ARISE,Speeding,NHTSA-derived,coarse,1,1,1,1,1,1,1,1,1,1,1,1
NHTSA_SPD_0030,ARISE,Speeding,NHTSA-derived,coarse,1,1,1,1,1,1,1,1,1,1,1,1
NHTSA_SPD_0031,ARISE,Speeding,NHTSA-derived,coarse,1,1,1,1,1,1,1,1,1,1,1,1
NHTSA_SPD_0032,ARISE,Speeding,NHTSA-derived,coarse,1,1,1,1,1,0,1,1,1,1,1,0.8400000000000001
NHTSA_SPD_0033,ARISE,Speeding,NHTSA-derived,coarse,1,1,1,1,1,1,1,1,1,1,1,1
NHTSA_SPD_0034,ARISE,Speeding,NHTSA-derived,coarse,1,1,1,1,1,1,1,1,1,1,1,1
NHTSA_SPD_0035,ARISE,Speeding,NHTSA-derived,coarse,1,1,1,1,1,0,1,1,1,1,1,0.8400000000000001
NHTSA_SPD_0036,ARISE,Speeding,NHTSA-derived,coarse,1,1,1,1,1,0,1,1,1,1,1,0.8400000000000001
NHTSA_SPD_0037,ARISE,Speeding,NHTSA-derived,coarse,1,1,1,1,1,0,1,1,1,1,1,0.8400000000000001
NHTSA_SPD_0038,ARISE,Speeding,NHTSA-derived,coarse,1,1,1,1,1,1,1,1,1,1,1,1
NHTSA_SPD_0039,ARISE,Speeding,NHTSA-derived,coarse,1,1,1,1,1,0,1,1,1,1,1,0.8400000000000001
NHTSA_SPD_0040,ARISE,Speeding,NHTSA-derived,coarse,1,1,1,1,1,1,1,1,1,1,1,1
NHTSA_SPD_0041,ARISE,Speeding,NHTSA-derived,coarse,1,1,1,1,1,1,1,1,1,1,1,1
NHTSA_SPD_0042,ARISE,Speeding,NHTSA-derived,coarse,1,1,1,1,1,1,1,1,1,1,1,1
NHTSA_SPD_0043,ARISE,Speeding,NHTSA-derived,coarse,1,1,1,1,1,1,1,1,1,1,1,1
NHTSA_SPD_0044,ARISE,Speeding,NHTSA-derived,coarse,1,1,1,1,1,0,1,1,1,1,1,0.8400000000000001
NHTSA_SPD_0045,ARISE,Speeding,NHTSA-derived,coarse,1,1,1,1,1,1,1,1,1,1,1,1
NHTSA_SPD_0046,ARISE,Speeding,NHTSA-derived,coarse,1,1,0,1,0,0,1,1,1,1,0,0.7
NHTSA_SPD_0047,ARISE,Speeding,NHTSA-derived,coarse,1,1,1,1,1,0,1,1,1,1,1,0.8400000000000001
NHTSA_SPD_0048,ARISE,Speeding,NHTSA-derived,coarse,1,1,1,1,1,0,1,1,1,1,1,0.8400000000000001
NHTSA_SPD_0049,ARISE,Speeding,NHTSA-derived,coarse,1,1,1,1,1,1,1,1,1,1,1,1
NHTSA_SPD_0050,ARISE,Speeding,NHTSA-derived,coarse,1,1,1,1,1,1,1,1,1,1,1,1
NHTSA_SPD_0051,ARISE,Speeding,NHTSA-derived,coarse,1,1,1,1,1,0,1,1,1,1,1,0.8400000000000001
NHTSA_SPD_0052,ARISE,Speeding,NHTSA-derived,coarse,1,1,1,1,1,1,1,1,1,1,1,1
NHTSA_SPD_0053,ARISE,Speeding,NHTSA-derived,coarse,1,1,0,1,0,0,1,1,1,1,0,0.7
NHTSA_SPD_0054,ARISE,Speeding,NHTSA-derived,coarse,1,1,1,1,1,1,1,1,1,1,1,1
NHTSA_SPD_0055,ARISE,Speeding,NHTSA-derived,coarse,1,1,1,1,1,1,1,1,1,1,1,1
NHTSA_SPD_0056,ARISE,Speeding,NHTSA-derived,coarse,1,1,1,1,1,0,1,1,1,1,1,0.8400000000000001
NHTSA_SPD_0057,ARISE,Speeding,NHTSA-derived,coarse,1,1,1,1,1,0,1,1,1,1,1,0.8400000000000001
NHTSA_SPD_0058,ARISE,Speeding,NHTSA-derived,coarse,1,1,1,1,1,1,1,1,1,1,1,1
NHTSA_SPD_0059,ARISE,Speeding,NHTSA-derived,coarse,1,1,0,1,0,0,1,1,1,1,0,0.7
NHTSA_SPD_0060,ARISE,Speeding,NHTSA-derived,coarse,1,1,0,1,0,0,1,1,1,1,0,0.7
NHTSA_SPD_0061,ARISE,Speeding,NHTSA-derived,coarse,1,1,1,1,1,1,1,1,1,1,1,1
NHTSA_SPD_0062,ARISE,Speeding,NHTSA-derived,coarse,1,1,1,1,1,0,1,1,1,1,1,0.8400000000000001
NHTSA_SPD_0063,ARISE,Speeding,NHTSA-derived,coarse,1,1,1,1,1,0,1,1,1,1,1,0.8400000000000001
NHTSA_SPD_0064,ARISE,Speeding,NHTSA-derived,coarse,1,1,1,1,1,0,1,1,1,1,1,0.8400000000000001
NHTSA_SPD_0065,ARISE,Speeding,NHTSA-derived,coarse,1,1,1,1,1,1,1,1,1,1,1,1
NHTSA_SPD_0066,ARISE,Speeding,NHTSA-derived,coarse,1,1,1,1,1,1,1,1,1,1,1,1
NHTSA_SPD_0067,ARISE,Speeding,NHTSA-derived,coarse,1,1,1,1,1,1,1,1,1,1,1,1
NHTSA_SPD_0068,ARISE,Speeding,NHTSA-derived,coarse,1,1,1,1,1,1,1,1,1,1,1,1
NHTSA_SPD_0069,ARISE,Speeding,NHTSA-derived,coarse,1,1,1,1,1,1,1,1,1,1,1,1
NHTSA_SPD_0070,ARISE,Speeding,NHTSA-derived,coarse,1,1,1,1,1,1,1,1,1,1,1,1
NHTSA_SPD_0071,ARISE,Speeding,NHTSA-derived,coarse,1,1,1,1,1,0,1,1,1,1,1,0.8400000000000001
NHTSA_SPD_0072,ARISE,Speeding,NHTSA-derived,coarse,1,1,1,1,1,1,1,1,1,1,1,1
NHTSA_SPD_0073,ARISE,Speeding,NHTSA-derived,coarse,1,1,0,1,0,0,1,1,1,1,0,0.7
NHTSA_SPD_0074,ARISE,Speeding,NHTSA-derived,coarse,1,1,1,1,1,0,1,1,1,1,1,0.8400000000000001
NHTSA_SPD_0075,ARISE,Speeding,NHTSA-derived,coarse,1,1,1,1,1,0,1,1,1,1,1,0.8400000000000001
NHTSA_SPD_0076,ARISE,Speeding,NHTSA-derived,coarse,1,1,1,1,1,1,1,1,1,1,1,1
NHTSA_SPD_0077,ARISE,Speeding,NHTSA-derived,coarse,1,1,1,1,1,1,1,1,1,1,1,1
NHTSA_SPD_0078,ARISE,Speeding,NHTSA-derived,coarse,1,1,1,1,1,1,1,1,1,1,1,1
NHTSA_SPD_0079,ARISE,Speeding,NHTSA-derived,coarse,1,1,1,1,1,0,1,1,1,1,1,0.8400000000000001
NHTSA_SPD_0080,ARISE,Speeding,NHTSA-derived,coarse,1,1,1,1,1,0,1,1,1,1,1,0.8400000000000001
NHTSA_SPD_0081,ARISE,Speeding,NHTSA-derived,coarse,1,1,1,1,1,0,1,1,1,1,1,0.8400000000000001
NHTSA_SPD_0082,ARISE,Speeding,NHTSA-derived,coarse,1,1,1,1,1,1,1,1,1,1,1,1
NHTSA_SPD_0083,ARISE,Speeding,NHTSA-derived,coarse,1,1,1,1,1,0,1,1,1,1,1,0.8400000000000001
NHTSA_SPD_0084,ARISE,Speeding,NHTSA-derived,coarse,1,1,1,1,1,1,1,1,1,1,1,1
NHTSA_SPD_0085,ARISE,Speeding,NHTSA-derived,coarse,1,1,1,1,1,1,1,1,1,1,1,1
NHTSA_SPD_0086,ARISE,Speeding,NHTSA-derived,coarse,1,1,1,1,1,0,1,1,1,1,1,0.8400000000000001
NHTSA_SPD_0087,ARISE,Speeding,NHTSA-derived,coarse,1,1,1,1,1,1,1,1,1,1,1,1
NHTSA_SPD_0088,ARISE,Speeding,NHTSA-derived,coarse,1,1,1,1,1,0,1,1,1,1,1,0.8400000000000001
NHTSA_SPD_0089,ARISE,Speeding,NHTSA-derived,coarse,1,1,1,1,1,1,1,1,1,1,1,1
NHTSA_SPD_0090,ARISE,Speeding,NHTSA-derived,coarse,1,1,1,1,1,1,1,1,1,1,1,1
NHTSA_SPD_0091,ARISE,Speeding,NHTSA-derived,coarse,1,1,1,1,1,0,1,1,1,1,1,0.8400000000000001
NHTSA_SPD_0092,ARISE,Speeding,NHTSA-derived,coarse,1,1,1,1,1,1,1,1,1,1,1,1
NHTSA_SPD_0093,ARISE,Speeding,NHTSA-derived,coarse,1,1,1,1,1,0,1,1,1,1,1,0.8400000000000001
NHTSA_SPD_0094,ARISE,Speeding,NHTSA-derived,coarse,1,1,1,1,1,0,1,1,1,1,1,0.8400000000000001
NHTSA_SPD_0095,ARISE,Speeding,NHTSA-derived,coarse,1,1,1,1,1,0,1,1,1,1,1,0.8400000000000001
NHTSA_SPD_0096,ARISE,Speeding,NHTSA-derived,coarse,1,1,1,1,1,1,1,1,1,1,1,1
NHTSA_SPD_0097,ARISE,Speeding,NHTSA-derived,coarse,1,1,1,1,1,1,1,1,1,1,1,1
NHTSA_SPD_0098,ARISE,Speeding,NHTSA-derived,coarse,1,1,1,1,1,0,1,1,1,1,1,0.8400000000000001
NHTSA_SPD_0099,ARISE,Speeding,NHTSA-derived,coarse,1,1,1,1,1,0,1,1,1,1,1,0.8400000000000001
NHTSA_SPD_0100,ARISE,Speeding,NHTSA-derived,coarse,1,1,1,1,1,0,1,1,1,1,1,0.8400000000000001
NHTSA_SPD_0101,ARISE,Speeding,NHTSA-derived,coarse,1,1,1,1,1,0,1,1,1,1,1,0.8400000000000001
NHTSA_SPD_0102,ARISE,Speeding,NHTSA-derived,coarse,1,1,1,1,1,1,1,1,1,1,1,1
NHTSA_SPD_0103,ARISE,Speeding,NHTSA-derived,coarse,1,1,1,1,1,1,1,1,1,1,1,1
NHTSA_SPD_0104,ARISE,Speeding,NHTSA-derived,coarse,1,1,0,1,0,0,1,1,1,1,0,0.7
NHTSA_SPD_0105,ARISE,Speeding,NHTSA-derived,coarse,1,1,1,1,1,1,1,1,1,1,1,1
NHTSA_SPD_0106,ARISE,Speeding,NHTSA-derived,coarse,1,1,1,1,1,1,1,1,1,1,1,1
NHTSA_SPD_0107,ARISE,Speeding,NHTSA-derived,coarse,1,1,1,1,1,1,1,1,1,1,1,1
NHTSA_SPD_0108,ARISE,Speeding,NHTSA-derived,coarse,1,1,0,1,0,0,1,1,1,1,0,0.7
NHTSA_SPD_0109,ARISE,Speeding,NHTSA-derived,coarse,1,1,1,1,1,0,1,1,1,1,1,0.8400000000000001
NHTSA_SPD_0110,ARISE,Speeding,NHTSA-derived,coarse,1,1,1,1,1,0,1,1,1,1,1,0.8400000000000001
NHTSA_SPD_0111,ARISE,Speeding,NHTSA-derived,coarse,1,1,0,1,0,0,1,1,1,1,0,0.7
NHTSA_SPD_0112,ARISE,Speeding,NHTSA-derived,coarse,1,1,1,1,1,1,1,1,1,1,1,1
NHTSA_SPD_0113,ARISE,Speeding,NHTSA-derived,coarse,1,1,1,1,1,0,1,1,1,1,1,0.8400000000000001
NHTSA_SPD_0114,ARISE,Speeding,NHTSA-derived,coarse,1,1,1,1,1,1,1,1,1,1,1,1
NHTSA_SPD_0115,ARISE,Speeding,NHTSA-derived,coarse,1,1,0,1,0,0,1,1,1,1,0,0.7
NHTSA_SPD_0116,ARISE,Speeding,NHTSA-derived,coarse,1,1,1,1,1,0,1,1,1,1,1,0.8400000000000001
NHTSA_SPD_0117,ARISE,Speeding,NHTSA-derived,coarse,1,1,1,1,1,1,1,1,1,1,1,1
NHTSA_SPD_0118,ARISE,Speeding,NHTSA-derived,coarse,1,1,1,1,1,1,1,1,1,1,1,1
NHTSA_SPD_0119,ARISE,Speeding,NHTSA-derived,coarse,1,1,1,1,1,1,1,1,1,1,1,1
NHTSA_SPD_0120,ARISE,Speeding,NHTSA-derived,coarse,1,1,1,1,1,0,1,1,1,1,1,0.8400000000000001
NHTSA_SPD_0121,ARISE,Speeding,NHTSA-derived,coarse,1,1,1,1,1,0,1,1,1,1,1,0.8400000000000001
NHTSA_SPD_0122,ARISE,Speeding,NHTSA-derived,coarse,1,1,1,1,1,1,1,1,1,1,1,1
NHTSA_SPD_0123,ARISE,Speeding,NHTSA-derived,coarse,1,1,1,1,1,0,1,1,1,1,1,0.8400000000000001
NHTSA_SPD_0124,ARISE,Speeding,NHTSA-derived,coarse,1,1,1,1,1,1,1,1,1,1,1,1
NHTSA_SPD_0125,ARISE,Speeding,NHTSA-derived,coarse,1,1,0,1,0,0,1,1,1,1,0,0.7
NHTSA_SPD_0126,ARISE,Speeding,NHTSA-derived,coarse,1,1,1,1,1,0,1,1,1,1,1,0.8400000000000001
NHTSA_SPD_0127,ARISE,Speeding,NHTSA-derived,coarse,1,1,1,1,1,0,1,1,1,1,1,0.8400000000000001
NHTSA_SPD_0128,ARISE,Speeding,NHTSA-derived,coarse,1,1,1,1,1,1,1,1,1,1,1,1
NHTSA_SPD_0129,ARISE,Speeding,NHTSA-derived,coarse,1,1,1,1,1,1,1,1,1,1,1,1
NHTSA_SPD_0130,ARISE,Speeding,NHTSA-derived,coarse,1,1,1,1,1,0,1,1,1,1,1,0.8400000000000001
NHTSA_SPD_0131,ARISE,Speeding,NHTSA-derived,coarse,1,1,1,1,1,1,1,1,1,1,1,1
NHTSA_SPD_0132,ARISE,Speeding,NHTSA-derived,coarse,1,1,1,1,1,1,1,1,1,1,1,1
NHTSA_SPD_0133,ARISE,Speeding,NHTSA-derived,coarse,1,1,0,1,0,0,1,1,1,1,0,0.7
NHTSA_SPD_0134,ARISE,Speeding,NHTSA-derived,coarse,1,1,1,1,1,1,1,1,1,1,1,1
NHTSA_SPD_0135,ARISE,Speeding,NHTSA-derived,coarse,1,1,1,1,1,1,1,1,1,1,1,1
NHTSA_SPD_0136,ARISE,Speeding,NHTSA-derived,coarse,1,1,0,1,0,0,1,1,1,1,0,0.7
NHTSA_SPD_0137,ARISE,Speeding,NHTSA-derived,coarse,1,1,1,1,1,0,1,1,1,1,1,0.8400000000000001
NHTSA_SPD_0138,ARISE,Speeding,NHTSA-derived,coarse,1,1,1,1,1,1,1,1,1,1,1,1
NHTSA_SPD_0139,ARISE,Speeding,NHTSA-derived,coarse,1,1,1,1,1,1,1,1,1,1,1,1
NHTSA_SPD_0140,ARISE,Speeding,NHTSA-derived,coarse,1,1,1,1,1,1,1,1,1,1,1,1
NHTSA_SPD_0141,ARISE,Speeding,NHTSA-derived,coarse,1,1,1,1,1,1,1,1,1,1,1,1
NHTSA_SPD_0142,ARISE,Speeding,NHTSA-derived,coarse,1,1,1,1,1,0,1,1,1,1,1,0.8400000000000001
NHTSA_SPD_0143,ARISE,Speeding,NHTSA-derived,coarse,1,1,1,1,1,0,1,1,1,1,1,0.8400000000000001
NHTSA_SPD_0144,ARISE,Speeding,NHTSA-derived,coarse,1,1,1,1,1,1,1,1,1,1,1,1
NHTSA_SPD_0145,ARISE,Speeding,NHTSA-derived,coarse,1,1,0,1,0,0,1,1,1,1,0,0.7
NHTSA_SPD_0146,ARISE,Speeding,NHTSA-derived,coarse,1,1,1,1,1,1,1,1,1,1,1,1
NHTSA_SPD_0147,ARISE,Speeding,NHTSA-derived,coarse,1,1,1,1,1,0,1,1,1,1,1,0.8400000000000001
NHTSA_SPD_0148,ARISE,Speeding,NHTSA-derived,coarse,1,1,1,1,1,0,1,1,1,1,1,0.8400000000000001
NHTSA_SPD_0149,ARISE,Speeding,NHTSA-derived,coarse,1,1,1,1,1,1,1,1,1,1,1,1
NHTSA_SPD_0150,ARISE,Speeding,NHTSA-derived,coarse,1,1,1,1,1,0,1,1,1,1,1,0.8400000000000001
NHTSA_SPD_0151,ARISE,Speeding,NHTSA-derived,coarse,1,1,1,1,1,0,1,1,1,1,1,0.8400000000000001
NHTSA_SPD_0152,ARISE,Speeding,NHTSA-derived,coarse,1,1,1,1,1,0,1,1,1,1,1,0.8400000000000001
NHTSA_SPD_0153,ARISE,Speeding,NHTSA-derived,coarse,1,1,1,1,1,0,1,1,1,1,1,0.8400000000000001
NHTSA_SPD_0154,ARISE,Speeding,NHTSA-derived,coarse,1,1,1,1,1,0,1,1,1,1,1,0.8400000000000001
NHTSA_SPD_0155,ARISE,Speeding,NHTSA-derived,coarse,1,1,1,1,1,0,1,1,1,1,1,0.8400000000000001
NHTSA_SPD_0156,ARISE,Speeding,NHTSA-derived,coarse,1,1,1,1,1,1,1,1,1,1,1,1
NHTSA_SPD_0157,ARISE,Speeding,NHTSA-derived,coarse,1,1,1,1,1,0,1,1,1,1,1,0.8400000000000001
NHTSA_SPD_0158,ARISE,Speeding,NHTSA-derived,coarse,1,1,0,1,0,0,1,1,1,1,0,0.7
NHTSA_SPD_0159,ARISE,Speeding,NHTSA-derived,coarse,1,1,1,1,1,1,1,1,1,1,1,1
NHTSA_SPD_0160,ARISE,Speeding,NHTSA-derived,coarse,1,1,1,1,1,1,1,1,1,1,1,1
NHTSA_SPD_0161,ARISE,Speeding,NHTSA-derived,coarse,1,1,1,1,1,1,1,1,1,1,1,1
NHTSA_SPD_0162,ARISE,Speeding,NHTSA-derived,coarse,1,1,1,1,1,1,1,1,1,1,1,1
NHTSA_SPD_0163,ARISE,Speeding,NHTSA-derived,coarse,1,1,0,1,0,0,1,1,1,1,0,0.7
NHTSA_SPD_0164,ARISE,Speeding,NHTSA-derived,coarse,1,1,1,1,1,0,1,1,1,1,1,0.8400000000000001
NHTSA_SPD_0165,ARISE,Speeding,NHTSA-derived,coarse,1,1,0,1,0,0,1,1,1,1,0,0.7
NHTSA_SPD_0166,ARISE,Speeding,NHTSA-derived,coarse,1,1,1,1,1,1,1,1,1,1,1,1
NHTSA_SPD_0167,ARISE,Speeding,NHTSA-derived,coarse,1,1,1,1,1,0,1,1,1,1,1,0.8400000000000001
NHTSA_SPD_0168,ARISE,Speeding,NHTSA-derived,coarse,1,1,1,1,1,0,1,1,1,1,1,0.8400000000000001
NHTSA_SPD_0169,ARISE,Speeding,NHTSA-derived,coarse,1,1,1,1,1,1,1,1,1,1,1,1
NHTSA_SPD_0170,ARISE,Speeding,NHTSA-derived,coarse,1,1,1,1,1,1,1,1,1,1,1,1
NHTSA_SPD_0171,ARISE,Speeding,NHTSA-derived,coarse,1,1,1,1,1,0,1,1,1,1,1,0.8400000000000001
NHTSA_SPD_0172,ARISE,Speeding,NHTSA-derived,coarse,1,1,1,1,1,1,1,1,1,1,1,1
NHTSA_SPD_0173,ARISE,Speeding,NHTSA-derived,coarse,1,1,1,1,1,1,1,1,1,1,1,1
NHTSA_SPD_0174,ARISE,Speeding,NHTSA-derived,coarse,1,1,1,1,1,0,1,1,1,1,1,0.8400000000000001
NHTSA_SPD_0175,ARISE,Speeding,NHTSA-derived,coarse,1,1,1,1,1,1,1,1,1,1,1,1
NHTSA_SPD_0176,ARISE,Speeding,NHTSA-derived,coarse,1,1,1,1,1,1,1,1,1,1,1,1
NHTSA_SPD_0177,ARISE,Speeding,NHTSA-derived,coarse,1,1,1,1,1,1,1,1,1,1,1,1
NHTSA_SPD_0178,ARISE,Speeding,NHTSA-derived,coarse,1,1,1,1,1,1,1,1,1,1,1,1
NHTSA_SPD_0179,ARISE,Speeding,NHTSA-derived,coarse,1,1,1,1,1,1,1,1,1,1,1,1
NHTSA_SPD_0180,ARISE,Speeding,NHTSA-derived,coarse,1,1,0,1,0,0,1,1,1,1,0,0.7
NHTSA_SPD_0181,ARISE,Speeding,NHTSA-derived,coarse,1,1,1,1,1,1,1,1,1,1,1,1
NHTSA_SPD_0182,ARISE,Speeding,NHTSA-derived,coarse,1,1,1,1,1,1,1,1,1,1,1,1
NHTSA_SPD_0183,ARISE,Speeding,NHTSA-derived,coarse,1,1,1,1,1,0,1,1,1,1,1,0.8400000000000001
NHTSA_SPD_0184,ARISE,Speeding,NHTSA-derived,coarse,1,1,1,1,1,1,1,1,1,1,1,1
NHTSA_SPD_0185,ARISE,Speeding,NHTSA-derived,coarse,1,1,1,1,1,1,1,1,1,1,1,1
NHTSA_SPD_0186,ARISE,Speeding,NHTSA-derived,coarse,1,1,1,1,1,1,1,1,1,1,1,1
NHTSA_SPD_0187,ARISE,Speeding,NHTSA-derived,coarse,1,1,1,1,1,1,1,1,1,1,1,1
NHTSA_SPD_0188,ARISE,Speeding,NHTSA-derived,coarse,1,1,1,1,1,0,1,1,1,1,1,0.8400000000000001
NHTSA_SPD_0189,ARISE,Speeding,NHTSA-derived,coarse,1,1,1,1,1,1,1,1,1,1,1,1
NHTSA_SPD_0190,ARISE,Speeding,NHTSA-derived,coarse,1,1,1,1,1,0,1,1,1,1,1,0.8400000000000001
NHTSA_SPD_0191,ARISE,Speeding,NHTSA-derived,coarse,1,1,1,1,1,1,1,1,1,1,1,1
NHTSA_SPD_0192,ARISE,Speeding,NHTSA-derived,coarse,1,1,1,1,1,0,1,1,1,1,1,0.8400000000000001
NHTSA_SPD_0193,ARISE,Speeding,NHTSA-derived,coarse,1,1,0,1,0,0,1,1,1,1,0,0.7
NHTSA_SPD_0194,ARISE,Speeding,NHTSA-derived,coarse,1,1,1,1,1,1,1,1,1,1,1,1
NHTSA_SPD_0195,ARISE,Speeding,NHTSA-derived,coarse,1,1,1,1,1,0,1,1,1,1,1,0.8400000000000001
NHTSA_SPD_0196,ARISE,Speeding,NHTSA-derived,coarse,1,1,1,1,1,0,1,1,1,1,1,0.8400000000000001
NHTSA_SPD_0197,ARISE,Speeding,NHTSA-derived,coarse,1,1,1,1,1,0,1,1,1,1,1,0.8400000000000001
NHTSA_SPD_0198,ARISE,Speeding,NHTSA-derived,coarse,1,1,1,1,1,1,1,1,1,1,1,1
NHTSA_SPD_0199,ARISE,Speeding,NHTSA-derived,coarse,1,1,1,1,1,0,1,1,1,1,1,0.8400000000000001
NHTSA_SPD_0200,ARISE,Speeding,NHTSA-derived,coarse,1,1,1,1,1,1,1,1,1,1,1,1
NHTSA_SPD_0201,ARISE,Speeding,NHTSA-derived,coarse,1,1,1,1,1,1,1,1,1,1,1,1
NHTSA_SPD_0202,ARISE,Speeding,NHTSA-derived,coarse,1,1,1,1,1,0,1,1,1,1,1,0.8400000000000001
NHTSA_SPD_0203,ARISE,Speeding,NHTSA-derived,coarse,1,1,0,1,0,0,1,1,1,1,0,0.7
NHTSA_SPD_0204,ARISE,Speeding,NHTSA-derived,coarse,1,1,0,1,0,0,1,1,1,1,0,0.7
NHTSA_SPD_0205,ARISE,Speeding,NHTSA-derived,coarse,1,1,1,1,1,1,1,1,1,1,1,1
NHTSA_SPD_0206,ARISE,Speeding,NHTSA-derived,coarse,1,1,1,1,1,1,1,1,1,1,1,1
NHTSA_SPD_0207,ARISE,Speeding,NHTSA-derived,coarse,1,1,0,1,0,0,1,1,1,1,0,0.7
NHTSA_SPD_0208,ARISE,Speeding,NHTSA-derived,coarse,1,1,0,1,0,0,1,1,1,1,0,0.7
NHTSA_SPD_0209,ARISE,Speeding,NHTSA-derived,coarse,1,1,1,1,1,1,1,1,1,1,1,1
NHTSA_SPD_0210,ARISE,Speeding,NHTSA-derived,coarse,1,1,0,1,0,0,1,1,1,1,0,0.7
NHTSA_SPD_0211,ARISE,Speeding,NHTSA-derived,coarse,1,1,1,1,1,0,1,1,1,1,1,0.8400000000000001
NHTSA_SPD_0212,ARISE,Speeding,NHTSA-derived,coarse,1,1,1,1,1,0,1,1,1,1,1,0.8400000000000001
NHTSA_SPD_0213,ARISE,Speeding,NHTSA-derived,coarse,1,1,0,1,0,0,1,1,1,1,0,0.7
NHTSA_SPD_0214,ARISE,Speeding,NHTSA-derived,coarse,1,1,1,1,1,0,1,1,1,1,1,0.8400000000000001
NHTSA_SPD_0215,ARISE,Speeding,NHTSA-derived,coarse,1,1,1,1,1,0,1,1,1,1,1,0.8400000000000001
NHTSA_SPD_0216,ARISE,Speeding,NHTSA-derived,coarse,1,1,0,1,0,0,1,1,1,1,0,0.7
NHTSA_SPD_0217,ARISE,Speeding,NHTSA-derived,coarse,1,1,1,1,1,0,1,1,1,1,1,0.8400000000000001
NHTSA_SPD_0218,ARISE,Speeding,NHTSA-derived,coarse,1,1,1,1,1,0,1,1,1,1,1,0.8400000000000001
NHTSA_SPD_0219,ARISE,Speeding,NHTSA-derived,coarse,1,1,1,1,1,1,1,1,1,1,1,1
NHTSA_SPD_0220,ARISE,Speeding,NHTSA-derived,coarse,1,1,1,1,1,0,1,1,1,1,1,0.8400000000000001
NHTSA_SPD_0221,ARISE,Speeding,NHTSA-derived,coarse,1,1,1,1,1,1,1,1,1,1,1,1
NHTSA_SPD_0222,ARISE,Speeding,NHTSA-derived,coarse,1,1,0,1,0,0,1,1,1,1,0,0.7
NHTSA_SPD_0223,ARISE,Speeding,NHTSA-derived,coarse,1,1,1,1,1,1,1,1,1,1,1,1
NHTSA_SPD_0224,ARISE,Speeding,NHTSA-derived,coarse,1,1,1,1,1,0,1,1,1,1,1,0.8400000000000001
NHTSA_SPD_0225,ARISE,Speeding,NHTSA-derived,coarse,1,1,1,1,1,0,1,1,1,1,1,0.8400000000000001
NHTSA_SPD_0226,ARISE,Speeding,NHTSA-derived,coarse,1,1,1,1,1,0,1,1,1,1,1,0.8400000000000001
NHTSA_SPD_0227,ARISE,Speeding,NHTSA-derived,coarse,1,1,1,1,1,0,1,1,1,1,1,0.8400000000000001
NHTSA_SPD_0228,ARISE,Speeding,NHTSA-derived,coarse,1,1,0,1,0,0,1,1,1,1,0,0.7
NHTSA_SPD_0229,ARISE,Speeding,NHTSA-derived,coarse,1,1,1,1,1,1,1,1,1,1,1,1
NHTSA_SPD_0230,ARISE,Speeding,NHTSA-derived,coarse,1,1,1,1,1,1,1,1,1,1,1,1
NHTSA_SPD_0231,ARISE,Speeding,NHTSA-derived,coarse,1,1,1,1,1,0,1,1,1,1,1,0.8400000000000001
NHTSA_SPD_0232,ARISE,Speeding,NHTSA-derived,coarse,1,1,1,1,1,1,1,1,1,1,1,1
NHTSA_SPD_0233,ARISE,Speeding,NHTSA-derived,coarse,1,1,0,1,0,0,1,1,1,1,0,0.7
NHTSA_SPD_0234,ARISE,Speeding,NHTSA-derived,coarse,1,1,1,1,1,1,1,1,1,1,1,1
NHTSA_SPD_0235,ARISE,Speeding,NHTSA-derived,coarse,1,1,0,1,0,0,1,1,1,1,0,0.7
NHTSA_SPD_0236,ARISE,Speeding,NHTSA-derived,coarse,1,1,1,1,1,1,1,1,1,1,1,1
NHTSA_SPD_0237,ARISE,Speeding,NHTSA-derived,coarse,1,1,0,1,0,0,1,1,1,1,0,0.7
NHTSA_SPD_0238,ARISE,Speeding,NHTSA-derived,coarse,1,1,1,1,1,1,1,1,1,1,1,1
NHTSA_SPD_0239,ARISE,Speeding,NHTSA-derived,coarse,1,1,1,1,1,1,1,1,1,1,1,1
NHTSA_SPD_0240,ARISE,Speeding,NHTSA-derived,coarse,1,1,0,1,0,0,1,1,1,1,0,0.7
NHTSA_SPD_0241,ARISE,Speeding,NHTSA-derived,coarse,1,1,0,1,0,0,1,1,1,1,0,0.7
NHTSA_SPD_0242,ARISE,Speeding,NHTSA-derived,coarse,1,1,1,1,1,1,1,1,1,1,1,1
NHTSA_SPD_0243,ARISE,Speeding,NHTSA-derived,coarse,1,1,0,1,0,0,1,1,1,1,0,0.7
NHTSA_SPD_0244,ARISE,Speeding,NHTSA-derived,coarse,1,1,1,1,1,0,1,1,1,1,1,0.8400000000000001
NHTSA_SPD_0245,ARISE,Speeding,NHTSA-derived,coarse,1,1,0,1,0,0,1,1,1,1,0,0.7
NHTSA_SPD_0246,ARISE,Speeding,NHTSA-derived,coarse,1,1,0,1,0,0,1,1,1,1,0,0.7
NHTSA_SPD_0247,ARISE,Speeding,NHTSA-derived,coarse,1,1,1,1,1,0,1,1,1,1,1,0.8400000000000001
NHTSA_SPD_0248,ARISE,Speeding,NHTSA-derived,coarse,1,1,1,1,1,0,1,1,1,1,1,0.8400000000000001
NHTSA_SPD_0249,ARISE,Speeding,NHTSA-derived,coarse,1,1,1,1,1,1,1,1,1,1,1,1
NHTSA_SPD_0250,ARISE,Speeding,NHTSA-derived,coarse,1,1,1,1,1,1,1,1,1,1,1,1
NHTSA_SPD_0251,ARISE,Speeding,NHTSA-derived,coarse,1,1,0,1,0,0,1,1,1,1,0,0.7
NHTSA_SPD_0252,ARISE,Speeding,NHTSA-derived,coarse,1,1,1,1,1,0,1,1,1,1,1,0.8400000000000001
NHTSA_SPD_0253,ARISE,Speeding,NHTSA-derived,coarse,1,1,1,1,1,1,1,1,1,1,1,1
NHTSA_SPD_0254,ARISE,Speeding,NHTSA-derived,coarse,1,1,1,1,1,0,1,1,1,1,1,0.8400000000000001
NHTSA_SPD_0255,ARISE,Speeding,NHTSA-derived,coarse,1,1,1,1,1,1,1,1,1,1,1,1
NHTSA_SPD_0256,ARISE,Speeding,NHTSA-derived,coarse,1,1,1,1,1,1,1,1,1,1,1,1
NHTSA_SPD_0257,ARISE,Speeding,NHTSA-derived,coarse,1,1,1,1,1,0,1,1,1,1,1,0.8400000000000001
NHTSA_SPD_0258,ARISE,Speeding,NHTSA-derived,coarse,1,1,1,1,1,1,1,1,1,1,1,1
NHTSA_SPD_0259,ARISE,Speeding,NHTSA-derived,coarse,1,1,1,1,1,1,1,1,1,1,1,1
NHTSA_SPD_0260,ARISE,Speeding,NHTSA-derived,coarse,1,1,1,1,1,1,1,1,1,1,1,1
NHTSA_SPD_0261,ARISE,Speeding,NHTSA-derived,coarse,1,1,1,1,1,1,1,1,1,1,1,1
NHTSA_SPD_0262,ARISE,Speeding,NHTSA-derived,coarse,1,1,1,1,1,0,1,1,1,1,1,0.8400000000000001
NHTSA_SPD_0263,ARISE,Speeding,NHTSA-derived,coarse,1,1,1,1,1,0,1,1,1,1,1,0.8400000000000001
NHTSA_SPD_0264,ARISE,Speeding,NHTSA-derived,coarse,1,1,1,1,1,0,1,1,1,1,1,0.8400000000000001
NHTSA_SPD_0265,ARISE,Speeding,NHTSA-derived,coarse,1,1,1,1,1,1,1,1,1,1,1,1
NHTSA_SPD_0266,ARISE,Speeding,NHTSA-derived,coarse,1,1,1,1,1,0,1,1,1,1,1,0.8400000000000001
NHTSA_SPD_0267,ARISE,Speeding,NHTSA-derived,coarse,1,1,1,1,1,0,1,1,1,1,1,0.8400000000000001
NHTSA_SPD_0268,ARISE,Speeding,NHTSA-derived,coarse,1,1,1,1,1,0,1,1,1,1,1,0.8400000000000001
NHTSA_SPD_0269,ARISE,Speeding,NHTSA-derived,coarse,1,1,1,1,1,0,1,1,1,1,1,0.8400000000000001
NHTSA_SPD_0270,ARISE,Speeding,NHTSA-derived,coarse,1,1,0,1,0,0,1,1,1,1,0,0.7
NHTSA_SPD_0271,ARISE,Speeding,NHTSA-derived,coarse,1,1,1,1,1,1,1,1,1,1,1,1
NHTSA_SPD_0272,ARISE,Speeding,NHTSA-derived,coarse,1,1,1,1,1,1,1,1,1,1,1,1
NHTSA_SPD_0273,ARISE,Speeding,NHTSA-derived,coarse,1,1,1,1,1,0,1,1,1,1,1,0.8400000000000001
NHTSA_SPD_0274,ARISE,Speeding,NHTSA-derived,coarse,1,1,1,1,1,0,1,1,1,1,1,0.8400000000000001
NHTSA_SPD_0275,ARISE,Speeding,NHTSA-derived,coarse,1,1,1,1,1,1,1,1,1,1,1,1
NHTSA_SPD_0276,ARISE,Speeding,NHTSA-derived,coarse,1,1,1,1,1,0,1,1,1,1,1,0.8400000000000001
NHTSA_SPD_0277,ARISE,Speeding,NHTSA-derived,coarse,1,1,0,1,0,0,1,1,1,1,0,0.7
NHTSA_SPD_0278,ARISE,Speeding,NHTSA-derived,coarse,1,1,1,1,1,1,1,1,1,1,1,1
NHTSA_SPD_0279,ARISE,Speeding,NHTSA-derived,coarse,1,1,0,1,0,0,1,1,1,1,0,0.7
NHTSA_SPD_0280,ARISE,Speeding,NHTSA-derived,coarse,1,1,1,1,1,1,1,1,1,1,1,1
NHTSA_SPD_0281,ARISE,Speeding,NHTSA-derived,coarse,1,1,0,1,0,0,1,1,1,1,0,0.7
NHTSA_SPD_0282,ARISE,Speeding,NHTSA-derived,coarse,1,1,1,1,1,1,1,1,1,1,1,1
NHTSA_SPD_0283,ARISE,Speeding,NHTSA-derived,coarse,1,1,1,1,1,0,1,1,1,1,1,0.8400000000000001
NHTSA_SPD_0284,ARISE,Speeding,NHTSA-derived,coarse,1,1,1,1,1,1,1,1,1,1,1,1
NHTSA_SPD_0285,ARISE,Speeding,NHTSA-derived,coarse,1,1,1,1,1,1,1,1,1,1,1,1
NHTSA_SPD_0286,ARISE,Speeding,NHTSA-derived,coarse,1,1,0,1,0,0,1,1,1,1,0,0.7
NHTSA_SPD_0287,ARISE,Speeding,NHTSA-derived,coarse,1,1,0,1,0,0,1,1,1,1,0,0.7
NHTSA_SPD_0288,ARISE,Speeding,NHTSA-derived,coarse,1,1,1,1,1,0,1,1,1,1,1,0.8400000000000001
NHTSA_SPD_0289,ARISE,Speeding,NHTSA-derived,coarse,1,1,1,1,1,0,1,1,1,1,1,0.8400000000000001
NHTSA_SPD_0290,ARISE,Speeding,NHTSA-derived,coarse,1,1,1,1,1,0,1,1,1,1,1,0.8400000000000001
NHTSA_SPD_0291,ARISE,Speeding,NHTSA-derived,coarse,1,1,1,1,1,0,1,1,1,1,1,0.8400000000000001
NHTSA_SPD_0292,ARISE,Speeding,NHTSA-derived,coarse,1,1,1,1,1,1,1,1,1,1,1,1
NHTSA_SPD_0293,ARISE,Speeding,NHTSA-derived,coarse,1,1,1,1,1,0,1,1,1,1,1,0.8400000000000001
NHTSA_SPD_0294,ARISE,Speeding,NHTSA-derived,coarse,1,1,1,1,1,1,1,1,1,1,1,1
NHTSA_SPD_0295,ARISE,Speeding,NHTSA-derived,coarse,1,1,0,1,0,0,1,1,1,1,0,0.7
NHTSA_SPD_0296,ARISE,Speeding,NHTSA-derived,coarse,1,1,1,1,1,0,1,1,1,1,1,0.8400000000000001
NHTSA_SPD_0297,ARISE,Speeding,NHTSA-derived,coarse,1,1,1,1,1,1,1,1,1,1,1,1
NHTSA_SPD_0298,ARISE,Speeding,NHTSA-derived,coarse,1,1,1,1,1,1,1,1,1,1,1,1
NHTSA_SPD_0299,ARISE,Speeding,NHTSA-derived,coarse,1,1,1,1,1,1,1,1,1,1,1,1
NHTSA_SPD_0300,ARISE,Speeding,NHTSA-derived,coarse,1,1,1,1,1,1,1,1,1,1,1,1
NHTSA_SPD_0301,ARISE,Speeding,NHTSA-derived,coarse,1,1,1,1,1,0,1,1,1,1,1,0.8400000000000001
NHTSA_SPD_0302,ARISE,Speeding,NHTSA-derived,coarse,1,1,1,1,1,0,1,1,1,1,1,0.8400000000000001
NHTSA_SPD_0303,ARISE,Speeding,NHTSA-derived,coarse,1,1,1,1,1,1,1,1,1,1,1,1
NHTSA_SPD_0304,ARISE,Speeding,NHTSA-derived,coarse,1,1,1,1,1,1,1,1,1,1,1,1
NHTSA_SPD_0305,ARISE,Speeding,NHTSA-derived,coarse,1,1,1,1,1,0,1,1,1,1,1,0.8400000000000001
NHTSA_SPD_0306,ARISE,Speeding,NHTSA-derived,coarse,1,1,1,1,1,1,1,1,1,1,1,1
NHTSA_SPD_0307,ARISE,Speeding,NHTSA-derived,coarse,1,1,0,1,0,0,1,1,1,1,0,0.7
NHTSA_SPD_0308,ARISE,Speeding,NHTSA-derived,coarse,1,1,1,1,1,0,1,1,1,1,1,0.8400000000000001
NHTSA_SPD_0309,ARISE,Speeding,NHTSA-derived,coarse,1,1,1,1,1,1,1,1,1,1,1,1
NHTSA_SPD_0310,ARISE,Speeding,NHTSA-derived,coarse,1,1,1,1,1,0,1,1,1,1,1,0.8400000000000001
NHTSA_SPD_0311,ARISE,Speeding,NHTSA-derived,coarse,1,1,1,1,1,1,1,1,1,1,1,1
NHTSA_SPD_0312,ARISE,Speeding,NHTSA-derived,coarse,1,1,1,1,1,0,1,1,1,1,1,0.8400000000000001
NHTSA_SPD_0313,ARISE,Speeding,NHTSA-derived,coarse,1,1,0,1,0,0,1,1,1,1,0,0.7
NHTSA_SPD_0314,ARISE,Speeding,NHTSA-derived,coarse,1,1,1,1,1,1,1,1,1,1,1,1
NHTSA_SPD_0315,ARISE,Speeding,NHTSA-derived,coarse,1,1,1,1,1,0,1,1,1,1,1,0.8400000000000001
NHTSA_SPD_0316,ARISE,Speeding,NHTSA-derived,coarse,1,1,1,1,1,0,1,1,1,1,1,0.8400000000000001
NHTSA_SPD_0317,ARISE,Speeding,NHTSA-derived,coarse,1,1,1,1,1,1,1,1,1,1,1,1
NHTSA_SPD_0318,ARISE,Speeding,NHTSA-derived,coarse,1,1,1,1,1,1,1,1,1,1,1,1
NHTSA_SPD_0319,ARISE,Speeding,NHTSA-derived,coarse,1,1,1,1,1,0,1,1,1,1,1,0.8400000000000001
NHTSA_SPD_0320,ARISE,Speeding,NHTSA-derived,coarse,1,1,0,1,0,0,1,1,1,1,0,0.7
NHTSA_SPD_0321,ARISE,Speeding,NHTSA-derived,coarse,1,1,1,1,1,1,1,1,1,1,1,1
NHTSA_SPD_0322,ARISE,Speeding,NHTSA-derived,coarse,1,1,1,1,1,1,1,1,1,1,1,1
NHTSA_SPD_0323,ARISE,Speeding,NHTSA-derived,coarse,1,1,1,1,1,1,1,1,1,1,1,1
NHTSA_SPD_0324,ARISE,Speeding,NHTSA-derived,coarse,1,1,1,1,1,0,1,1,1,1,1,0.8400000000000001
NHTSA_SPD_0325,ARISE,Speeding,NHTSA-derived,coarse,1,1,1,1,1,1,1,1,1,1,1,1
NHTSA_SPD_0326,ARISE,Speeding,NHTSA-derived,coarse,1,1,1,1,1,1,1,1,1,1,1,1
NHTSA_SPD_0327,ARISE,Speeding,NHTSA-derived,coarse,1,1,1,1,1,1,1,1,1,1,1,1
NHTSA_SPD_0328,ARISE,Speeding,NHTSA-derived,coarse,1,1,1,1,1,0,1,1,1,1,1,0.8400000000000001
NHTSA_SPD_0329,ARISE,Speeding,NHTSA-derived,coarse,1,1,1,1,1,1,1,1,1,1,1,1
NHTSA_SPD_0330,ARISE,Speeding,NHTSA-derived,coarse,1,1,1,1,1,0,1,1,1,1,1,0.8400000000000001
NHTSA_SPD_0331,ARISE,Speeding,NHTSA-derived,coarse,1,1,0,1,0,0,1,1,1,1,0,0.7
NHTSA_SPD_0332,ARISE,Speeding,NHTSA-derived,coarse,1,1,1,1,1,1,1,1,1,1,1,1
NHTSA_SPD_0333,ARISE,Speeding,NHTSA-derived,coarse,1,1,1,1,1,1,1,1,1,1,1,1
NHTSA_SPD_0334,ARISE,Speeding,NHTSA-derived,coarse,1,1,1,1,1,1,1,1,1,1,1,1
NHTSA_SPD_0335,ARISE,Speeding,NHTSA-derived,coarse,1,1,1,1,1,1,1,1,1,1,1,1
NHTSA_SPD_0336,ARISE,Speeding,NHTSA-derived,coarse,1,1,0,1,0,0,1,1,1,1,0,0.7
NHTSA_SPD_0337,ARISE,Speeding,NHTSA-derived,coarse,1,1,1,1,1,0,1,1,1,1,1,0.8400000000000001
NHTSA_SPD_0338,ARISE,Speeding,NHTSA-derived,coarse,1,1,0,1,0,0,1,1,1,1,0,0.7
NHTSA_SPD_0339,ARISE,Speeding,NHTSA-derived,coarse,1,1,1,1,1,1,1,1,1,1,1,1
NHTSA_SPD_0340,ARISE,Speeding,NHTSA-derived,coarse,1,1,1,1,1,1,1,1,1,1,1,1
NHTSA_SPD_0341,ARISE,Speeding,NHTSA-derived,coarse,1,1,1,1,1,1,1,1,1,1,1,1
NHTSA_SPD_0342,ARISE,Speeding,NHTSA-derived,coarse,1,1,1,1,1,1,1,1,1,1,1,1
NHTSA_SPD_0343,ARISE,Speeding,NHTSA-derived,coarse,1,1,1,1,1,0,1,1,1,1,1,0.8400000000000001
NHTSA_SPD_0344,ARISE,Speeding,NHTSA-derived,coarse,1,1,1,1,1,1,1,1,1,1,1,1
NHTSA_SPD_0345,ARISE,Speeding,NHTSA-derived,coarse,1,1,1,1,1,1,1,1,1,1,1,1
NHTSA_SPD_0346,ARISE,Speeding,NHTSA-derived,coarse,1,1,0,1,0,0,1,1,1,1,0,0.7
NHTSA_SPD_0347,ARISE,Speeding,NHTSA-derived,coarse,1,1,1,1,1,1,1,1,1,1,1,1
NHTSA_SPD_0348,ARISE,Speeding,NHTSA-derived,coarse,1,1,1,1,1,1,1,1,1,1,1,1
NHTSA_SPD_0349,ARISE,Speeding,NHTSA-derived,coarse,1,1,0,1,0,0,1,1,1,1,0,0.7
SYNTH_SPD_0001,ARISE,Speeding,synthetic-topology-extension,fine,1,1,0,1,0,0,1,1,1,1,0,0.7
SYNTH_SPD_0002,ARISE,Speeding,synthetic-topology-extension,fine,1,1,1,1,1,0,1,1,1,1,1,0.8400000000000001
SYNTH_SPD_0003,ARISE,Speeding,synthetic-topology-extension,fine,1,1,1,1,1,0,1,1,1,1,1,0.8400000000000001
SYNTH_SPD_0004,ARISE,Speeding,synthetic-topology-extension,fine,1,1,0,1,0,0,1,1,1,1,0,0.7
SYNTH_SPD_0005,ARISE,Speeding,synthetic-topology-extension,fine,1,0,1,1,1,0,1,1,1,1,1,0.8400000000000001
SYNTH_SPD_0006,ARISE,Speeding,synthetic-topology-extension,fine,1,0,1,1,1,0,1,1,1,1,1,0.8400000000000001
SYNTH_SPD_0007,ARISE,Speeding,synthetic-topology-extension,fine,1,1,1,1,1,1,1,1,1,1,1,1
SYNTH_SPD_0008,ARISE,Speeding,synthetic-topology-extension,fine,1,0,1,1,0,0,1,1,1,1,1,0.74
SYNTH_SPD_0009,ARISE,Speeding,synthetic-topology-extension,fine,1,0,1,1,0,0,1,1,1,1,1,0.74
SYNTH_SPD_0010,ARISE,Speeding,synthetic-topology-extension,fine,1,1,0,1,0,0,1,1,1,1,0,0.7
SYNTH_SPD_0011,ARISE,Speeding,synthetic-topology-extension,fine,1,1,1,1,1,1,1,1,1,1,1,1
SYNTH_SPD_0012,ARISE,Speeding,synthetic-topology-extension,fine,1,0,0,1,0,0,1,1,1,1,0,0.7
SYNTH_SPD_0013,ARISE,Speeding,synthetic-topology-extension,fine,1,1,1,1,1,0,1,1,1,1,1,0.8400000000000001
SYNTH_SPD_0014,ARISE,Speeding,synthetic-topology-extension,fine,1,1,1,1,1,0,1,1,1,1,1,0.8400000000000001
SYNTH_SPD_0015,ARISE,Speeding,synthetic-topology-extension,fine,1,0,1,1,1,0,1,1,1,1,1,0.8400000000000001
SYNTH_SPD_0016,ARISE,Speeding,synthetic-topology-extension,fine,1,0,1,1,1,0,1,1,1,1,1,0.8400000000000001
SYNTH_SPD_0017,ARISE,Speeding,synthetic-topology-extension,fine,1,1,1,1,1,1,1,1,1,1,1,1
SYNTH_SPD_0018,ARISE,Speeding,synthetic-topology-extension,fine,1,1,0,1,0,0,1,1,1,1,0,0.7
SYNTH_SPD_0019,ARISE,Speeding,synthetic-topology-extension,fine,1,1,0,1,0,0,1,1,1,1,0,0.7
SYNTH_SPD_0020,ARISE,Speeding,synthetic-topology-extension,fine,1,0,1,1,1,0,1,1,1,1,1,0.8400000000000001
SYNTH_SPD_0021,ARISE,Speeding,synthetic-topology-extension,fine,1,1,1,1,1,1,1,1,1,1,1,1
SYNTH_SPD_0022,ARISE,Speeding,synthetic-topology-extension,fine,1,1,1,1,1,1,1,1,1,1,1,1
SYNTH_SPD_0023,ARISE,Speeding,synthetic-topology-extension,fine,1,0,0,1,0,0,1,1,1,1,0,0.7
SYNTH_SPD_0024,ARISE,Speeding,synthetic-topology-extension,fine,0,0,1,,,,,,,,,
SYNTH_SPD_0025,ARISE,Speeding,synthetic-topology-extension,fine,1,0,1,1,0,0,1,1,1,1,0,0.7
SYNTH_SPD_0026,ARISE,Speeding,synthetic-topology-extension,fine,1,1,1,1,1,0,1,1,1,1,1,0.8400000000000001
SYNTH_SPD_0027,ARISE,Speeding,synthetic-topology-extension,fine,1,1,1,1,1,1,1,1,1,1,1,1
SYNTH_SPD_0028,ARISE,Speeding,synthetic-topology-extension,fine,1,1,1,1,1,0,1,1,1,1,1,0.8400000000000001
SYNTH_SPD_0029,ARISE,Speeding,synthetic-topology-extension,fine,1,1,1,1,1,1,1,1,1,1,1,1
SYNTH_SPD_0030,ARISE,Speeding,synthetic-topology-extension,fine,1,0,1,1,1,0,1,1,1,1,1,0.8400000000000001
SYNTH_SPD_0031,ARISE,Speeding,synthetic-topology-extension,fine,1,0,1,1,0,0,1,1,1,1,1,0.74
SYNTH_SPD_0032,ARISE,Speeding,synthetic-topology-extension,fine,1,1,0,1,0,0,1,1,1,1,0,0.7
SYNTH_SPD_0033,ARISE,Speeding,synthetic-topology-extension,fine,1,1,0,1,0,0,1,1,1,1,0,0.7
SYNTH_SPD_0034,ARISE,Speeding,synthetic-topology-extension,fine,1,1,1,1,1,0,1,1,1,1,1,0.8400000000000001
SYNTH_SPD_0035,ARISE,Speeding,synthetic-topology-extension,fine,1,1,1,1,1,1,1,1,1,1,1,1
SYNTH_SPD_0036,ARISE,Speeding,synthetic-topology-extension,fine,1,1,0,1,0,0,1,1,1,1,0,0.7
SYNTH_SPD_0037,ARISE,Speeding,synthetic-topology-extension,fine,1,1,1,1,1,1,1,1,1,1,1,1
SYNTH_SPD_0038,ARISE,Speeding,synthetic-topology-extension,fine,1,1,1,1,1,1,1,1,1,1,1,1
SYNTH_SPD_0039,ARISE,Speeding,synthetic-topology-extension,fine,0,0,1,,,,,,,,,
SYNTH_SPD_0040,ARISE,Speeding,synthetic-topology-extension,fine,1,1,1,1,1,1,1,1,1,1,1,1
SYNTH_SPD_0041,ARISE,Speeding,synthetic-topology-extension,fine,1,1,0,1,0,0,1,1,1,1,0,0.7
SYNTH_SPD_0042,ARISE,Speeding,synthetic-topology-extension,fine,1,1,1,1,1,1,1,1,1,1,1,1
SYNTH_SPD_0043,ARISE,Speeding,synthetic-topology-extension,fine,1,0,1,1,0,0,1,1,1,1,1,0.74
SYNTH_SPD_0044,ARISE,Speeding,synthetic-topology-extension,fine,1,1,1,1,1,0,1,1,1,1,1,0.8400000000000001
SYNTH_SPD_0045,ARISE,Speeding,synthetic-topology-extension,fine,1,1,1,1,1,0,1,1,1,1,1,0.8400000000000001
SYNTH_SPD_0046,ARISE,Speeding,synthetic-topology-extension,fine,1,1,1,1,1,1,1,1,1,1,1,1
SYNTH_SPD_0047,ARISE,Speeding,synthetic-topology-extension,fine,1,1,1,1,1,0,1,1,1,1,1,0.8400000000000001
SYNTH_SPD_0048,ARISE,Speeding,synthetic-topology-extension,fine,1,0,1,1,0,0,1,1,1,1,1,0.74
SYNTH_SPD_0049,ARISE,Speeding,synthetic-topology-extension,fine,1,1,0,1,0,0,1,1,1,1,0,0.7
SYNTH_SPD_0050,ARISE,Speeding,synthetic-topology-extension,fine,1,1,1,1,1,0,1,1,1,1,1,0.8400000000000001
SYNTH_SPD_0051,ARISE,Speeding,synthetic-topology-extension,fine,1,1,0,1,0,0,1,1,1,1,0,0.7
SYNTH_SPD_0052,ARISE,Speeding,synthetic-topology-extension,fine,1,1,1,1,1,1,1,1,1,1,1,1
SYNTH_SPD_0053,ARISE,Speeding,synthetic-topology-extension,fine,1,1,1,1,1,0,1,1,1,1,1,0.8400000000000001
SYNTH_SPD_0054,ARISE,Speeding,synthetic-topology-extension,fine,1,0,1,1,0,0,1,1,1,1,1,0.74
SYNTH_SPD_0055,ARISE,Speeding,synthetic-topology-extension,fine,1,0,1,1,0,0,1,1,1,1,1,0.74
SYNTH_SPD_0056,ARISE,Speeding,synthetic-topology-extension,fine,1,1,1,1,1,0,1,1,1,1,1,0.8400000000000001
SYNTH_SPD_0057,ARISE,Speeding,synthetic-topology-extension,fine,1,0,0,1,0,0,1,1,1,1,0,0.7
SYNTH_SPD_0058,ARISE,Speeding,synthetic-topology-extension,fine,1,0,0,1,0,0,1,1,1,1,0,0.7
SYNTH_SPD_0059,ARISE,Speeding,synthetic-topology-extension,fine,1,1,0,1,0,0,1,1,1,1,0,0.7
SYNTH_SPD_0060,ARISE,Speeding,synthetic-topology-extension,fine,1,1,1,1,1,0,1,1,1,1,1,0.8400000000000001
SYNTH_SPD_0061,ARISE,Speeding,synthetic-topology-extension,fine,1,1,1,1,1,0,1,1,1,1,1,0.8400000000000001
SYNTH_SPD_0062,ARISE,Speeding,synthetic-topology-extension,fine,0,0,1,,,,,,,,,
SYNTH_SPD_0063,ARISE,Speeding,synthetic-topology-extension,fine,1,0,0,1,0,0,1,1,1,1,0,0.7
SYNTH_SPD_0064,ARISE,Speeding,synthetic-topology-extension,fine,1,1,1,1,1,0,1,1,1,1,1,0.8400000000000001
SYNTH_SPD_0065,ARISE,Speeding,synthetic-topology-extension,fine,1,1,1,1,1,0,1,1,1,1,1,0.8400000000000001
SYNTH_SPD_0066,ARISE,Speeding,synthetic-topology-extension,fine,1,1,1,1,1,0,1,1,1,1,1,0.8400000000000001
SYNTH_SPD_0067,ARISE,Speeding,synthetic-topology-extension,fine,1,1,1,1,1,0,1,1,1,1,1,0.8400000000000001
SYNTH_SPD_0068,ARISE,Speeding,synthetic-topology-extension,fine,1,1,1,1,1,1,1,1,1,1,1,1
SYNTH_SPD_0069,ARISE,Speeding,synthetic-topology-extension,fine,1,0,0,1,0,0,1,1,1,1,0,0.7
SYNTH_SPD_0070,ARISE,Speeding,synthetic-topology-extension,fine,1,1,1,1,1,1,1,1,1,1,1,1
SYNTH_SPD_0071,ARISE,Speeding,synthetic-topology-extension,fine,1,1,1,1,1,1,1,1,1,1,1,1
SYNTH_SPD_0072,ARISE,Speeding,synthetic-topology-extension,fine,1,1,1,1,1,0,1,1,1,1,1,0.8400000000000001
SYNTH_SPD_0073,ARISE,Speeding,synthetic-topology-extension,fine,1,1,1,1,1,0,1,1,1,1,1,0.8400000000000001
SYNTH_SPD_0074,ARISE,Speeding,synthetic-topology-extension,fine,1,1,1,1,1,1,1,1,1,1,1,1
SYNTH_SPD_0075,ARISE,Speeding,synthetic-topology-extension,fine,1,1,1,1,1,0,1,1,1,1,1,0.8400000000000001
SYNTH_SPD_0076,ARISE,Speeding,synthetic-topology-extension,fine,1,1,1,1,1,0,1,1,1,1,1,0.8400000000000001
SYNTH_SPD_0077,ARISE,Speeding,synthetic-topology-extension,fine,1,1,1,1,1,1,1,1,1,1,1,1
SYNTH_SPD_0078,ARISE,Speeding,synthetic-topology-extension,fine,1,1,0,1,0,0,1,1,1,1,0,0.7
SYNTH_SPD_0079,ARISE,Speeding,synthetic-topology-extension,fine,1,1,1,1,1,0,1,1,1,1,1,0.8400000000000001
SYNTH_SPD_0080,ARISE,Speeding,synthetic-topology-extension,fine,1,1,0,1,0,0,1,1,1,1,0,0.7
SYNTH_SPD_0081,ARISE,Speeding,synthetic-topology-extension,fine,1,1,0,1,0,0,1,1,1,1,0,0.7
SYNTH_SPD_0082,ARISE,Speeding,synthetic-topology-extension,fine,1,0,1,1,1,0,1,1,1,1,1,0.8400000000000001
SYNTH_SPD_0083,ARISE,Speeding,synthetic-topology-extension,fine,1,0,1,1,0,0,1,1,1,1,1,0.74
SYNTH_SPD_0084,ARISE,Speeding,synthetic-topology-extension,fine,1,0,1,1,0,0,1,1,1,1,1,0.74
SYNTH_SPD_0085,ARISE,Speeding,synthetic-topology-extension,fine,1,0,0,1,0,0,1,1,1,1,0,0.7
SYNTH_SPD_0086,ARISE,Speeding,synthetic-topology-extension,fine,1,1,1,1,1,1,1,1,1,1,1,1
SYNTH_SPD_0087,ARISE,Speeding,synthetic-topology-extension,fine,1,1,1,1,1,0,1,1,1,1,1,0.8400000000000001
SYNTH_SPD_0088,ARISE,Speeding,synthetic-topology-extension,fine,1,1,1,1,1,0,1,1,1,1,1,0.8400000000000001
SYNTH_SPD_0089,ARISE,Speeding,synthetic-topology-extension,fine,1,1,1,1,1,0,1,1,1,1,1,0.8400000000000001
SYNTH_SPD_0090,ARISE,Speeding,synthetic-topology-extension,fine,1,0,0,1,0,0,1,1,1,1,0,0.7
NHTSA_FSD_0001,ARISE,Failure to maintain safe following distance,NHTSA-derived,coarse,1,1,0,1,0,0,1,1,1,1,0,0.7
NHTSA_FSD_0002,ARISE,Failure to maintain safe following distance,NHTSA-derived,coarse,1,1,0,1,0,0,1,1,1,1,0,0.7
NHTSA_FSD_0003,ARISE,Failure to maintain safe following distance,NHTSA-derived,coarse,1,1,1,1,1,1,1,1,1,1,1,1
NHTSA_FSD_0004,ARISE,Failure to maintain safe following distance,NHTSA-derived,coarse,1,1,1,1,1,1,1,1,1,1,1,1
NHTSA_FSD_0005,ARISE,Failure to maintain safe following distance,NHTSA-derived,coarse,1,1,1,1,1,0,1,1,1,1,1,0.8400000000000001
NHTSA_FSD_0006,ARISE,Failure to maintain safe following distance,NHTSA-derived,coarse,1,1,1,1,1,1,1,1,1,1,1,1
NHTSA_FSD_0007,ARISE,Failure to maintain safe following distance,NHTSA-derived,coarse,1,1,1,1,1,0,1,1,1,1,1,0.8400000000000001
NHTSA_FSD_0008,ARISE,Failure to maintain safe following distance,NHTSA-derived,coarse,1,1,1,1,1,0,1,1,1,1,1,0.8400000000000001
NHTSA_FSD_0009,ARISE,Failure to maintain safe following distance,NHTSA-derived,coarse,1,1,1,1,1,1,1,1,1,1,1,1
NHTSA_FSD_0010,ARISE,Failure to maintain safe following distance,NHTSA-derived,coarse,1,1,0,1,0,0,1,1,1,1,0,0.7
NHTSA_FSD_0011,ARISE,Failure to maintain safe following distance,NHTSA-derived,coarse,1,1,1,1,1,0,1,1,1,1,1,0.8400000000000001
NHTSA_FSD_0012,ARISE,Failure to maintain safe following distance,NHTSA-derived,coarse,1,1,0,1,0,0,1,1,1,1,0,0.7
NHTSA_FSD_0013,ARISE,Failure to maintain safe following distance,NHTSA-derived,coarse,1,1,1,1,1,1,1,1,1,1,1,1
NHTSA_FSD_0014,ARISE,Failure to maintain safe following distance,NHTSA-derived,coarse,1,1,1,1,1,1,1,1,1,1,1,1
NHTSA_FSD_0015,ARISE,Failure to maintain safe following distance,NHTSA-derived,coarse,1,1,1,1,1,0,1,1,1,1,1,0.8400000000000001
NHTSA_FSD_0016,ARISE,Failure to maintain safe following distance,NHTSA-derived,coarse,1,1,1,1,1,0,1,1,1,1,1,0.8400000000000001
NHTSA_FSD_0017,ARISE,Failure to maintain safe following distance,NHTSA-derived,coarse,1,1,1,1,1,1,1,1,1,1,1,1
NHTSA_FSD_0018,ARISE,Failure to maintain safe following distance,NHTSA-derived,coarse,1,1,1,1,1,0,1,1,1,1,1,0.8400000000000001
NHTSA_FSD_0019,ARISE,Failure to maintain safe following distance,NHTSA-derived,coarse,1,1,1,1,1,0,1,1,1,1,1,0.8400000000000001
NHTSA_FSD_0020,ARISE,Failure to maintain safe following distance,NHTSA-derived,coarse,1,1,1,1,1,0,1,1,1,1,1,0.8400000000000001
NHTSA_FSD_0021,ARISE,Failure to maintain safe following distance,NHTSA-derived,coarse,1,1,1,1,1,0,1,1,1,1,1,0.8400000000000001
NHTSA_FSD_0022,ARISE,Failure to maintain safe following distance,NHTSA-derived,coarse,1,1,1,1,1,1,1,1,1,1,1,1
NHTSA_FSD_0023,ARISE,Failure to maintain safe following distance,NHTSA-derived,coarse,1,1,1,1,1,1,1,1,1,1,1,1
NHTSA_FSD_0024,ARISE,Failure to maintain safe following distance,NHTSA-derived,coarse,1,1,1,1,1,1,1,1,1,1,1,1
NHTSA_FSD_0025,ARISE,Failure to maintain safe following distance,NHTSA-derived,coarse,1,1,1,1,1,1,1,1,1,1,1,1
NHTSA_FSD_0026,ARISE,Failure to maintain safe following distance,NHTSA-derived,coarse,1,1,1,1,1,0,1,1,1,1,1,0.8400000000000001
NHTSA_FSD_0027,ARISE,Failure to maintain safe following distance,NHTSA-derived,coarse,1,1,1,1,1,0,1,1,1,1,1,0.8400000000000001
NHTSA_FSD_0028,ARISE,Failure to maintain safe following distance,NHTSA-derived,coarse,1,1,1,1,1,1,1,1,1,1,1,1
NHTSA_FSD_0029,ARISE,Failure to maintain safe following distance,NHTSA-derived,coarse,1,1,1,1,1,0,1,1,1,1,1,0.8400000000000001
NHTSA_FSD_0030,ARISE,Failure to maintain safe following distance,NHTSA-derived,coarse,1,1,1,1,1,1,1,1,1,1,1,1
NHTSA_FSD_0031,ARISE,Failure to maintain safe following distance,NHTSA-derived,coarse,1,1,1,1,1,0,1,1,1,1,1,0.8400000000000001
NHTSA_FSD_0032,ARISE,Failure to maintain safe following distance,NHTSA-derived,coarse,1,1,1,1,1,1,1,1,1,1,1,1
NHTSA_FSD_0033,ARISE,Failure to maintain safe following distance,NHTSA-derived,coarse,1,1,1,1,1,1,1,1,1,1,1,1
NHTSA_FSD_0034,ARISE,Failure to maintain safe following distance,NHTSA-derived,coarse,1,1,1,1,1,1,1,1,1,1,1,1
NHTSA_FSD_0035,ARISE,Failure to maintain safe following distance,NHTSA-derived,coarse,1,1,1,1,1,0,1,1,1,1,1,0.8400000000000001
NHTSA_FSD_0036,ARISE,Failure to maintain safe following distance,NHTSA-derived,coarse,1,1,1,1,1,1,1,1,1,1,1,1
NHTSA_FSD_0037,ARISE,Failure to maintain safe following distance,NHTSA-derived,coarse,1,1,1,1,1,1,1,1,1,1,1,1
NHTSA_FSD_0038,ARISE,Failure to maintain safe following distance,NHTSA-derived,coarse,1,1,1,1,1,1,1,1,1,1,1,1
NHTSA_FSD_0039,ARISE,Failure to maintain safe following distance,NHTSA-derived,coarse,1,1,1,1,1,1,1,1,1,1,1,1
NHTSA_FSD_0040,ARISE,Failure to maintain safe following distance,NHTSA-derived,coarse,1,1,1,1,1,1,1,1,1,1,1,1
NHTSA_FSD_0041,ARISE,Failure to maintain safe following distance,NHTSA-derived,coarse,1,1,1,1,1,1,1,1,1,1,1,1
NHTSA_FSD_0042,ARISE,Failure to maintain safe following distance,NHTSA-derived,coarse,1,1,1,1,1,0,1,1,1,1,1,0.8400000000000001
NHTSA_FSD_0043,ARISE,Failure to maintain safe following distance,NHTSA-derived,coarse,1,1,0,1,0,0,1,1,1,1,0,0.7
NHTSA_FSD_0044,ARISE,Failure to maintain safe following distance,NHTSA-derived,coarse,1,1,1,1,1,1,1,1,1,1,1,1
NHTSA_FSD_0045,ARISE,Failure to maintain safe following distance,NHTSA-derived,coarse,1,1,1,1,1,1,1,1,1,1,1,1
NHTSA_FSD_0046,ARISE,Failure to maintain safe following distance,NHTSA-derived,coarse,1,1,1,1,1,1,1,1,1,1,1,1
NHTSA_FSD_0047,ARISE,Failure to maintain safe following distance,NHTSA-derived,coarse,1,1,1,1,1,1,1,1,1,1,1,1
NHTSA_FSD_0048,ARISE,Failure to maintain safe following distance,NHTSA-derived,coarse,1,1,1,1,1,0,1,1,1,1,1,0.8400000000000001
NHTSA_FSD_0049,ARISE,Failure to maintain safe following distance,NHTSA-derived,coarse,1,1,1,1,1,1,1,1,1,1,1,1
NHTSA_FSD_0050,ARISE,Failure to maintain safe following distance,NHTSA-derived,coarse,1,1,1,1,1,1,1,1,1,1,1,1
NHTSA_FSD_0051,ARISE,Failure to maintain safe following distance,NHTSA-derived,coarse,1,1,1,1,1,0,1,1,1,1,1,0.8400000000000001
NHTSA_FSD_0052,ARISE,Failure to maintain safe following distance,NHTSA-derived,coarse,1,1,1,1,1,1,1,1,1,1,1,1
NHTSA_FSD_0053,ARISE,Failure to maintain safe following distance,NHTSA-derived,coarse,1,1,1,1,1,0,1,1,1,1,1,0.8400000000000001
NHTSA_FSD_0054,ARISE,Failure to maintain safe following distance,NHTSA-derived,coarse,1,1,1,1,1,0,1,1,1,1,1,0.8400000000000001
NHTSA_FSD_0055,ARISE,Failure to maintain safe following distance,NHTSA-derived,coarse,1,1,1,1,1,1,1,1,1,1,1,1
NHTSA_FSD_0056,ARISE,Failure to maintain safe following distance,NHTSA-derived,coarse,1,1,1,1,1,1,1,1,1,1,1,1
NHTSA_FSD_0057,ARISE,Failure to maintain safe following distance,NHTSA-derived,coarse,1,1,1,1,1,1,1,1,1,1,1,1
NHTSA_FSD_0058,ARISE,Failure to maintain safe following distance,NHTSA-derived,coarse,1,1,1,1,1,1,1,1,1,1,1,1
NHTSA_FSD_0059,ARISE,Failure to maintain safe following distance,NHTSA-derived,coarse,1,1,1,1,1,0,1,1,1,1,1,0.8400000000000001
NHTSA_FSD_0060,ARISE,Failure to maintain safe following distance,NHTSA-derived,coarse,1,1,1,1,1,0,1,1,1,1,1,0.8400000000000001
NHTSA_FSD_0061,ARISE,Failure to maintain safe following distance,NHTSA-derived,coarse,1,1,0,1,0,0,1,1,1,1,0,0.7
NHTSA_FSD_0062,ARISE,Failure to maintain safe following distance,NHTSA-derived,coarse,1,1,1,1,1,1,1,1,1,1,1,1
NHTSA_FSD_0063,ARISE,Failure to maintain safe following distance,NHTSA-derived,coarse,1,1,1,1,1,0,1,1,1,1,1,0.8400000000000001
NHTSA_FSD_0064,ARISE,Failure to maintain safe following distance,NHTSA-derived,coarse,1,1,1,1,1,0,1,1,1,1,1,0.8400000000000001
NHTSA_FSD_0065,ARISE,Failure to maintain safe following distance,NHTSA-derived,coarse,1,1,1,1,1,1,1,1,1,1,1,1
NHTSA_FSD_0066,ARISE,Failure to maintain safe following distance,NHTSA-derived,coarse,1,1,1,1,1,1,1,1,1,1,1,1
NHTSA_FSD_0067,ARISE,Failure to maintain safe following distance,NHTSA-derived,coarse,1,1,1,1,1,0,1,1,1,1,1,0.8400000000000001
NHTSA_FSD_0068,ARISE,Failure to maintain safe following distance,NHTSA-derived,coarse,1,1,1,1,1,0,1,1,1,1,1,0.8400000000000001
NHTSA_FSD_0069,ARISE,Failure to maintain safe following distance,NHTSA-derived,coarse,1,1,1,1,1,1,1,1,1,1,1,1
NHTSA_FSD_0070,ARISE,Failure to maintain safe following distance,NHTSA-derived,coarse,1,1,0,1,0,0,1,1,1,1,0,0.7
NHTSA_FSD_0071,ARISE,Failure to maintain safe following distance,NHTSA-derived,coarse,1,1,1,1,1,0,1,1,1,1,1,0.8400000000000001
NHTSA_FSD_0072,ARISE,Failure to maintain safe following distance,NHTSA-derived,coarse,1,1,1,1,1,1,1,1,1,1,1,1
NHTSA_FSD_0073,ARISE,Failure to maintain safe following distance,NHTSA-derived,coarse,1,1,1,1,1,1,1,1,1,1,1,1
NHTSA_FSD_0074,ARISE,Failure to maintain safe following distance,NHTSA-derived,coarse,1,1,1,1,1,1,1,1,1,1,1,1
NHTSA_FSD_0075,ARISE,Failure to maintain safe following distance,NHTSA-derived,coarse,1,1,1,1,1,1,1,1,1,1,1,1
NHTSA_FSD_0076,ARISE,Failure to maintain safe following distance,NHTSA-derived,coarse,1,1,1,1,1,1,1,1,1,1,1,1
NHTSA_FSD_0077,ARISE,Failure to maintain safe following distance,NHTSA-derived,coarse,1,1,1,1,1,1,1,1,1,1,1,1
NHTSA_FSD_0078,ARISE,Failure to maintain safe following distance,NHTSA-derived,coarse,1,1,0,1,0,0,1,1,1,1,0,0.7
NHTSA_FSD_0079,ARISE,Failure to maintain safe following distance,NHTSA-derived,coarse,1,1,1,1,1,0,1,1,1,1,1,0.8400000000000001
NHTSA_FSD_0080,ARISE,Failure to maintain safe following distance,NHTSA-derived,coarse,1,1,1,1,1,1,1,1,1,1,1,1
NHTSA_FSD_0081,ARISE,Failure to maintain safe following distance,NHTSA-derived,coarse,1,1,1,1,1,1,1,1,1,1,1,1
NHTSA_FSD_0082,ARISE,Failure to maintain safe following distance,NHTSA-derived,coarse,1,1,1,1,1,1,1,1,1,1,1,1
NHTSA_FSD_0083,ARISE,Failure to maintain safe following distance,NHTSA-derived,coarse,1,1,1,1,1,0,1,1,1,1,1,0.8400000000000001
NHTSA_FSD_0084,ARISE,Failure to maintain safe following distance,NHTSA-derived,coarse,1,1,1,1,1,1,1,1,1,1,1,1
NHTSA_FSD_0085,ARISE,Failure to maintain safe following distance,NHTSA-derived,coarse,1,1,1,1,1,1,1,1,1,1,1,1
NHTSA_FSD_0086,ARISE,Failure to maintain safe following distance,NHTSA-derived,coarse,1,1,1,1,1,0,1,1,1,1,1,0.8400000000000001
NHTSA_FSD_0087,ARISE,Failure to maintain safe following distance,NHTSA-derived,coarse,1,1,1,1,1,0,1,1,1,1,1,0.8400000000000001
NHTSA_FSD_0088,ARISE,Failure to maintain safe following distance,NHTSA-derived,coarse,1,1,1,1,1,0,1,1,1,1,1,0.8400000000000001
NHTSA_FSD_0089,ARISE,Failure to maintain safe following distance,NHTSA-derived,coarse,1,1,0,1,0,0,1,1,1,1,0,0.7
NHTSA_FSD_0090,ARISE,Failure to maintain safe following distance,NHTSA-derived,coarse,1,1,0,1,0,0,1,1,1,1,0,0.7
NHTSA_FSD_0091,ARISE,Failure to maintain safe following distance,NHTSA-derived,coarse,1,1,1,1,1,0,1,1,1,1,1,0.8400000000000001
NHTSA_FSD_0092,ARISE,Failure to maintain safe following distance,NHTSA-derived,coarse,1,1,1,1,1,0,1,1,1,1,1,0.8400000000000001
NHTSA_FSD_0093,ARISE,Failure to maintain safe following distance,NHTSA-derived,coarse,1,1,1,1,1,1,1,1,1,1,1,1
NHTSA_FSD_0094,ARISE,Failure to maintain safe following distance,NHTSA-derived,coarse,1,1,0,1,0,0,1,1,1,1,0,0.7
NHTSA_FSD_0095,ARISE,Failure to maintain safe following distance,NHTSA-derived,coarse,1,1,1,1,1,1,1,1,1,1,1,1
NHTSA_FSD_0096,ARISE,Failure to maintain safe following distance,NHTSA-derived,coarse,1,1,1,1,1,1,1,1,1,1,1,1
NHTSA_FSD_0097,ARISE,Failure to maintain safe following distance,NHTSA-derived,coarse,1,1,1,1,1,1,1,1,1,1,1,1
NHTSA_FSD_0098,ARISE,Failure to maintain safe following distance,NHTSA-derived,coarse,1,1,1,1,1,1,1,1,1,1,1,1
NHTSA_FSD_0099,ARISE,Failure to maintain safe following distance,NHTSA-derived,coarse,1,1,0,1,0,0,1,1,1,1,0,0.7
NHTSA_FSD_0100,ARISE,Failure to maintain safe following distance,NHTSA-derived,coarse,1,1,1,1,1,1,1,1,1,1,1,1
NHTSA_FSD_0101,ARISE,Failure to maintain safe following distance,NHTSA-derived,coarse,1,1,1,1,1,0,1,1,1,1,1,0.8400000000000001
NHTSA_FSD_0102,ARISE,Failure to maintain safe following distance,NHTSA-derived,coarse,1,1,1,1,1,1,1,1,1,1,1,1
NHTSA_FSD_0103,ARISE,Failure to maintain safe following distance,NHTSA-derived,coarse,1,1,1,1,1,1,1,1,1,1,1,1
NHTSA_FSD_0104,ARISE,Failure to maintain safe following distance,NHTSA-derived,coarse,1,1,0,1,0,0,1,1,1,1,0,0.7
NHTSA_FSD_0105,ARISE,Failure to maintain safe following distance,NHTSA-derived,coarse,1,1,1,1,1,1,1,1,1,1,1,1
NHTSA_FSD_0106,ARISE,Failure to maintain safe following distance,NHTSA-derived,coarse,1,1,1,1,1,0,1,1,1,1,1,0.8400000000000001
NHTSA_FSD_0107,ARISE,Failure to maintain safe following distance,NHTSA-derived,coarse,1,1,1,1,1,0,1,1,1,1,1,0.8400000000000001
NHTSA_FSD_0108,ARISE,Failure to maintain safe following distance,NHTSA-derived,coarse,1,1,1,1,1,1,1,1,1,1,1,1
NHTSA_FSD_0109,ARISE,Failure to maintain safe following distance,NHTSA-derived,coarse,1,1,0,1,0,0,1,1,1,1,0,0.7
NHTSA_FSD_0110,ARISE,Failure to maintain safe following distance,NHTSA-derived,coarse,1,1,0,1,0,0,1,1,1,1,0,0.7
NHTSA_FSD_0111,ARISE,Failure to maintain safe following distance,NHTSA-derived,coarse,1,1,1,1,1,1,1,1,1,1,1,1
NHTSA_FSD_0112,ARISE,Failure to maintain safe following distance,NHTSA-derived,coarse,1,1,1,1,1,1,1,1,1,1,1,1
NHTSA_FSD_0113,ARISE,Failure to maintain safe following distance,NHTSA-derived,coarse,1,1,1,1,1,0,1,1,1,1,1,0.8400000000000001
NHTSA_FSD_0114,ARISE,Failure to maintain safe following distance,NHTSA-derived,coarse,1,1,1,1,1,1,1,1,1,1,1,1
NHTSA_FSD_0115,ARISE,Failure to maintain safe following distance,NHTSA-derived,coarse,1,1,0,1,0,0,1,1,1,1,0,0.7
NHTSA_FSD_0116,ARISE,Failure to maintain safe following distance,NHTSA-derived,coarse,1,1,1,1,1,1,1,1,1,1,1,1
NHTSA_FSD_0117,ARISE,Failure to maintain safe following distance,NHTSA-derived,coarse,1,1,1,1,1,1,1,1,1,1,1,1
NHTSA_FSD_0118,ARISE,Failure to maintain safe following distance,NHTSA-derived,coarse,1,1,1,1,1,1,1,1,1,1,1,1
NHTSA_FSD_0119,ARISE,Failure to maintain safe following distance,NHTSA-derived,coarse,1,1,0,1,0,0,1,1,1,1,0,0.7
NHTSA_FSD_0120,ARISE,Failure to maintain safe following distance,NHTSA-derived,coarse,1,1,1,1,1,1,1,1,1,1,1,1
NHTSA_FSD_0121,ARISE,Failure to maintain safe following distance,NHTSA-derived,coarse,1,1,0,1,0,0,1,1,1,1,0,0.7
NHTSA_FSD_0122,ARISE,Failure to maintain safe following distance,NHTSA-derived,coarse,1,1,1,1,1,1,1,1,1,1,1,1
NHTSA_FSD_0123,ARISE,Failure to maintain safe following distance,NHTSA-derived,coarse,1,1,1,1,1,0,1,1,1,1,1,0.8400000000000001
NHTSA_FSD_0124,ARISE,Failure to maintain safe following distance,NHTSA-derived,coarse,1,1,1,1,1,0,1,1,1,1,1,0.8400000000000001
NHTSA_FSD_0125,ARISE,Failure to maintain safe following distance,NHTSA-derived,coarse,1,1,1,1,1,0,1,1,1,1,1,0.8400000000000001
NHTSA_FSD_0126,ARISE,Failure to maintain safe following distance,NHTSA-derived,coarse,1,1,1,1,1,0,1,1,1,1,1,0.8400000000000001
NHTSA_FSD_0127,ARISE,Failure to maintain safe following distance,NHTSA-derived,coarse,1,1,1,1,1,0,1,1,1,1,1,0.8400000000000001
NHTSA_FSD_0128,ARISE,Failure to maintain safe following distance,NHTSA-derived,coarse,1,1,1,1,1,1,1,1,1,1,1,1
NHTSA_FSD_0129,ARISE,Failure to maintain safe following distance,NHTSA-derived,coarse,1,1,1,1,1,0,1,1,1,1,1,0.8400000000000001
NHTSA_FSD_0130,ARISE,Failure to maintain safe following distance,NHTSA-derived,coarse,1,1,1,1,1,0,1,1,1,1,1,0.8400000000000001
NHTSA_FSD_0131,ARISE,Failure to maintain safe following distance,NHTSA-derived,coarse,1,1,1,1,1,1,1,1,1,1,1,1
NHTSA_FSD_0132,ARISE,Failure to maintain safe following distance,NHTSA-derived,coarse,1,1,1,1,1,0,1,1,1,1,1,0.8400000000000001
NHTSA_FSD_0133,ARISE,Failure to maintain safe following distance,NHTSA-derived,coarse,1,1,1,1,1,0,1,1,1,1,1,0.8400000000000001
NHTSA_FSD_0134,ARISE,Failure to maintain safe following distance,NHTSA-derived,coarse,1,1,1,1,1,1,1,1,1,1,1,1
NHTSA_FSD_0135,ARISE,Failure to maintain safe following distance,NHTSA-derived,coarse,1,1,1,1,1,1,1,1,1,1,1,1
NHTSA_FSD_0136,ARISE,Failure to maintain safe following distance,NHTSA-derived,coarse,1,1,0,1,0,0,1,1,1,1,0,0.7
NHTSA_FSD_0137,ARISE,Failure to maintain safe following distance,NHTSA-derived,coarse,1,1,1,1,1,0,1,1,1,1,1,0.8400000000000001
NHTSA_FSD_0138,ARISE,Failure to maintain safe following distance,NHTSA-derived,coarse,1,1,1,1,1,1,1,1,1,1,1,1
NHTSA_FSD_0139,ARISE,Failure to maintain safe following distance,NHTSA-derived,coarse,1,1,1,1,1,1,1,1,1,1,1,1
NHTSA_FSD_0140,ARISE,Failure to maintain safe following distance,NHTSA-derived,coarse,1,1,1,1,1,0,1,1,1,1,1,0.8400000000000001
NHTSA_FSD_0141,ARISE,Failure to maintain safe following distance,NHTSA-derived,coarse,1,1,1,1,1,1,1,1,1,1,1,1
NHTSA_FSD_0142,ARISE,Failure to maintain safe following distance,NHTSA-derived,coarse,1,1,0,1,0,0,1,1,1,1,0,0.7
NHTSA_FSD_0143,ARISE,Failure to maintain safe following distance,NHTSA-derived,coarse,1,1,1,1,1,1,1,1,1,1,1,1
NHTSA_FSD_0144,ARISE,Failure to maintain safe following distance,NHTSA-derived,coarse,1,1,1,1,1,1,1,1,1,1,1,1
NHTSA_FSD_0145,ARISE,Failure to maintain safe following distance,NHTSA-derived,coarse,1,1,1,1,1,0,1,1,1,1,1,0.8400000000000001
NHTSA_FSD_0146,ARISE,Failure to maintain safe following distance,NHTSA-derived,coarse,1,1,1,1,1,0,1,1,1,1,1,0.8400000000000001
NHTSA_FSD_0147,ARISE,Failure to maintain safe following distance,NHTSA-derived,coarse,1,1,1,1,1,1,1,1,1,1,1,1
NHTSA_FSD_0148,ARISE,Failure to maintain safe following distance,NHTSA-derived,coarse,1,1,1,1,1,1,1,1,1,1,1,1
NHTSA_FSD_0149,ARISE,Failure to maintain safe following distance,NHTSA-derived,coarse,1,1,1,1,1,0,1,1,1,1,1,0.8400000000000001
NHTSA_FSD_0150,ARISE,Failure to maintain safe following distance,NHTSA-derived,coarse,1,1,1,1,1,0,1,1,1,1,1,0.8400000000000001
NHTSA_FSD_0151,ARISE,Failure to maintain safe following distance,NHTSA-derived,coarse,1,1,1,1,1,1,1,1,1,1,1,1
NHTSA_FSD_0152,ARISE,Failure to maintain safe following distance,NHTSA-derived,coarse,1,1,1,1,1,1,1,1,1,1,1,1
NHTSA_FSD_0153,ARISE,Failure to maintain safe following distance,NHTSA-derived,coarse,1,1,1,1,1,0,1,1,1,1,1,0.8400000000000001
NHTSA_FSD_0154,ARISE,Failure to maintain safe following distance,NHTSA-derived,coarse,1,1,1,1,1,0,1,1,1,1,1,0.8400000000000001
NHTSA_FSD_0155,ARISE,Failure to maintain safe following distance,NHTSA-derived,coarse,1,1,0,1,0,0,1,1,1,1,0,0.7
NHTSA_FSD_0156,ARISE,Failure to maintain safe following distance,NHTSA-derived,coarse,1,1,1,1,1,1,1,1,1,1,1,1
NHTSA_FSD_0157,ARISE,Failure to maintain safe following distance,NHTSA-derived,coarse,1,1,1,1,1,1,1,1,1,1,1,1
NHTSA_FSD_0158,ARISE,Failure to maintain safe following distance,NHTSA-derived,coarse,1,1,1,1,1,1,1,1,1,1,1,1
NHTSA_FSD_0159,ARISE,Failure to maintain safe following distance,NHTSA-derived,coarse,1,1,1,1,1,1,1,1,1,1,1,1
NHTSA_FSD_0160,ARISE,Failure to maintain safe following distance,NHTSA-derived,coarse,1,1,1,1,1,1,1,1,1,1,1,1
NHTSA_FSD_0161,ARISE,Failure to maintain safe following distance,NHTSA-derived,coarse,1,1,1,1,1,1,1,1,1,1,1,1
NHTSA_FSD_0162,ARISE,Failure to maintain safe following distance,NHTSA-derived,coarse,1,1,1,1,1,0,1,1,1,1,1,0.8400000000000001
NHTSA_FSD_0163,ARISE,Failure to maintain safe following distance,NHTSA-derived,coarse,1,1,0,1,0,0,1,1,1,1,0,0.7
NHTSA_FSD_0164,ARISE,Failure to maintain safe following distance,NHTSA-derived,coarse,1,1,1,1,1,0,1,1,1,1,1,0.8400000000000001
NHTSA_FSD_0165,ARISE,Failure to maintain safe following distance,NHTSA-derived,coarse,1,1,1,1,1,1,1,1,1,1,1,1
NHTSA_FSD_0166,ARISE,Failure to maintain safe following distance,NHTSA-derived,coarse,1,1,1,1,1,0,1,1,1,1,1,0.8400000000000001
NHTSA_FSD_0167,ARISE,Failure to maintain safe following distance,NHTSA-derived,coarse,1,1,1,1,1,1,1,1,1,1,1,1
NHTSA_FSD_0168,ARISE,Failure to maintain safe following distance,NHTSA-derived,coarse,1,1,1,1,1,0,1,1,1,1,1,0.8400000000000001
NHTSA_FSD_0169,ARISE,Failure to maintain safe following distance,NHTSA-derived,coarse,1,1,0,1,0,0,1,1,1,1,0,0.7
NHTSA_FSD_0170,ARISE,Failure to maintain safe following distance,NHTSA-derived,coarse,1,1,0,1,0,0,1,1,1,1,0,0.7
NHTSA_FSD_0171,ARISE,Failure to maintain safe following distance,NHTSA-derived,coarse,1,1,1,1,1,1,1,1,1,1,1,1
NHTSA_FSD_0172,ARISE,Failure to maintain safe following distance,NHTSA-derived,coarse,1,1,1,1,1,0,1,1,1,1,1,0.8400000000000001
NHTSA_FSD_0173,ARISE,Failure to maintain safe following distance,NHTSA-derived,coarse,1,1,1,1,1,1,1,1,1,1,1,1
NHTSA_FSD_0174,ARISE,Failure to maintain safe following distance,NHTSA-derived,coarse,1,1,1,1,1,0,1,1,1,1,1,0.8400000000000001
NHTSA_FSD_0175,ARISE,Failure to maintain safe following distance,NHTSA-derived,coarse,1,1,1,1,1,1,1,1,1,1,1,1
NHTSA_FSD_0176,ARISE,Failure to maintain safe following distance,NHTSA-derived,coarse,1,1,1,1,1,1,1,1,1,1,1,1
NHTSA_FSD_0177,ARISE,Failure to maintain safe following distance,NHTSA-derived,coarse,1,1,1,1,1,0,1,1,1,1,1,0.8400000000000001
NHTSA_FSD_0178,ARISE,Failure to maintain safe following distance,NHTSA-derived,coarse,1,1,0,1,0,0,1,1,1,1,0,0.7
NHTSA_FSD_0179,ARISE,Failure to maintain safe following distance,NHTSA-derived,coarse,1,1,1,1,1,1,1,1,1,1,1,1
NHTSA_FSD_0180,ARISE,Failure to maintain safe following distance,NHTSA-derived,coarse,1,1,1,1,1,0,1,1,1,1,1,0.8400000000000001
NHTSA_FSD_0181,ARISE,Failure to maintain safe following distance,NHTSA-derived,coarse,1,1,1,1,1,1,1,1,1,1,1,1
NHTSA_FSD_0182,ARISE,Failure to maintain safe following distance,NHTSA-derived,coarse,1,1,1,1,1,1,1,1,1,1,1,1
NHTSA_FSD_0183,ARISE,Failure to maintain safe following distance,NHTSA-derived,coarse,1,1,1,1,1,1,1,1,1,1,1,1
NHTSA_FSD_0184,ARISE,Failure to maintain safe following distance,NHTSA-derived,coarse,1,1,1,1,1,1,1,1,1,1,1,1
NHTSA_FSD_0185,ARISE,Failure to maintain safe following distance,NHTSA-derived,coarse,1,1,1,1,1,0,1,1,1,1,1,0.8400000000000001
NHTSA_FSD_0186,ARISE,Failure to maintain safe following distance,NHTSA-derived,coarse,1,1,1,1,1,1,1,1,1,1,1,1
NHTSA_FSD_0187,ARISE,Failure to maintain safe following distance,NHTSA-derived,coarse,1,1,1,1,1,0,1,1,1,1,1,0.8400000000000001
NHTSA_FSD_0188,ARISE,Failure to maintain safe following distance,NHTSA-derived,coarse,1,1,1,1,1,1,1,1,1,1,1,1
NHTSA_FSD_0189,ARISE,Failure to maintain safe following distance,NHTSA-derived,coarse,1,1,1,1,1,1,1,1,1,1,1,1
NHTSA_FSD_0190,ARISE,Failure to maintain safe following distance,NHTSA-derived,coarse,1,1,1,1,1,0,1,1,1,1,1,0.8400000000000001
NHTSA_FSD_0191,ARISE,Failure to maintain safe following distance,NHTSA-derived,coarse,1,1,1,1,1,1,1,1,1,1,1,1
NHTSA_FSD_0192,ARISE,Failure to maintain safe following distance,NHTSA-derived,coarse,1,1,1,1,1,0,1,1,1,1,1,0.8400000000000001
NHTSA_FSD_0193,ARISE,Failure to maintain safe following distance,NHTSA-derived,coarse,1,1,1,1,1,0,1,1,1,1,1,0.8400000000000001
NHTSA_FSD_0194,ARISE,Failure to maintain safe following distance,NHTSA-derived,coarse,1,1,1,1,1,1,1,1,1,1,1,1
NHTSA_FSD_0195,ARISE,Failure to maintain safe following distance,NHTSA-derived,coarse,1,1,0,1,0,0,1,1,1,1,0,0.7
NHTSA_FSD_0196,ARISE,Failure to maintain safe following distance,NHTSA-derived,coarse,1,1,1,1,1,1,1,1,1,1,1,1
NHTSA_FSD_0197,ARISE,Failure to maintain safe following distance,NHTSA-derived,coarse,1,1,1,1,1,1,1,1,1,1,1,1
NHTSA_FSD_0198,ARISE,Failure to maintain safe following distance,NHTSA-derived,coarse,1,1,0,1,0,0,1,1,1,1,0,0.7
NHTSA_FSD_0199,ARISE,Failure to maintain safe following distance,NHTSA-derived,coarse,1,1,1,1,1,1,1,1,1,1,1,1
NHTSA_FSD_0200,ARISE,Failure to maintain safe following distance,NHTSA-derived,coarse,1,1,1,1,1,0,1,1,1,1,1,0.8400000000000001
NHTSA_FSD_0201,ARISE,Failure to maintain safe following distance,NHTSA-derived,coarse,1,1,1,1,1,1,1,1,1,1,1,1
NHTSA_FSD_0202,ARISE,Failure to maintain safe following distance,NHTSA-derived,coarse,1,1,1,1,1,1,1,1,1,1,1,1
NHTSA_FSD_0203,ARISE,Failure to maintain safe following distance,NHTSA-derived,coarse,1,1,1,1,1,0,1,1,1,1,1,0.8400000000000001
NHTSA_FSD_0204,ARISE,Failure to maintain safe following distance,NHTSA-derived,coarse,1,1,1,1,1,0,1,1,1,1,1,0.8400000000000001
NHTSA_FSD_0205,ARISE,Failure to maintain safe following distance,NHTSA-derived,coarse,1,1,0,1,0,0,1,1,1,1,0,0.7
NHTSA_FSD_0206,ARISE,Failure to maintain safe following distance,NHTSA-derived,coarse,1,1,1,1,1,1,1,1,1,1,1,1
NHTSA_FSD_0207,ARISE,Failure to maintain safe following distance,NHTSA-derived,coarse,1,1,1,1,1,1,1,1,1,1,1,1
NHTSA_FSD_0208,ARISE,Failure to maintain safe following distance,NHTSA-derived,coarse,1,1,1,1,1,1,1,1,1,1,1,1
NHTSA_FSD_0209,ARISE,Failure to maintain safe following distance,NHTSA-derived,coarse,1,1,1,1,1,0,1,1,1,1,1,0.8400000000000001
NHTSA_FSD_0210,ARISE,Failure to maintain safe following distance,NHTSA-derived,coarse,1,1,1,1,1,1,1,1,1,1,1,1
NHTSA_FSD_0211,ARISE,Failure to maintain safe following distance,NHTSA-derived,coarse,1,1,1,1,1,0,1,1,1,1,1,0.8400000000000001
NHTSA_FSD_0212,ARISE,Failure to maintain safe following distance,NHTSA-derived,coarse,1,1,1,1,1,0,1,1,1,1,1,0.8400000000000001
NHTSA_FSD_0213,ARISE,Failure to maintain safe following distance,NHTSA-derived,coarse,1,1,1,1,1,1,1,1,1,1,1,1
NHTSA_FSD_0214,ARISE,Failure to maintain safe following distance,NHTSA-derived,coarse,1,1,1,1,1,1,1,1,1,1,1,1
NHTSA_FSD_0215,ARISE,Failure to maintain safe following distance,NHTSA-derived,coarse,1,1,1,1,1,1,1,1,1,1,1,1
NHTSA_FSD_0216,ARISE,Failure to maintain safe following distance,NHTSA-derived,coarse,1,1,1,1,1,1,1,1,1,1,1,1
NHTSA_FSD_0217,ARISE,Failure to maintain safe following distance,NHTSA-derived,coarse,1,1,1,1,1,1,1,1,1,1,1,1
NHTSA_FSD_0218,ARISE,Failure to maintain safe following distance,NHTSA-derived,coarse,1,1,1,1,1,1,1,1,1,1,1,1
NHTSA_FSD_0219,ARISE,Failure to maintain safe following distance,NHTSA-derived,coarse,1,1,1,1,1,1,1,1,1,1,1,1
NHTSA_FSD_0220,ARISE,Failure to maintain safe following distance,NHTSA-derived,coarse,1,1,1,1,1,0,1,1,1,1,1,0.8400000000000001
NHTSA_FSD_0221,ARISE,Failure to maintain safe following distance,NHTSA-derived,coarse,1,1,1,1,1,0,1,1,1,1,1,0.8400000000000001
NHTSA_FSD_0222,ARISE,Failure to maintain safe following distance,NHTSA-derived,coarse,1,1,1,1,1,0,1,1,1,1,1,0.8400000000000001
NHTSA_FSD_0223,ARISE,Failure to maintain safe following distance,NHTSA-derived,coarse,1,1,1,1,1,0,1,1,1,1,1,0.8400000000000001
NHTSA_FSD_0224,ARISE,Failure to maintain safe following distance,NHTSA-derived,coarse,1,1,0,1,0,0,1,1,1,1,0,0.7
NHTSA_FSD_0225,ARISE,Failure to maintain safe following distance,NHTSA-derived,coarse,1,1,1,1,1,1,1,1,1,1,1,1
NHTSA_FSD_0226,ARISE,Failure to maintain safe following distance,NHTSA-derived,coarse,1,1,1,1,1,1,1,1,1,1,1,1
NHTSA_FSD_0227,ARISE,Failure to maintain safe following distance,NHTSA-derived,coarse,1,1,0,1,0,0,1,1,1,1,0,0.7
NHTSA_FSD_0228,ARISE,Failure to maintain safe following distance,NHTSA-derived,coarse,1,1,0,1,0,0,1,1,1,1,0,0.7
NHTSA_FSD_0229,ARISE,Failure to maintain safe following distance,NHTSA-derived,coarse,1,1,0,1,0,0,1,1,1,1,0,0.7
NHTSA_FSD_0230,ARISE,Failure to maintain safe following distance,NHTSA-derived,coarse,1,1,1,1,1,1,1,1,1,1,1,1
NHTSA_FSD_0231,ARISE,Failure to maintain safe following distance,NHTSA-derived,coarse,1,1,0,1,0,0,1,1,1,1,0,0.7
NHTSA_FSD_0232,ARISE,Failure to maintain safe following distance,NHTSA-derived,coarse,1,1,1,1,1,0,1,1,1,1,1,0.8400000000000001
NHTSA_FSD_0233,ARISE,Failure to maintain safe following distance,NHTSA-derived,coarse,1,1,1,1,1,1,1,1,1,1,1,1
NHTSA_FSD_0234,ARISE,Failure to maintain safe following distance,NHTSA-derived,coarse,1,1,1,1,1,0,1,1,1,1,1,0.8400000000000001
NHTSA_FSD_0235,ARISE,Failure to maintain safe following distance,NHTSA-derived,coarse,1,1,0,1,0,0,1,1,1,1,0,0.7
NHTSA_FSD_0236,ARISE,Failure to maintain safe following distance,NHTSA-derived,coarse,1,1,0,1,0,0,1,1,1,1,0,0.7
NHTSA_FSD_0237,ARISE,Failure to maintain safe following distance,NHTSA-derived,coarse,1,1,1,1,1,1,1,1,1,1,1,1
NHTSA_FSD_0238,ARISE,Failure to maintain safe following distance,NHTSA-derived,coarse,1,1,1,1,1,1,1,1,1,1,1,1
NHTSA_FSD_0239,ARISE,Failure to maintain safe following distance,NHTSA-derived,coarse,1,1,1,1,1,1,1,1,1,1,1,1
NHTSA_FSD_0240,ARISE,Failure to maintain safe following distance,NHTSA-derived,coarse,1,1,1,1,1,0,1,1,1,1,1,0.8400000000000001
NHTSA_FSD_0241,ARISE,Failure to maintain safe following distance,NHTSA-derived,coarse,1,1,0,1,0,0,1,1,1,1,0,0.7
NHTSA_FSD_0242,ARISE,Failure to maintain safe following distance,NHTSA-derived,coarse,1,1,1,1,1,0,1,1,1,1,1,0.8400000000000001
NHTSA_FSD_0243,ARISE,Failure to maintain safe following distance,NHTSA-derived,coarse,1,1,1,1,1,1,1,1,1,1,1,1
NHTSA_FSD_0244,ARISE,Failure to maintain safe following distance,NHTSA-derived,coarse,1,1,1,1,1,0,1,1,1,1,1,0.8400000000000001
NHTSA_FSD_0245,ARISE,Failure to maintain safe following distance,NHTSA-derived,coarse,1,1,1,1,1,0,1,1,1,1,1,0.8400000000000001
NHTSA_FSD_0246,ARISE,Failure to maintain safe following distance,NHTSA-derived,coarse,1,1,1,1,1,0,1,1,1,1,1,0.8400000000000001
NHTSA_FSD_0247,ARISE,Failure to maintain safe following distance,NHTSA-derived,coarse,1,1,1,1,1,1,1,1,1,1,1,1
NHTSA_FSD_0248,ARISE,Failure to maintain safe following distance,NHTSA-derived,coarse,1,1,1,1,1,0,1,1,1,1,1,0.8400000000000001
NHTSA_FSD_0249,ARISE,Failure to maintain safe following distance,NHTSA-derived,coarse,1,1,1,1,1,0,1,1,1,1,1,0.8400000000000001
NHTSA_FSD_0250,ARISE,Failure to maintain safe following distance,NHTSA-derived,coarse,1,1,1,1,1,1,1,1,1,1,1,1
NHTSA_FSD_0251,ARISE,Failure to maintain safe following distance,NHTSA-derived,coarse,1,1,1,1,1,0,1,1,1,1,1,0.8400000000000001
NHTSA_FSD_0252,ARISE,Failure to maintain safe following distance,NHTSA-derived,coarse,1,1,1,1,1,1,1,1,1,1,1,1
NHTSA_FSD_0253,ARISE,Failure to maintain safe following distance,NHTSA-derived,coarse,1,1,1,1,1,1,1,1,1,1,1,1
NHTSA_FSD_0254,ARISE,Failure to maintain safe following distance,NHTSA-derived,coarse,1,1,1,1,1,0,1,1,1,1,1,0.8400000000000001
NHTSA_FSD_0255,ARISE,Failure to maintain safe following distance,NHTSA-derived,coarse,1,1,1,1,1,0,1,1,1,1,1,0.8400000000000001
NHTSA_FSD_0256,ARISE,Failure to maintain safe following distance,NHTSA-derived,coarse,1,1,1,1,1,1,1,1,1,1,1,1
NHTSA_FSD_0257,ARISE,Failure to maintain safe following distance,NHTSA-derived,coarse,1,1,1,1,1,0,1,1,1,1,1,0.8400000000000001
NHTSA_FSD_0258,ARISE,Failure to maintain safe following distance,NHTSA-derived,coarse,1,1,1,1,1,1,1,1,1,1,1,1
NHTSA_FSD_0259,ARISE,Failure to maintain safe following distance,NHTSA-derived,coarse,1,1,1,1,1,0,1,1,1,1,1,0.8400000000000001
NHTSA_FSD_0260,ARISE,Failure to maintain safe following distance,NHTSA-derived,coarse,1,1,1,1,1,0,1,1,1,1,1,0.8400000000000001
NHTSA_FSD_0261,ARISE,Failure to maintain safe following distance,NHTSA-derived,coarse,1,1,1,1,1,0,1,1,1,1,1,0.8400000000000001
NHTSA_FSD_0262,ARISE,Failure to maintain safe following distance,NHTSA-derived,coarse,1,1,1,1,1,1,1,1,1,1,1,1
NHTSA_FSD_0263,ARISE,Failure to maintain safe following distance,NHTSA-derived,coarse,1,1,1,1,1,0,1,1,1,1,1,0.8400000000000001
NHTSA_FSD_0264,ARISE,Failure to maintain safe following distance,NHTSA-derived,coarse,1,1,1,1,1,1,1,1,1,1,1,1
NHTSA_FSD_0265,ARISE,Failure to maintain safe following distance,NHTSA-derived,coarse,1,1,0,1,0,0,1,1,1,1,0,0.7
NHTSA_FSD_0266,ARISE,Failure to maintain safe following distance,NHTSA-derived,coarse,1,1,1,1,1,1,1,1,1,1,1,1
NHTSA_FSD_0267,ARISE,Failure to maintain safe following distance,NHTSA-derived,coarse,1,1,1,1,1,1,1,1,1,1,1,1
NHTSA_FSD_0268,ARISE,Failure to maintain safe following distance,NHTSA-derived,coarse,1,1,1,1,1,1,1,1,1,1,1,1
NHTSA_FSD_0269,ARISE,Failure to maintain safe following distance,NHTSA-derived,coarse,1,1,0,1,0,0,1,1,1,1,0,0.7
NHTSA_FSD_0270,ARISE,Failure to maintain safe following distance,NHTSA-derived,coarse,1,1,1,1,1,0,1,1,1,1,1,0.8400000000000001
NHTSA_FSD_0271,ARISE,Failure to maintain safe following distance,NHTSA-derived,coarse,1,1,1,1,1,1,1,1,1,1,1,1
NHTSA_FSD_0272,ARISE,Failure to maintain safe following distance,NHTSA-derived,coarse,1,1,0,1,0,0,1,1,1,1,0,0.7
NHTSA_FSD_0273,ARISE,Failure to maintain safe following distance,NHTSA-derived,coarse,1,1,1,1,1,1,1,1,1,1,1,1
NHTSA_FSD_0274,ARISE,Failure to maintain safe following distance,NHTSA-derived,coarse,1,1,1,1,1,1,1,1,1,1,1,1
NHTSA_FSD_0275,ARISE,Failure to maintain safe following distance,NHTSA-derived,coarse,1,1,1,1,1,1,1,1,1,1,1,1
NHTSA_FSD_0276,ARISE,Failure to maintain safe following distance,NHTSA-derived,coarse,1,1,1,1,1,0,1,1,1,1,1,0.8400000000000001
NHTSA_FSD_0277,ARISE,Failure to maintain safe following distance,NHTSA-derived,coarse,1,1,1,1,1,0,1,1,1,1,1,0.8400000000000001
NHTSA_FSD_0278,ARISE,Failure to maintain safe following distance,NHTSA-derived,coarse,1,1,0,1,0,0,1,1,1,1,0,0.7
NHTSA_FSD_0279,ARISE,Failure to maintain safe following distance,NHTSA-derived,coarse,1,1,1,1,1,0,1,1,1,1,1,0.8400000000000001
NHTSA_FSD_0280,ARISE,Failure to maintain safe following distance,NHTSA-derived,coarse,1,1,1,1,1,0,1,1,1,1,1,0.8400000000000001
NHTSA_FSD_0281,ARISE,Failure to maintain safe following distance,NHTSA-derived,coarse,1,1,1,1,1,1,1,1,1,1,1,1
NHTSA_FSD_0282,ARISE,Failure to maintain safe following distance,NHTSA-derived,coarse,1,1,1,1,1,0,1,1,1,1,1,0.8400000000000001
NHTSA_FSD_0283,ARISE,Failure to maintain safe following distance,NHTSA-derived,coarse,1,1,0,1,0,0,1,1,1,1,0,0.7
NHTSA_FSD_0284,ARISE,Failure to maintain safe following distance,NHTSA-derived,coarse,1,1,0,1,0,0,1,1,1,1,0,0.7
NHTSA_FSD_0285,ARISE,Failure to maintain safe following distance,NHTSA-derived,coarse,1,1,1,1,1,0,1,1,1,1,1,0.8400000000000001
NHTSA_FSD_0286,ARISE,Failure to maintain safe following distance,NHTSA-derived,coarse,1,1,1,1,1,1,1,1,1,1,1,1
NHTSA_FSD_0287,ARISE,Failure to maintain safe following distance,NHTSA-derived,coarse,1,1,1,1,1,0,1,1,1,1,1,0.8400000000000001
NHTSA_FSD_0288,ARISE,Failure to maintain safe following distance,NHTSA-derived,coarse,1,1,1,1,1,0,1,1,1,1,1,0.8400000000000001
NHTSA_FSD_0289,ARISE,Failure to maintain safe following distance,NHTSA-derived,coarse,1,1,1,1,1,0,1,1,1,1,1,0.8400000000000001
NHTSA_FSD_0290,ARISE,Failure to maintain safe following distance,NHTSA-derived,coarse,1,1,1,1,1,1,1,1,1,1,1,1
NHTSA_FSD_0291,ARISE,Failure to maintain safe following distance,NHTSA-derived,coarse,1,1,1,1,1,0,1,1,1,1,1,0.8400000000000001
NHTSA_FSD_0292,ARISE,Failure to maintain safe following distance,NHTSA-derived,coarse,1,1,0,1,0,0,1,1,1,1,0,0.7
NHTSA_FSD_0293,ARISE,Failure to maintain safe following distance,NHTSA-derived,coarse,1,1,0,1,0,0,1,1,1,1,0,0.7
NHTSA_FSD_0294,ARISE,Failure to maintain safe following distance,NHTSA-derived,coarse,1,1,1,1,1,1,1,1,1,1,1,1
NHTSA_FSD_0295,ARISE,Failure to maintain safe following distance,NHTSA-derived,coarse,1,1,1,1,1,1,1,1,1,1,1,1
NHTSA_FSD_0296,ARISE,Failure to maintain safe following distance,NHTSA-derived,coarse,1,1,1,1,1,1,1,1,1,1,1,1
NHTSA_FSD_0297,ARISE,Failure to maintain safe following distance,NHTSA-derived,coarse,1,1,0,1,0,0,1,1,1,1,0,0.7
NHTSA_FSD_0298,ARISE,Failure to maintain safe following distance,NHTSA-derived,coarse,1,1,1,1,1,1,1,1,1,1,1,1
NHTSA_FSD_0299,ARISE,Failure to maintain safe following distance,NHTSA-derived,coarse,1,1,1,1,1,1,1,1,1,1,1,1
NHTSA_FSD_0300,ARISE,Failure to maintain safe following distance,NHTSA-derived,coarse,1,1,1,1,1,1,1,1,1,1,1,1
NHTSA_FSD_0301,ARISE,Failure to maintain safe following distance,NHTSA-derived,coarse,1,1,0,1,0,0,1,1,1,1,0,0.7
NHTSA_FSD_0302,ARISE,Failure to maintain safe following distance,NHTSA-derived,coarse,1,1,1,1,1,1,1,1,1,1,1,1
SYNTH_FSD_0001,ARISE,Failure to maintain safe following distance,synthetic-topology-extension,fine,1,1,1,1,1,0,1,1,1,1,1,0.8400000000000001
SYNTH_FSD_0002,ARISE,Failure to maintain safe following distance,synthetic-topology-extension,fine,1,0,1,1,1,0,1,1,1,1,1,0.8400000000000001
SYNTH_FSD_0003,ARISE,Failure to maintain safe following distance,synthetic-topology-extension,fine,1,1,1,1,1,1,1,1,1,1,1,1
SYNTH_FSD_0004,ARISE,Failure to maintain safe following distance,synthetic-topology-extension,fine,1,1,1,1,1,0,1,1,1,1,1,0.8400000000000001
SYNTH_FSD_0005,ARISE,Failure to maintain safe following distance,synthetic-topology-extension,fine,1,1,1,1,1,0,1,1,1,1,1,0.8400000000000001
SYNTH_FSD_0006,ARISE,Failure to maintain safe following distance,synthetic-topology-extension,fine,1,1,1,1,1,0,1,1,1,1,1,0.8400000000000001
SYNTH_FSD_0007,ARISE,Failure to maintain safe following distance,synthetic-topology-extension,fine,1,1,1,1,1,1,1,1,1,1,1,1
SYNTH_FSD_0008,ARISE,Failure to maintain safe following distance,synthetic-topology-extension,fine,1,1,1,1,1,0,1,1,1,1,1,0.8400000000000001
SYNTH_FSD_0009,ARISE,Failure to maintain safe following distance,synthetic-topology-extension,fine,1,1,1,1,1,1,1,1,1,1,1,1
SYNTH_FSD_0010,ARISE,Failure to maintain safe following distance,synthetic-topology-extension,fine,1,1,1,1,1,1,1,1,1,1,1,1
SYNTH_FSD_0011,ARISE,Failure to maintain safe following distance,synthetic-topology-extension,fine,1,1,0,1,0,0,1,1,1,1,0,0.7
SYNTH_FSD_0012,ARISE,Failure to maintain safe following distance,synthetic-topology-extension,fine,1,1,0,1,0,0,1,1,1,1,0,0.7
SYNTH_FSD_0013,ARISE,Failure to maintain safe following distance,synthetic-topology-extension,fine,1,0,1,1,0,0,1,1,1,1,1,0.74
SYNTH_FSD_0014,ARISE,Failure to maintain safe following distance,synthetic-topology-extension,fine,1,1,0,1,0,0,1,1,1,1,0,0.7
SYNTH_FSD_0015,ARISE,Failure to maintain safe following distance,synthetic-topology-extension,fine,1,1,1,1,1,1,1,1,1,1,1,1
SYNTH_FSD_0016,ARISE,Failure to maintain safe following distance,synthetic-topology-extension,fine,1,1,1,1,1,1,1,1,1,1,1,1
SYNTH_FSD_0017,ARISE,Failure to maintain safe following distance,synthetic-topology-extension,fine,1,1,1,1,1,1,1,1,1,1,1,1
SYNTH_FSD_0018,ARISE,Failure to maintain safe following distance,synthetic-topology-extension,fine,1,1,1,1,1,0,1,1,1,1,1,0.8400000000000001
SYNTH_FSD_0019,ARISE,Failure to maintain safe following distance,synthetic-topology-extension,fine,1,1,1,1,1,0,1,1,1,1,1,0.8400000000000001
SYNTH_FSD_0020,ARISE,Failure to maintain safe following distance,synthetic-topology-extension,fine,1,0,1,1,0,0,1,1,1,1,1,0.74
SYNTH_FSD_0021,ARISE,Failure to maintain safe following distance,synthetic-topology-extension,fine,1,1,1,1,1,0,1,1,1,1,1,0.8400000000000001
SYNTH_FSD_0022,ARISE,Failure to maintain safe following distance,synthetic-topology-extension,fine,1,1,1,1,1,1,1,1,1,1,1,1
SYNTH_FSD_0023,ARISE,Failure to maintain safe following distance,synthetic-topology-extension,fine,1,1,1,1,1,0,1,1,1,1,1,0.8400000000000001
SYNTH_FSD_0024,ARISE,Failure to maintain safe following distance,synthetic-topology-extension,fine,1,1,1,1,1,1,1,1,1,1,1,1
SYNTH_FSD_0025,ARISE,Failure to maintain safe following distance,synthetic-topology-extension,fine,1,1,1,1,1,1,1,1,1,1,1,1
SYNTH_FSD_0026,ARISE,Failure to maintain safe following distance,synthetic-topology-extension,fine,1,0,1,1,1,0,1,1,1,1,1,0.8400000000000001
SYNTH_FSD_0027,ARISE,Failure to maintain safe following distance,synthetic-topology-extension,fine,1,1,1,1,1,0,1,1,1,1,1,0.8400000000000001
SYNTH_FSD_0028,ARISE,Failure to maintain safe following distance,synthetic-topology-extension,fine,1,1,0,1,0,0,1,1,1,1,0,0.7
SYNTH_FSD_0029,ARISE,Failure to maintain safe following distance,synthetic-topology-extension,fine,1,1,1,1,1,0,1,1,1,1,1,0.8400000000000001
SYNTH_FSD_0030,ARISE,Failure to maintain safe following distance,synthetic-topology-extension,fine,1,1,0,1,0,0,1,1,1,1,0,0.7
SYNTH_FSD_0031,ARISE,Failure to maintain safe following distance,synthetic-topology-extension,fine,1,1,0,1,0,0,1,1,1,1,0,0.7
SYNTH_FSD_0032,ARISE,Failure to maintain safe following distance,synthetic-topology-extension,fine,1,1,1,1,1,1,1,1,1,1,1,1
SYNTH_FSD_0033,ARISE,Failure to maintain safe following distance,synthetic-topology-extension,fine,1,1,1,1,1,1,1,1,1,1,1,1
SYNTH_FSD_0034,ARISE,Failure to maintain safe following distance,synthetic-topology-extension,fine,1,1,1,1,1,1,1,1,1,1,1,1
SYNTH_FSD_0035,ARISE,Failure to maintain safe following distance,synthetic-topology-extension,fine,1,1,1,1,1,1,1,1,1,1,1,1
SYNTH_FSD_0036,ARISE,Failure to maintain safe following distance,synthetic-topology-extension,fine,1,1,0,1,0,0,1,1,1,1,0,0.7
SYNTH_FSD_0037,ARISE,Failure to maintain safe following distance,synthetic-topology-extension,fine,1,1,1,1,1,1,1,1,1,1,1,1
SYNTH_FSD_0038,ARISE,Failure to maintain safe following distance,synthetic-topology-extension,fine,1,1,1,1,1,1,1,1,1,1,1,1
SYNTH_FSD_0039,ARISE,Failure to maintain safe following distance,synthetic-topology-extension,fine,1,1,1,1,1,1,1,1,1,1,1,1
SYNTH_FSD_0040,ARISE,Failure to maintain safe following distance,synthetic-topology-extension,fine,1,1,1,1,1,0,1,1,1,1,1,0.8400000000000001
SYNTH_FSD_0041,ARISE,Failure to maintain safe following distance,synthetic-topology-extension,fine,1,1,0,1,0,0,1,1,1,1,0,0.7
SYNTH_FSD_0042,ARISE,Failure to maintain safe following distance,synthetic-topology-extension,fine,0,0,1,,,,,,,,,
SYNTH_FSD_0043,ARISE,Failure to maintain safe following distance,synthetic-topology-extension,fine,1,1,1,1,1,0,1,1,1,1,1,0.8400000000000001
SYNTH_FSD_0044,ARISE,Failure to maintain safe following distance,synthetic-topology-extension,fine,1,1,0,1,0,0,1,1,1,1,0,0.7
SYNTH_FSD_0045,ARISE,Failure to maintain safe following distance,synthetic-topology-extension,fine,1,1,0,1,0,0,1,1,1,1,0,0.7
SYNTH_FSD_0046,ARISE,Failure to maintain safe following distance,synthetic-topology-extension,fine,1,1,1,1,1,0,1,1,1,1,1,0.8400000000000001
SYNTH_FSD_0047,ARISE,Failure to maintain safe following distance,synthetic-topology-extension,fine,1,1,1,1,1,1,1,1,1,1,1,1
SYNTH_FSD_0048,ARISE,Failure to maintain safe following distance,synthetic-topology-extension,fine,1,1,1,1,1,0,1,1,1,1,1,0.8400000000000001
SYNTH_FSD_0049,ARISE,Failure to maintain safe following distance,synthetic-topology-extension,fine,1,1,1,1,1,1,1,1,1,1,1,1
SYNTH_FSD_0050,ARISE,Failure to maintain safe following distance,synthetic-topology-extension,fine,1,1,0,1,0,0,1,1,1,1,0,0.7
SYNTH_FSD_0051,ARISE,Failure to maintain safe following distance,synthetic-topology-extension,fine,1,1,1,1,1,0,1,1,1,1,1,0.8400000000000001
SYNTH_FSD_0052,ARISE,Failure to maintain safe following distance,synthetic-topology-extension,fine,0,0,1,,,,,,,,,
SYNTH_FSD_0053,ARISE,Failure to maintain safe following distance,synthetic-topology-extension,fine,1,1,1,1,1,0,1,1,1,1,1,0.8400000000000001
SYNTH_FSD_0054,ARISE,Failure to maintain safe following distance,synthetic-topology-extension,fine,1,1,1,1,1,0,1,1,1,1,1,0.8400000000000001
SYNTH_FSD_0055,ARISE,Failure to maintain safe following distance,synthetic-topology-extension,fine,1,1,0,1,0,0,1,1,1,1,0,0.7
SYNTH_FSD_0056,ARISE,Failure to maintain safe following distance,synthetic-topology-extension,fine,1,1,0,1,0,0,1,1,1,1,0,0.7
SYNTH_FSD_0057,ARISE,Failure to maintain safe following distance,synthetic-topology-extension,fine,1,1,1,1,1,1,1,1,1,1,1,1
SYNTH_FSD_0058,ARISE,Failure to maintain safe following distance,synthetic-topology-extension,fine,1,1,1,1,1,1,1,1,1,1,1,1
SYNTH_FSD_0059,ARISE,Failure to maintain safe following distance,synthetic-topology-extension,fine,1,1,1,1,1,1,1,1,1,1,1,1
SYNTH_FSD_0060,ARISE,Failure to maintain safe following distance,synthetic-topology-extension,fine,1,1,0,1,0,0,1,1,1,1,0,0.7
SYNTH_FSD_0061,ARISE,Failure to maintain safe following distance,synthetic-topology-extension,fine,1,1,1,1,1,1,1,1,1,1,1,1
SYNTH_FSD_0062,ARISE,Failure to maintain safe following distance,synthetic-topology-extension,fine,1,1,1,1,1,1,1,1,1,1,1,1
SYNTH_FSD_0063,ARISE,Failure to maintain safe following distance,synthetic-topology-extension,fine,1,1,1,1,1,1,1,1,1,1,1,1
SYNTH_FSD_0064,ARISE,Failure to maintain safe following distance,synthetic-topology-extension,fine,1,1,0,1,0,0,1,1,1,1,0,0.7
SYNTH_FSD_0065,ARISE,Failure to maintain safe following distance,synthetic-topology-extension,fine,1,1,1,1,1,1,1,1,1,1,1,1
SYNTH_FSD_0066,ARISE,Failure to maintain safe following distance,synthetic-topology-extension,fine,1,1,0,1,0,0,1,1,1,1,0,0.7
SYNTH_FSD_0067,ARISE,Failure to maintain safe following distance,synthetic-topology-extension,fine,1,1,1,1,1,1,1,1,1,1,1,1
SYNTH_FSD_0068,ARISE,Failure to maintain safe following distance,synthetic-topology-extension,fine,1,0,0,1,0,0,1,1,1,1,0,0.7
SYNTH_FSD_0069,ARISE,Failure to maintain safe following distance,synthetic-topology-extension,fine,1,1,1,1,1,1,1,1,1,1,1,1
SYNTH_FSD_0070,ARISE,Failure to maintain safe following distance,synthetic-topology-extension,fine,1,1,1,1,1,0,1,1,1,1,1,0.8400000000000001
SYNTH_FSD_0071,ARISE,Failure to maintain safe following distance,synthetic-topology-extension,fine,0,0,0,,,,,,,,,
SYNTH_FSD_0072,ARISE,Failure to maintain safe following distance,synthetic-topology-extension,fine,1,1,1,1,1,0,1,1,1,1,1,0.8400000000000001
SYNTH_FSD_0073,ARISE,Failure to maintain safe following distance,synthetic-topology-extension,fine,1,1,0,1,0,0,1,1,1,1,0,0.7
SYNTH_FSD_0074,ARISE,Failure to maintain safe following distance,synthetic-topology-extension,fine,0,0,1,,,,,,,,,
SYNTH_FSD_0075,ARISE,Failure to maintain safe following distance,synthetic-topology-extension,fine,1,1,1,1,1,1,1,1,1,1,1,1
SYNTH_FSD_0076,ARISE,Failure to maintain safe following distance,synthetic-topology-extension,fine,1,1,0,1,0,0,1,1,1,1,0,0.7
SYNTH_FSD_0077,ARISE,Failure to maintain safe following distance,synthetic-topology-extension,fine,1,1,1,1,1,0,1,1,1,1,1,0.8400000000000001
SYNTH_FSD_0078,ARISE,Failure to maintain safe following distance,synthetic-topology-extension,fine,1,1,0,1,0,0,1,1,1,1,0,0.7
SYNTH_FSD_0079,ARISE,Failure to maintain safe following distance,synthetic-topology-extension,fine,1,1,1,1,1,1,1,1,1,1,1,1
SYNTH_FSD_0080,ARISE,Failure to maintain safe following distance,synthetic-topology-extension,fine,1,1,0,1,0,0,1,1,1,1,0,0.7
SYNTH_FSD_0081,ARISE,Failure to maintain safe following distance,synthetic-topology-extension,fine,1,1,1,1,1,1,1,1,1,1,1,1
SYNTH_FSD_0082,ARISE,Failure to maintain safe following distance,synthetic-topology-extension,fine,1,0,1,1,1,0,1,1,1,1,1,0.8400000000000001
SYNTH_FSD_0083,ARISE,Failure to maintain safe following distance,synthetic-topology-extension,fine,1,0,1,1,1,0,1,1,1,1,1,0.8400000000000001
SYNTH_FSD_0084,ARISE,Failure to maintain safe following distance,synthetic-topology-extension,fine,1,1,1,1,1,1,1,1,1,1,1,1
SYNTH_FSD_0085,ARISE,Failure to maintain safe following distance,synthetic-topology-extension,fine,1,1,1,1,1,1,1,1,1,1,1,1
SYNTH_FSD_0086,ARISE,Failure to maintain safe following distance,synthetic-topology-extension,fine,1,1,0,1,0,0,1,1,1,1,0,0.7
SYNTH_FSD_0087,ARISE,Failure to maintain safe following distance,synthetic-topology-extension,fine,1,1,1,1,1,1,1,1,1,1,1,1
SYNTH_FSD_0088,ARISE,Failure to maintain safe following distance,synthetic-topology-extension,fine,1,1,1,1,1,0,1,1,1,1,1,0.8400000000000001
SYNTH_FSD_0089,ARISE,Failure to maintain safe following distance,synthetic-topology-extension,fine,1,1,1,1,1,1,1,1,1,1,1,1
SYNTH_FSD_0090,ARISE,Failure to maintain safe following distance,synthetic-topology-extension,fine,1,1,1,1,1,1,1,1,1,1,1,1
SYNTH_FSD_0091,ARISE,Failure to maintain safe following distance,synthetic-topology-extension,fine,0,0,1,,,,,,,,,
SYNTH_FSD_0092,ARISE,Failure to maintain safe following distance,synthetic-topology-extension,fine,1,0,1,1,0,0,1,1,1,1,1,0.74
SYNTH_FSD_0093,ARISE,Failure to maintain safe following distance,synthetic-topology-extension,fine,1,1,1,1,1,0,1,1,1,1,1,0.8400000000000001
SYNTH_FSD_0094,ARISE,Failure to maintain safe following distance,synthetic-topology-extension,fine,1,0,1,1,1,0,1,1,1,1,1,0.8400000000000001
SYNTH_FSD_0095,ARISE,Failure to maintain safe following distance,synthetic-topology-extension,fine,1,1,1,1,1,0,1,1,1,1,1,0.8400000000000001
SYNTH_FSD_0096,ARISE,Failure to maintain safe following distance,synthetic-topology-extension,fine,1,1,0,1,0,0,1,1,1,1,0,0.7
SYNTH_FSD_0097,ARISE,Failure to maintain safe following distance,synthetic-topology-extension,fine,1,0,0,1,0,0,1,1,1,1,0,0.7
SYNTH_FSD_0098,ARISE,Failure to maintain safe following distance,synthetic-topology-extension,fine,1,0,0,1,0,0,1,1,1,1,0,0.7
SYNTH_FSD_0099,ARISE,Failure to maintain safe following distance,synthetic-topology-extension,fine,1,1,0,1,0,0,1,1,1,1,0,0.7
SYNTH_FSD_0100,ARISE,Failure to maintain safe following distance,synthetic-topology-extension,fine,1,1,1,1,1,1,1,1,1,1,1,1
NHTSA_WWD_0001,ARISE,Wrong-way driving,NHTSA-derived,coarse,1,1,1,1,1,1,1,1,1,1,1,1
NHTSA_WWD_0002,ARISE,Wrong-way driving,NHTSA-derived,coarse,1,1,1,1,1,0,1,1,1,1,1,0.8400000000000001
NHTSA_WWD_0003,ARISE,Wrong-way driving,NHTSA-derived,coarse,1,1,1,1,1,0,1,1,1,1,1,0.8400000000000001
NHTSA_WWD_0004,ARISE,Wrong-way driving,NHTSA-derived,coarse,1,1,1,1,1,1,1,1,1,1,1,1
NHTSA_WWD_0005,ARISE,Wrong-way driving,NHTSA-derived,coarse,1,1,1,1,1,1,1,1,1,1,1,1
NHTSA_WWD_0006,ARISE,Wrong-way driving,NHTSA-derived,coarse,1,1,1,1,1,0,1,1,1,1,1,0.8400000000000001
NHTSA_WWD_0007,ARISE,Wrong-way driving,NHTSA-derived,coarse,1,1,1,1,1,0,1,1,1,1,1,0.8400000000000001
NHTSA_WWD_0008,ARISE,Wrong-way driving,NHTSA-derived,coarse,1,1,1,1,1,0,1,1,1,1,1,0.8400000000000001
NHTSA_WWD_0009,ARISE,Wrong-way driving,NHTSA-derived,coarse,1,1,1,1,1,0,1,1,1,1,1,0.8400000000000001
NHTSA_WWD_0010,ARISE,Wrong-way driving,NHTSA-derived,coarse,1,1,1,1,1,0,1,1,1,1,1,0.8400000000000001
NHTSA_WWD_0011,ARISE,Wrong-way driving,NHTSA-derived,coarse,1,1,1,1,1,1,1,1,1,1,1,1
NHTSA_WWD_0012,ARISE,Wrong-way driving,NHTSA-derived,coarse,1,1,1,1,1,0,1,1,1,1,1,0.8400000000000001
NHTSA_WWD_0013,ARISE,Wrong-way driving,NHTSA-derived,coarse,1,1,1,1,1,1,1,1,1,1,1,1
NHTSA_WWD_0014,ARISE,Wrong-way driving,NHTSA-derived,coarse,1,1,1,1,1,1,1,1,1,1,1,1
NHTSA_WWD_0015,ARISE,Wrong-way driving,NHTSA-derived,coarse,1,1,1,1,1,0,1,1,1,1,1,0.8400000000000001
NHTSA_WWD_0016,ARISE,Wrong-way driving,NHTSA-derived,coarse,1,1,1,1,1,1,1,1,1,1,1,1
NHTSA_WWD_0017,ARISE,Wrong-way driving,NHTSA-derived,coarse,1,1,1,1,1,1,1,1,1,1,1,1
NHTSA_WWD_0018,ARISE,Wrong-way driving,NHTSA-derived,coarse,1,1,0,1,0,0,1,1,1,1,0,0.7
NHTSA_WWD_0019,ARISE,Wrong-way driving,NHTSA-derived,coarse,1,1,1,1,1,1,1,1,1,1,1,1
NHTSA_WWD_0020,ARISE,Wrong-way driving,NHTSA-derived,coarse,1,1,1,1,1,1,1,1,1,1,1,1
NHTSA_WWD_0021,ARISE,Wrong-way driving,NHTSA-derived,coarse,1,1,1,1,1,1,1,1,1,1,1,1
NHTSA_WWD_0022,ARISE,Wrong-way driving,NHTSA-derived,coarse,1,1,1,1,1,1,1,1,1,1,1,1
NHTSA_WWD_0023,ARISE,Wrong-way driving,NHTSA-derived,coarse,1,1,1,1,1,0,1,1,1,1,1,0.8400000000000001
NHTSA_WWD_0024,ARISE,Wrong-way driving,NHTSA-derived,coarse,1,1,1,1,1,1,1,1,1,1,1,1
NHTSA_WWD_0025,ARISE,Wrong-way driving,NHTSA-derived,coarse,1,1,1,1,1,0,1,1,1,1,1,0.8400000000000001
NHTSA_WWD_0026,ARISE,Wrong-way driving,NHTSA-derived,coarse,1,1,0,1,0,0,1,1,1,1,0,0.7
NHTSA_WWD_0027,ARISE,Wrong-way driving,NHTSA-derived,coarse,1,1,1,1,1,1,1,1,1,1,1,1
NHTSA_WWD_0028,ARISE,Wrong-way driving,NHTSA-derived,coarse,1,1,1,1,1,0,1,1,1,1,1,0.8400000000000001
NHTSA_WWD_0029,ARISE,Wrong-way driving,NHTSA-derived,coarse,1,1,1,1,1,0,1,1,1,1,1,0.8400000000000001
NHTSA_WWD_0030,ARISE,Wrong-way driving,NHTSA-derived,coarse,1,1,0,1,0,0,1,1,1,1,0,0.7
NHTSA_WWD_0031,ARISE,Wrong-way driving,NHTSA-derived,coarse,1,1,1,1,1,0,1,1,1,1,1,0.8400000000000001
NHTSA_WWD_0032,ARISE,Wrong-way driving,NHTSA-derived,coarse,1,1,1,1,1,1,1,1,1,1,1,1
NHTSA_WWD_0033,ARISE,Wrong-way driving,NHTSA-derived,coarse,1,1,1,1,1,1,1,1,1,1,1,1
NHTSA_WWD_0034,ARISE,Wrong-way driving,NHTSA-derived,coarse,1,1,1,1,1,1,1,1,1,1,1,1
NHTSA_WWD_0035,ARISE,Wrong-way driving,NHTSA-derived,coarse,1,1,1,1,1,1,1,1,1,1,1,1
NHTSA_WWD_0036,ARISE,Wrong-way driving,NHTSA-derived,coarse,1,1,1,1,1,1,1,1,1,1,1,1
NHTSA_WWD_0037,ARISE,Wrong-way driving,NHTSA-derived,coarse,1,1,1,1,1,1,1,1,1,1,1,1
NHTSA_WWD_0038,ARISE,Wrong-way driving,NHTSA-derived,coarse,1,1,0,1,0,0,1,1,1,1,0,0.7
NHTSA_WWD_0039,ARISE,Wrong-way driving,NHTSA-derived,coarse,1,1,1,1,1,0,1,1,1,1,1,0.8400000000000001
NHTSA_WWD_0040,ARISE,Wrong-way driving,NHTSA-derived,coarse,1,1,1,1,1,0,1,1,1,1,1,0.8400000000000001
NHTSA_WWD_0041,ARISE,Wrong-way driving,NHTSA-derived,coarse,1,1,0,1,0,0,1,1,1,1,0,0.7
NHTSA_WWD_0042,ARISE,Wrong-way driving,NHTSA-derived,coarse,1,1,0,1,0,0,1,1,1,1,0,0.7
NHTSA_WWD_0043,ARISE,Wrong-way driving,NHTSA-derived,coarse,1,1,0,1,0,0,1,1,1,1,0,0.7
NHTSA_WWD_0044,ARISE,Wrong-way driving,NHTSA-derived,coarse,1,1,1,1,1,1,1,1,1,1,1,1
NHTSA_WWD_0045,ARISE,Wrong-way driving,NHTSA-derived,coarse,1,1,1,1,1,0,1,1,1,1,1,0.8400000000000001
NHTSA_WWD_0046,ARISE,Wrong-way driving,NHTSA-derived,coarse,1,1,0,1,0,0,1,1,1,1,0,0.7
NHTSA_WWD_0047,ARISE,Wrong-way driving,NHTSA-derived,coarse,1,1,1,1,1,0,1,1,1,1,1,0.8400000000000001
NHTSA_WWD_0048,ARISE,Wrong-way driving,NHTSA-derived,coarse,1,1,0,1,0,0,1,1,1,1,0,0.7
NHTSA_WWD_0049,ARISE,Wrong-way driving,NHTSA-derived,coarse,1,1,1,1,1,0,1,1,1,1,1,0.8400000000000001
NHTSA_WWD_0050,ARISE,Wrong-way driving,NHTSA-derived,coarse,1,1,1,1,1,1,1,1,1,1,1,1
NHTSA_WWD_0051,ARISE,Wrong-way driving,NHTSA-derived,coarse,1,1,1,1,1,1,1,1,1,1,1,1
NHTSA_WWD_0052,ARISE,Wrong-way driving,NHTSA-derived,coarse,1,1,1,1,1,0,1,1,1,1,1,0.8400000000000001
NHTSA_WWD_0053,ARISE,Wrong-way driving,NHTSA-derived,coarse,1,1,1,1,1,0,1,1,1,1,1,0.8400000000000001
NHTSA_WWD_0054,ARISE,Wrong-way driving,NHTSA-derived,coarse,1,1,1,1,1,1,1,1,1,1,1,1
NHTSA_WWD_0055,ARISE,Wrong-way driving,NHTSA-derived,coarse,1,1,1,1,1,1,1,1,1,1,1,1
NHTSA_WWD_0056,ARISE,Wrong-way driving,NHTSA-derived,coarse,1,1,1,1,1,1,1,1,1,1,1,1
NHTSA_WWD_0057,ARISE,Wrong-way driving,NHTSA-derived,coarse,1,1,1,1,1,1,1,1,1,1,1,1
NHTSA_WWD_0058,ARISE,Wrong-way driving,NHTSA-derived,coarse,1,1,1,1,1,1,1,1,1,1,1,1
NHTSA_WWD_0059,ARISE,Wrong-way driving,NHTSA-derived,coarse,1,1,1,1,1,0,1,1,1,1,1,0.8400000000000001
NHTSA_WWD_0060,ARISE,Wrong-way driving,NHTSA-derived,coarse,1,1,1,1,1,1,1,1,1,1,1,1
NHTSA_WWD_0061,ARISE,Wrong-way driving,NHTSA-derived,coarse,1,1,1,1,1,1,1,1,1,1,1,1
NHTSA_WWD_0062,ARISE,Wrong-way driving,NHTSA-derived,coarse,1,1,0,1,0,0,1,1,1,1,0,0.7
NHTSA_WWD_0063,ARISE,Wrong-way driving,NHTSA-derived,coarse,1,1,1,1,1,1,1,1,1,1,1,1
NHTSA_WWD_0064,ARISE,Wrong-way driving,NHTSA-derived,coarse,1,1,0,1,0,0,1,1,1,1,0,0.7
NHTSA_WWD_0065,ARISE,Wrong-way driving,NHTSA-derived,coarse,1,1,1,1,1,0,1,1,1,1,1,0.8400000000000001
NHTSA_WWD_0066,ARISE,Wrong-way driving,NHTSA-derived,coarse,1,1,0,1,0,0,1,1,1,1,0,0.7
NHTSA_WWD_0067,ARISE,Wrong-way driving,NHTSA-derived,coarse,1,1,1,1,1,1,1,1,1,1,1,1
NHTSA_WWD_0068,ARISE,Wrong-way driving,NHTSA-derived,coarse,1,1,1,1,1,1,1,1,1,1,1,1
NHTSA_WWD_0069,ARISE,Wrong-way driving,NHTSA-derived,coarse,1,1,1,1,1,1,1,1,1,1,1,1
NHTSA_WWD_0070,ARISE,Wrong-way driving,NHTSA-derived,coarse,1,1,1,1,1,0,1,1,1,1,1,0.8400000000000001
NHTSA_WWD_0071,ARISE,Wrong-way driving,NHTSA-derived,coarse,1,1,0,1,0,0,1,1,1,1,0,0.7
NHTSA_WWD_0072,ARISE,Wrong-way driving,NHTSA-derived,coarse,1,1,1,1,1,1,1,1,1,1,1,1
NHTSA_WWD_0073,ARISE,Wrong-way driving,NHTSA-derived,coarse,1,1,1,1,1,0,1,1,1,1,1,0.8400000000000001
NHTSA_WWD_0074,ARISE,Wrong-way driving,NHTSA-derived,coarse,1,1,1,1,1,1,1,1,1,1,1,1
NHTSA_WWD_0075,ARISE,Wrong-way driving,NHTSA-derived,coarse,1,1,1,1,1,1,1,1,1,1,1,1
NHTSA_WWD_0076,ARISE,Wrong-way driving,NHTSA-derived,coarse,1,1,1,1,1,1,1,1,1,1,1,1
NHTSA_WWD_0077,ARISE,Wrong-way driving,NHTSA-derived,coarse,1,1,1,1,1,0,1,1,1,1,1,0.8400000000000001
NHTSA_WWD_0078,ARISE,Wrong-way driving,NHTSA-derived,coarse,1,1,1,1,1,1,1,1,1,1,1,1
NHTSA_WWD_0079,ARISE,Wrong-way driving,NHTSA-derived,coarse,1,1,1,1,1,0,1,1,1,1,1,0.8400000000000001
NHTSA_WWD_0080,ARISE,Wrong-way driving,NHTSA-derived,coarse,1,1,1,1,1,1,1,1,1,1,1,1
NHTSA_WWD_0081,ARISE,Wrong-way driving,NHTSA-derived,coarse,1,1,1,1,1,0,1,1,1,1,1,0.8400000000000001
NHTSA_WWD_0082,ARISE,Wrong-way driving,NHTSA-derived,coarse,1,1,1,1,1,1,1,1,1,1,1,1
NHTSA_WWD_0083,ARISE,Wrong-way driving,NHTSA-derived,coarse,1,1,1,1,1,0,1,1,1,1,1,0.8400000000000001
NHTSA_WWD_0084,ARISE,Wrong-way driving,NHTSA-derived,coarse,1,1,1,1,1,0,1,1,1,1,1,0.8400000000000001
SYNTH_WWD_0001,ARISE,Wrong-way driving,synthetic-topology-extension,fine,1,1,1,1,1,0,1,1,1,1,1,0.8400000000000001
SYNTH_WWD_0002,ARISE,Wrong-way driving,synthetic-topology-extension,fine,1,1,1,1,1,0,1,1,1,1,1,0.8400000000000001
SYNTH_WWD_0003,ARISE,Wrong-way driving,synthetic-topology-extension,fine,1,0,0,1,0,0,1,1,1,1,0,0.7
SYNTH_WWD_0004,ARISE,Wrong-way driving,synthetic-topology-extension,fine,1,0,1,1,1,0,1,1,1,1,1,0.8400000000000001
SYNTH_WWD_0005,ARISE,Wrong-way driving,synthetic-topology-extension,fine,1,0,1,1,0,0,1,1,1,1,1,0.74
SYNTH_WWD_0006,ARISE,Wrong-way driving,synthetic-topology-extension,fine,1,1,1,1,1,1,1,1,1,1,1,1
SYNTH_WWD_0007,ARISE,Wrong-way driving,synthetic-topology-extension,fine,1,1,1,1,1,0,1,1,1,1,1,0.8400000000000001
SYNTH_WWD_0008,ARISE,Wrong-way driving,synthetic-topology-extension,fine,1,1,1,1,1,1,1,1,1,1,1,1
SYNTH_WWD_0009,ARISE,Wrong-way driving,synthetic-topology-extension,fine,1,1,1,1,1,1,1,1,1,1,1,1
SYNTH_WWD_0010,ARISE,Wrong-way driving,synthetic-topology-extension,fine,1,1,1,1,1,1,1,1,1,1,1,1
SYNTH_WWD_0011,ARISE,Wrong-way driving,synthetic-topology-extension,fine,1,1,1,1,1,1,1,1,1,1,1,1
SYNTH_WWD_0012,ARISE,Wrong-way driving,synthetic-topology-extension,fine,1,1,1,1,1,0,1,1,1,1,1,0.8400000000000001
SYNTH_WWD_0013,ARISE,Wrong-way driving,synthetic-topology-extension,fine,1,1,1,1,1,1,1,1,1,1,1,1
SYNTH_WWD_0014,ARISE,Wrong-way driving,synthetic-topology-extension,fine,1,1,1,1,1,1,1,1,1,1,1,1
SYNTH_WWD_0015,ARISE,Wrong-way driving,synthetic-topology-extension,fine,1,1,0,1,0,0,1,1,1,1,0,0.7
SYNTH_WWD_0016,ARISE,Wrong-way driving,synthetic-topology-extension,fine,1,1,1,1,1,1,1,1,1,1,1,1
SYNTH_WWD_0017,ARISE,Wrong-way driving,synthetic-topology-extension,fine,1,1,0,1,0,0,1,1,1,1,0,0.7
SYNTH_WWD_0018,ARISE,Wrong-way driving,synthetic-topology-extension,fine,1,1,1,1,1,0,1,1,1,1,1,0.8400000000000001
SYNTH_WWD_0019,ARISE,Wrong-way driving,synthetic-topology-extension,fine,1,1,1,1,1,1,1,1,1,1,1,1
SYNTH_WWD_0020,ARISE,Wrong-way driving,synthetic-topology-extension,fine,1,0,0,1,0,0,1,1,1,1,0,0.7
SYNTH_WWD_0021,ARISE,Wrong-way driving,synthetic-topology-extension,fine,1,1,1,1,1,0,1,1,1,1,1,0.8400000000000001
SYNTH_WWD_0022,ARISE,Wrong-way driving,synthetic-topology-extension,fine,1,0,0,1,0,0,1,1,1,1,0,0.7
SYNTH_WWD_0023,ARISE,Wrong-way driving,synthetic-topology-extension,fine,1,1,0,1,0,0,1,1,1,1,0,0.7
SYNTH_WWD_0024,ARISE,Wrong-way driving,synthetic-topology-extension,fine,1,1,1,1,1,1,1,1,1,1,1,1
SYNTH_WWD_0025,ARISE,Wrong-way driving,synthetic-topology-extension,fine,1,1,1,1,1,0,1,1,1,1,1,0.8400000000000001
SYNTH_WWD_0026,ARISE,Wrong-way driving,synthetic-topology-extension,fine,1,1,1,1,1,1,1,1,1,1,1,1
SYNTH_WWD_0027,ARISE,Wrong-way driving,synthetic-topology-extension,fine,1,1,1,1,1,0,1,1,1,1,1,0.8400000000000001
SYNTH_WWD_0028,ARISE,Wrong-way driving,synthetic-topology-extension,fine,1,1,1,1,1,0,1,1,1,1,1,0.8400000000000001
SYNTH_WWD_0029,ARISE,Wrong-way driving,synthetic-topology-extension,fine,1,1,0,1,0,0,1,1,1,1,0,0.7
SYNTH_WWD_0030,ARISE,Wrong-way driving,synthetic-topology-extension,fine,1,1,1,1,1,0,1,1,1,1,1,0.8400000000000001
SYNTH_WWD_0031,ARISE,Wrong-way driving,synthetic-topology-extension,fine,1,1,0,1,0,0,1,1,1,1,0,0.7
SYNTH_WWD_0032,ARISE,Wrong-way driving,synthetic-topology-extension,fine,1,1,1,1,1,1,1,1,1,1,1,1
SYNTH_WWD_0033,ARISE,Wrong-way driving,synthetic-topology-extension,fine,1,1,1,1,1,1,1,1,1,1,1,1
SYNTH_WWD_0034,ARISE,Wrong-way driving,synthetic-topology-extension,fine,1,1,1,1,1,0,1,1,1,1,1,0.8400000000000001
SYNTH_WWD_0035,ARISE,Wrong-way driving,synthetic-topology-extension,fine,1,1,1,1,1,1,1,1,1,1,1,1
SYNTH_WWD_0036,ARISE,Wrong-way driving,synthetic-topology-extension,fine,1,1,1,1,1,0,1,1,1,1,1,0.8400000000000001
SYNTH_WWD_0037,ARISE,Wrong-way driving,synthetic-topology-extension,fine,1,1,1,1,1,1,1,1,1,1,1,1
SYNTH_WWD_0038,ARISE,Wrong-way driving,synthetic-topology-extension,fine,1,1,1,1,1,1,1,1,1,1,1,1
SYNTH_WWD_0039,ARISE,Wrong-way driving,synthetic-topology-extension,fine,1,1,1,1,1,0,1,1,1,1,1,0.8400000000000001
SYNTH_WWD_0040,ARISE,Wrong-way driving,synthetic-topology-extension,fine,1,0,1,1,1,0,1,1,1,1,1,0.8400000000000001
SYNTH_WWD_0041,ARISE,Wrong-way driving,synthetic-topology-extension,fine,1,1,1,1,1,1,1,1,1,1,1,1
SYNTH_WWD_0042,ARISE,Wrong-way driving,synthetic-topology-extension,fine,1,1,1,1,1,1,1,1,1,1,1,1
SYNTH_WWD_0043,ARISE,Wrong-way driving,synthetic-topology-extension,fine,1,1,1,1,1,1,1,1,1,1,1,1
SYNTH_WWD_0044,ARISE,Wrong-way driving,synthetic-topology-extension,fine,1,1,1,1,1,0,1,1,1,1,1,0.8400000000000001
SYNTH_WWD_0045,ARISE,Wrong-way driving,synthetic-topology-extension,fine,1,1,1,1,1,1,1,1,1,1,1,1
SYNTH_WWD_0046,ARISE,Wrong-way driving,synthetic-topology-extension,fine,1,1,1,1,1,0,1,1,1,1,1,0.8400000000000001
SYNTH_WWD_0047,ARISE,Wrong-way driving,synthetic-topology-extension,fine,1,1,1,1,1,0,1,1,1,1,1,0.8400000000000001
SYNTH_WWD_0048,ARISE,Wrong-way driving,synthetic-topology-extension,fine,1,1,1,1,1,1,1,1,1,1,1,1
SYNTH_WWD_0049,ARISE,Wrong-way driving,synthetic-topology-extension,fine,1,1,1,1,1,1,1,1,1,1,1,1
SYNTH_WWD_0050,ARISE,Wrong-way driving,synthetic-topology-extension,fine,1,1,1,1,1,1,1,1,1,1,1,1
SYNTH_WWD_0051,ARISE,Wrong-way driving,synthetic-topology-extension,fine,1,1,0,1,0,0,1,1,1,1,0,0.7
SYNTH_WWD_0052,ARISE,Wrong-way driving,synthetic-topology-extension,fine,1,1,1,1,1,1,1,1,1,1,1,1
SYNTH_WWD_0053,ARISE,Wrong-way driving,synthetic-topology-extension,fine,1,1,1,1,1,0,1,1,1,1,1,0.8400000000000001
SYNTH_WWD_0054,ARISE,Wrong-way driving,synthetic-topology-extension,fine,1,1,1,1,1,0,1,1,1,1,1,0.8400000000000001
SYNTH_WWD_0055,ARISE,Wrong-way driving,synthetic-topology-extension,fine,1,1,1,1,1,1,1,1,1,1,1,1
SYNTH_WWD_0056,ARISE,Wrong-way driving,synthetic-topology-extension,fine,1,1,1,1,1,1,1,1,1,1,1,1
SYNTH_WWD_0057,ARISE,Wrong-way driving,synthetic-topology-extension,fine,1,0,1,1,1,0,1,1,1,1,1,0.8400000000000001
SYNTH_WWD_0058,ARISE,Wrong-way driving,synthetic-topology-extension,fine,1,1,1,1,1,0,1,1,1,1,1,0.8400000000000001
SYNTH_WWD_0059,ARISE,Wrong-way driving,synthetic-topology-extension,fine,1,1,1,1,1,0,1,1,1,1,1,0.8400000000000001
SYNTH_WWD_0060,ARISE,Wrong-way driving,synthetic-topology-extension,fine,1,1,0,1,0,0,1,1,1,1,0,0.7
NHTSA_ILC_0001,ARISE,Illegal lane change,NHTSA-derived,fine,1,0,1,1,0,0,1,1,1,1,1,0.74
NHTSA_ILC_0002,ARISE,Illegal lane change,NHTSA-derived,fine,1,0,1,1,0,0,1,1,1,1,1,0.74
NHTSA_ILC_0003,ARISE,Illegal lane change,NHTSA-derived,fine,0,0,1,,,,,,,,,
NHTSA_ILC_0004,ARISE,Illegal lane change,NHTSA-derived,fine,1,0,0,1,0,0,1,1,1,1,0,0.7
NHTSA_ILC_0005,ARISE,Illegal lane change,NHTSA-derived,fine,1,0,0,1,0,0,1,1,1,1,0,0.7
NHTSA_ILC_0006,ARISE,Illegal lane change,NHTSA-derived,fine,1,0,1,1,1,0,1,1,1,1,1,0.8400000000000001
NHTSA_ILC_0007,ARISE,Illegal lane change,NHTSA-derived,fine,1,0,1,1,1,0,1,1,1,1,1,0.8400000000000001
NHTSA_ILC_0008,ARISE,Illegal lane change,NHTSA-derived,fine,1,0,1,1,1,0,1,1,1,1,1,0.8400000000000001
NHTSA_ILC_0009,ARISE,Illegal lane change,NHTSA-derived,fine,1,0,0,1,0,0,1,1,1,1,0,0.7
NHTSA_ILC_0010,ARISE,Illegal lane change,NHTSA-derived,fine,1,0,1,1,1,0,1,1,1,1,1,0.8400000000000001
NHTSA_ILC_0011,ARISE,Illegal lane change,NHTSA-derived,fine,1,0,1,1,1,0,1,1,1,1,1,0.8400000000000001
NHTSA_ILC_0012,ARISE,Illegal lane change,NHTSA-derived,fine,1,0,1,1,0,0,1,1,1,1,1,0.74
NHTSA_ILC_0013,ARISE,Illegal lane change,NHTSA-derived,fine,1,0,1,1,0,0,1,1,1,1,1,0.74
NHTSA_ILC_0014,ARISE,Illegal lane change,NHTSA-derived,fine,1,0,1,1,1,0,1,1,1,1,1,0.8400000000000001
NHTSA_ILC_0015,ARISE,Illegal lane change,NHTSA-derived,fine,1,0,1,1,0,0,1,1,1,1,1,0.74
NHTSA_ILC_0016,ARISE,Illegal lane change,NHTSA-derived,fine,1,0,1,1,0,0,1,1,1,1,1,0.74
NHTSA_ILC_0017,ARISE,Illegal lane change,NHTSA-derived,fine,0,0,1,,,,,,,,,
NHTSA_ILC_0018,ARISE,Illegal lane change,NHTSA-derived,fine,1,0,1,1,1,0,1,1,1,1,1,0.8400000000000001
NHTSA_ILC_0019,ARISE,Illegal lane change,NHTSA-derived,fine,1,0,0,1,0,0,1,1,1,1,0,0.7
NHTSA_ILC_0020,ARISE,Illegal lane change,NHTSA-derived,fine,0,0,1,,,,,,,,,
NHTSA_ILC_0021,ARISE,Illegal lane change,NHTSA-derived,fine,1,0,1,1,1,0,1,1,1,1,1,0.8400000000000001
NHTSA_ILC_0022,ARISE,Illegal lane change,NHTSA-derived,fine,1,0,1,1,1,0,1,1,1,1,1,0.8400000000000001
NHTSA_ILC_0023,ARISE,Illegal lane change,NHTSA-derived,fine,0,0,0,,,,,,,,,
NHTSA_ILC_0024,ARISE,Illegal lane change,NHTSA-derived,fine,1,0,1,1,0,0,1,1,1,1,0,0.7
NHTSA_ILC_0025,ARISE,Illegal lane change,NHTSA-derived,fine,1,0,1,1,0,0,1,1,1,1,1,0.74
NHTSA_ILC_0026,ARISE,Illegal lane change,NHTSA-derived,fine,1,0,0,1,0,0,1,1,1,1,0,0.7
NHTSA_ILC_0027,ARISE,Illegal lane change,NHTSA-derived,fine,0,0,1,,,,,,,,,
NHTSA_ILC_0028,ARISE,Illegal lane change,NHTSA-derived,fine,1,0,1,1,1,0,1,1,1,1,1,0.8400000000000001
NHTSA_ILC_0029,ARISE,Illegal lane change,NHTSA-derived,fine,1,0,1,1,1,0,1,1,1,1,1,0.8400000000000001
NHTSA_ILC_0030,ARISE,Illegal lane change,NHTSA-derived,fine,1,0,1,1,0,0,1,1,1,1,1,0.74
NHTSA_ILC_0031,ARISE,Illegal lane change,NHTSA-derived,fine,1,0,1,1,1,0,1,1,1,1,1,0.8400000000000001
NHTSA_ILC_0032,ARISE,Illegal lane change,NHTSA-derived,fine,1,0,1,1,0,0,1,1,1,1,0,0.7
NHTSA_ILC_0033,ARISE,Illegal lane change,NHTSA-derived,fine,1,0,1,1,1,0,1,1,1,1,1,0.8400000000000001
NHTSA_ILC_0034,ARISE,Illegal lane change,NHTSA-derived,fine,1,0,0,1,0,0,1,1,1,1,0,0.7
NHTSA_ILC_0035,ARISE,Illegal lane change,NHTSA-derived,fine,1,0,1,1,1,0,1,1,1,1,1,0.8400000000000001
NHTSA_ILC_0036,ARISE,Illegal lane change,NHTSA-derived,fine,1,0,0,1,0,0,1,1,1,1,0,0.7
NHTSA_ILC_0037,ARISE,Illegal lane change,NHTSA-derived,fine,1,0,0,1,0,0,1,1,1,1,0,0.7
NHTSA_ILC_0038,ARISE,Illegal lane change,NHTSA-derived,fine,0,0,1,,,,,,,,,
NHTSA_ILC_0039,ARISE,Illegal lane change,NHTSA-derived,fine,0,0,1,,,,,,,,,
NHTSA_ILC_0040,ARISE,Illegal lane change,NHTSA-derived,fine,1,0,1,1,1,0,1,1,1,1,1,0.8400000000000001
NHTSA_ILC_0041,ARISE,Illegal lane change,NHTSA-derived,coarse,1,1,1,1,1,1,1,1,1,1,1,1
NHTSA_ILC_0042,ARISE,Illegal lane change,NHTSA-derived,coarse,1,1,1,1,1,0,1,1,1,1,1,0.8400000000000001
NHTSA_ILC_0043,ARISE,Illegal lane change,NHTSA-derived,coarse,1,1,1,1,1,1,1,1,1,1,1,1
NHTSA_ILC_0044,ARISE,Illegal lane change,NHTSA-derived,coarse,1,1,1,1,1,1,1,1,1,1,1,1
NHTSA_ILC_0045,ARISE,Illegal lane change,NHTSA-derived,coarse,1,1,1,1,1,1,1,1,1,1,1,1
NHTSA_ILC_0046,ARISE,Illegal lane change,NHTSA-derived,coarse,1,1,0,1,0,0,1,1,1,1,0,0.7
NHTSA_ILC_0047,ARISE,Illegal lane change,NHTSA-derived,coarse,1,1,1,1,1,1,1,1,1,1,1,1
NHTSA_ILC_0048,ARISE,Illegal lane change,NHTSA-derived,coarse,1,1,1,1,1,0,1,1,1,1,1,0.8400000000000001
NHTSA_ILC_0049,ARISE,Illegal lane change,NHTSA-derived,coarse,1,1,1,1,1,0,1,1,1,1,1,0.8400000000000001
NHTSA_ILC_0050,ARISE,Illegal lane change,NHTSA-derived,coarse,1,1,1,1,1,1,1,1,1,1,1,1
NHTSA_ILC_0051,ARISE,Illegal lane change,NHTSA-derived,coarse,1,1,0,1,0,0,1,1,1,1,0,0.7
NHTSA_ILC_0052,ARISE,Illegal lane change,NHTSA-derived,coarse,1,1,1,1,1,0,1,1,1,1,1,0.8400000000000001
NHTSA_ILC_0053,ARISE,Illegal lane change,NHTSA-derived,coarse,1,1,1,1,1,0,1,1,1,1,1,0.8400000000000001
NHTSA_ILC_0054,ARISE,Illegal lane change,NHTSA-derived,coarse,1,1,1,1,1,0,1,1,1,1,1,0.8400000000000001
NHTSA_ILC_0055,ARISE,Illegal lane change,NHTSA-derived,coarse,1,1,1,1,1,0,1,1,1,1,1,0.8400000000000001
SYNTH_ILC_0001,ARISE,Illegal lane change,synthetic-topology-extension,fine,1,0,1,1,1,0,1,1,1,1,1,0.8400000000000001
SYNTH_ILC_0002,ARISE,Illegal lane change,synthetic-topology-extension,fine,1,0,1,1,1,0,1,1,1,1,1,0.8400000000000001
SYNTH_ILC_0003,ARISE,Illegal lane change,synthetic-topology-extension,fine,1,0,1,1,1,0,1,1,1,1,1,0.8400000000000001
SYNTH_ILC_0004,ARISE,Illegal lane change,synthetic-topology-extension,fine,1,0,1,1,1,0,1,1,1,1,1,0.8400000000000001
SYNTH_ILC_0005,ARISE,Illegal lane change,synthetic-topology-extension,fine,1,0,1,1,1,0,1,1,1,1,1,0.8400000000000001
SYNTH_ILC_0006,ARISE,Illegal lane change,synthetic-topology-extension,fine,1,0,1,1,1,0,1,1,1,1,1,0.8400000000000001
SYNTH_ILC_0007,ARISE,Illegal lane change,synthetic-topology-extension,fine,1,0,0,1,0,0,1,1,1,1,0,0.7
SYNTH_ILC_0008,ARISE,Illegal lane change,synthetic-topology-extension,fine,0,0,1,,,,,,,,,
SYNTH_ILC_0009,ARISE,Illegal lane change,synthetic-topology-extension,fine,0,0,1,,,,,,,,,
SYNTH_ILC_0010,ARISE,Illegal lane change,synthetic-topology-extension,fine,1,0,1,1,1,0,1,1,1,1,1,0.8400000000000001
SYNTH_ILC_0011,ARISE,Illegal lane change,synthetic-topology-extension,fine,1,0,0,1,0,0,1,1,1,1,0,0.7
SYNTH_ILC_0012,ARISE,Illegal lane change,synthetic-topology-extension,fine,0,0,1,,,,,,,,,
SYNTH_ILC_0013,ARISE,Illegal lane change,synthetic-topology-extension,fine,1,0,1,1,1,0,1,1,1,1,1,0.8400000000000001
SYNTH_ILC_0014,ARISE,Illegal lane change,synthetic-topology-extension,fine,1,0,1,1,0,0,1,1,1,1,1,0.74
SYNTH_ILC_0015,ARISE,Illegal lane change,synthetic-topology-extension,fine,1,0,1,1,0,0,1,1,1,1,1,0.74
SYNTH_ILC_0016,ARISE,Illegal lane change,synthetic-topology-extension,fine,1,0,1,1,0,0,1,1,1,1,1,0.74
SYNTH_ILC_0017,ARISE,Illegal lane change,synthetic-topology-extension,fine,1,0,1,1,0,0,1,1,1,1,1,0.74
SYNTH_ILC_0018,ARISE,Illegal lane change,synthetic-topology-extension,fine,1,0,1,1,0,0,1,1,1,1,1,0.74
SYNTH_ILC_0019,ARISE,Illegal lane change,synthetic-topology-extension,fine,1,0,0,1,0,0,1,1,1,1,0,0.7
SYNTH_ILC_0020,ARISE,Illegal lane change,synthetic-topology-extension,fine,1,0,0,1,0,0,1,1,1,1,0,0.7
SYNTH_ILC_0021,ARISE,Illegal lane change,synthetic-topology-extension,fine,1,0,1,1,0,0,1,1,1,1,1,0.74
SYNTH_ILC_0022,ARISE,Illegal lane change,synthetic-topology-extension,fine,1,0,1,1,0,0,1,1,1,1,1,0.74
NHTSA_IOT_0001,ARISE,Illegal overtaking,NHTSA-derived,fine,1,0,0,1,0,0,1,1,1,1,0,0.7
NHTSA_IOT_0002,ARISE,Illegal overtaking,NHTSA-derived,fine,1,0,1,1,1,0,1,1,1,1,1,0.8400000000000001
NHTSA_IOT_0003,ARISE,Illegal overtaking,NHTSA-derived,fine,1,0,1,1,0,0,1,1,1,1,1,0.74
NHTSA_IOT_0004,ARISE,Illegal overtaking,NHTSA-derived,fine,0,0,1,,,,,,,,,
NHTSA_IOT_0005,ARISE,Illegal overtaking,NHTSA-derived,fine,1,0,1,1,1,0,1,1,1,1,1,0.8400000000000001
NHTSA_IOT_0006,ARISE,Illegal overtaking,NHTSA-derived,fine,1,0,0,1,0,0,1,1,1,1,0,0.7
NHTSA_IOT_0007,ARISE,Illegal overtaking,NHTSA-derived,fine,1,0,0,1,0,0,1,1,1,1,0,0.7
NHTSA_IOT_0008,ARISE,Illegal overtaking,NHTSA-derived,fine,1,0,1,1,1,0,1,1,1,1,1,0.8400000000000001
NHTSA_IOT_0009,ARISE,Illegal overtaking,NHTSA-derived,fine,1,0,1,1,1,0,1,1,1,1,1,0.8400000000000001
NHTSA_IOT_0010,ARISE,Illegal overtaking,NHTSA-derived,fine,1,0,0,1,0,0,1,1,1,1,0,0.7
NHTSA_IOT_0011,ARISE,Illegal overtaking,NHTSA-derived,fine,1,0,0,1,0,0,1,1,1,1,0,0.7
NHTSA_IOT_0012,ARISE,Illegal overtaking,NHTSA-derived,fine,1,0,1,1,1,0,1,1,1,1,1,0.8400000000000001
NHTSA_IOT_0013,ARISE,Illegal overtaking,NHTSA-derived,fine,1,0,0,1,0,0,1,1,1,1,0,0.7
NHTSA_IOT_0014,ARISE,Illegal overtaking,NHTSA-derived,fine,0,0,1,,,,,,,,,
NHTSA_IOT_0015,ARISE,Illegal overtaking,NHTSA-derived,fine,0,0,1,,,,,,,,,
NHTSA_IOT_0016,ARISE,Illegal overtaking,NHTSA-derived,fine,1,0,1,1,0,0,1,1,1,1,0,0.7
NHTSA_IOT_0017,ARISE,Illegal overtaking,NHTSA-derived,fine,1,0,1,1,0,0,1,1,1,1,1,0.74
NHTSA_IOT_0018,ARISE,Illegal overtaking,NHTSA-derived,fine,1,0,1,1,0,0,1,1,1,1,1,0.74
NHTSA_IOT_0019,ARISE,Illegal overtaking,NHTSA-derived,fine,1,0,1,1,0,0,1,1,1,1,1,0.74
NHTSA_IOT_0020,ARISE,Illegal overtaking,NHTSA-derived,fine,1,0,1,1,1,0,1,1,1,1,1,0.8400000000000001
NHTSA_IOT_0021,ARISE,Illegal overtaking,NHTSA-derived,fine,1,0,0,1,0,0,1,1,1,1,0,0.7
NHTSA_IOT_0022,ARISE,Illegal overtaking,NHTSA-derived,fine,1,0,1,1,1,0,1,1,1,1,1,0.8400000000000001
NHTSA_IOT_0023,ARISE,Illegal overtaking,NHTSA-derived,fine,1,0,1,1,1,0,1,1,1,1,1,0.8400000000000001
NHTSA_IOT_0024,ARISE,Illegal overtaking,NHTSA-derived,fine,1,0,1,1,0,0,1,1,1,1,1,0.74
NHTSA_IOT_0025,ARISE,Illegal overtaking,NHTSA-derived,fine,1,0,1,1,1,0,1,1,1,1,1,0.8400000000000001
NHTSA_IOT_0026,ARISE,Illegal overtaking,NHTSA-derived,fine,1,0,0,1,0,0,1,1,1,1,0,0.7
NHTSA_IOT_0027,ARISE,Illegal overtaking,NHTSA-derived,fine,0,0,1,,,,,,,,,
NHTSA_IOT_0028,ARISE,Illegal overtaking,NHTSA-derived,fine,0,0,1,,,,,,,,,
NHTSA_IOT_0029,ARISE,Illegal overtaking,NHTSA-derived,fine,1,0,1,1,0,0,1,1,1,1,1,0.74
NHTSA_IOT_0030,ARISE,Illegal overtaking,NHTSA-derived,fine,1,0,1,1,1,0,1,1,1,1,1,0.8400000000000001
NHTSA_IOT_0031,ARISE,Illegal overtaking,NHTSA-derived,fine,1,0,1,1,0,0,1,1,1,1,1,0.74
NHTSA_IOT_0032,ARISE,Illegal overtaking,NHTSA-derived,fine,0,0,1,,,,,,,,,
NHTSA_IOT_0033,ARISE,Illegal overtaking,NHTSA-derived,fine,0,0,1,,,,,,,,,
NHTSA_IOT_0034,ARISE,Illegal overtaking,NHTSA-derived,fine,1,0,1,1,0,0,1,1,1,1,1,0.74
NHTSA_IOT_0035,ARISE,Illegal overtaking,NHTSA-derived,fine,1,0,1,1,1,0,1,1,1,1,1,0.8400000000000001
NHTSA_IOT_0036,ARISE,Illegal overtaking,NHTSA-derived,fine,1,0,0,1,0,0,1,1,1,1,0,0.7
NHTSA_IOT_0037,ARISE,Illegal overtaking,NHTSA-derived,fine,1,0,1,1,1,0,1,1,1,1,1,0.8400000000000001
NHTSA_IOT_0038,ARISE,Illegal overtaking,NHTSA-derived,fine,0,0,1,,,,,,,,,
NHTSA_IOT_0039,ARISE,Illegal overtaking,NHTSA-derived,fine,1,0,1,1,0,0,1,1,1,1,1,0.74
NHTSA_IOT_0040,ARISE,Illegal overtaking,NHTSA-derived,fine,1,0,1,1,0,0,1,1,1,1,1,0.74
NHTSA_IOT_0041,ARISE,Illegal overtaking,NHTSA-derived,fine,1,0,0,1,0,0,1,1,1,1,0,0.7
NHTSA_IOT_0042,ARISE,Illegal overtaking,NHTSA-derived,fine,1,0,1,1,1,0,1,1,1,1,1,0.8400000000000001
NHTSA_IOT_0043,ARISE,Illegal overtaking,NHTSA-derived,fine,1,0,0,1,0,0,1,1,1,1,0,0.7
NHTSA_IOT_0044,ARISE,Illegal overtaking,NHTSA-derived,coarse,1,1,1,1,1,1,1,1,1,1,1,1
NHTSA_IOT_0045,ARISE,Illegal overtaking,NHTSA-derived,coarse,1,1,0,1,0,0,1,1,1,1,0,0.7
NHTSA_IOT_0046,ARISE,Illegal overtaking,NHTSA-derived,coarse,1,1,1,1,1,0,1,1,1,1,1,0.8400000000000001
NHTSA_IOT_0047,ARISE,Illegal overtaking,NHTSA-derived,coarse,1,1,1,1,1,0,1,1,1,1,1,0.8400000000000001
NHTSA_IOT_0048,ARISE,Illegal overtaking,NHTSA-derived,coarse,1,1,1,1,1,1,1,1,1,1,1,1
NHTSA_IOT_0049,ARISE,Illegal overtaking,NHTSA-derived,coarse,1,1,1,1,1,1,1,1,1,1,1,1
NHTSA_IOT_0050,ARISE,Illegal overtaking,NHTSA-derived,coarse,1,1,1,1,1,0,1,1,1,1,1,0.8400000000000001
NHTSA_IOT_0051,ARISE,Illegal overtaking,NHTSA-derived,coarse,1,1,1,1,1,1,1,1,1,1,1,1
NHTSA_IOT_0052,ARISE,Illegal overtaking,NHTSA-derived,coarse,1,1,1,1,1,1,1,1,1,1,1,1
SYNTH_IOT_0001,ARISE,Illegal overtaking,synthetic-topology-extension,fine,1,0,1,1,0,0,1,1,1,1,1,0.74
SYNTH_IOT_0002,ARISE,Illegal overtaking,synthetic-topology-extension,fine,0,0,0,,,,,,,,,
SYNTH_IOT_0003,ARISE,Illegal overtaking,synthetic-topology-extension,fine,1,0,1,1,1,0,1,1,1,1,1,0.8400000000000001
SYNTH_IOT_0004,ARISE,Illegal overtaking,synthetic-topology-extension,fine,1,0,1,1,1,0,1,1,1,1,1,0.8400000000000001
SYNTH_IOT_0005,ARISE,Illegal overtaking,synthetic-topology-extension,fine,1,0,1,1,1,0,1,1,1,1,1,0.8400000000000001
SYNTH_IOT_0006,ARISE,Illegal overtaking,synthetic-topology-extension,fine,1,0,0,1,0,0,1,1,1,1,0,0.7
SYNTH_IOT_0007,ARISE,Illegal overtaking,synthetic-topology-extension,fine,1,0,1,1,0,0,1,1,1,1,1,0.74
SYNTH_IOT_0008,ARISE,Illegal overtaking,synthetic-topology-extension,fine,1,0,1,1,1,0,1,1,1,1,1,0.8400000000000001
SYNTH_IOT_0009,ARISE,Illegal overtaking,synthetic-topology-extension,fine,1,0,1,1,1,0,1,1,1,1,1,0.8400000000000001
SYNTH_IOT_0010,ARISE,Illegal overtaking,synthetic-topology-extension,fine,1,0,1,1,1,0,1,1,1,1,1,0.8400000000000001
SYNTH_IOT_0011,ARISE,Illegal overtaking,synthetic-topology-extension,fine,0,0,1,,,,,,,,,
SYNTH_IOT_0012,ARISE,Illegal overtaking,synthetic-topology-extension,fine,1,0,1,1,1,0,1,1,1,1,1,0.8400000000000001
SYNTH_IOT_0013,ARISE,Illegal overtaking,synthetic-topology-extension,fine,1,0,1,1,1,0,1,1,1,1,1,0.8400000000000001
SYNTH_IOT_0014,ARISE,Illegal overtaking,synthetic-topology-extension,fine,1,0,1,1,0,0,1,1,1,1,0,0.7
SYNTH_IOT_0015,ARISE,Illegal overtaking,synthetic-topology-extension,fine,1,0,0,1,0,0,1,1,1,1,0,0.7
